-- phpMyAdmin SQL Dump
-- version 4.8.3
-- https://www.phpmyadmin.net/
--
-- Host: localhost:3306
-- Generation Time: 05 أبريل 2020 الساعة 10:54
-- إصدار الخادم: 5.6.41-84.1
-- PHP Version: 7.2.7

SET SQL_MODE = "NO_AUTO_VALUE_ON_ZERO";
SET AUTOCOMMIT = 0;
START TRANSACTION;
SET time_zone = "+00:00";


/*!40101 SET @OLD_CHARACTER_SET_CLIENT=@@CHARACTER_SET_CLIENT */;
/*!40101 SET @OLD_CHARACTER_SET_RESULTS=@@CHARACTER_SET_RESULTS */;
/*!40101 SET @OLD_COLLATION_CONNECTION=@@COLLATION_CONNECTION */;
/*!40101 SET NAMES utf8mb4 */;

--
-- Database: `hexa_lawyer`
--

-- --------------------------------------------------------

--
-- بنية الجدول `activities`
--

CREATE TABLE `activities` (
  `id` int(11) NOT NULL,
  `status` enum('active','not_active') NOT NULL DEFAULT 'active',
  `created_at` timestamp NOT NULL DEFAULT CURRENT_TIMESTAMP,
  `updated_at` timestamp NULL DEFAULT NULL,
  `deleted_at` timestamp NULL DEFAULT NULL
) ENGINE=InnoDB DEFAULT CHARSET=latin1;

--
-- إرجاع أو استيراد بيانات الجدول `activities`
--

INSERT INTO `activities` (`id`, `status`, `created_at`, `updated_at`, `deleted_at`) VALUES
(1, 'active', '2020-02-13 06:52:54', NULL, NULL),
(2, 'active', '2020-02-13 06:52:58', NULL, NULL),
(3, 'active', '2020-02-13 06:53:02', NULL, NULL),
(4, 'active', '2020-02-13 06:53:05', NULL, NULL),
(5, 'active', '2020-02-13 06:53:07', NULL, NULL),
(6, 'active', '2020-02-13 06:53:10', NULL, NULL),
(7, 'active', '2020-02-13 06:53:12', NULL, NULL),
(8, 'active', '2020-02-13 06:53:17', NULL, NULL),
(9, 'active', '2020-02-13 07:22:38', NULL, NULL);

-- --------------------------------------------------------

--
-- بنية الجدول `activities_projects`
--

CREATE TABLE `activities_projects` (
  `id` int(11) NOT NULL,
  `office_id` int(30) NOT NULL,
  `action_user_id` int(30) NOT NULL,
  `activity_id` int(11) NOT NULL,
  `project_id` int(11) NOT NULL,
  `created_at` timestamp NOT NULL DEFAULT CURRENT_TIMESTAMP,
  `updated_at` timestamp NULL DEFAULT NULL,
  `deleted_at` timestamp NULL DEFAULT NULL
) ENGINE=InnoDB DEFAULT CHARSET=latin1;

--
-- إرجاع أو استيراد بيانات الجدول `activities_projects`
--

INSERT INTO `activities_projects` (`id`, `office_id`, `action_user_id`, `activity_id`, `project_id`, `created_at`, `updated_at`, `deleted_at`) VALUES
(1, 176, 176, 1, 2, '2020-03-18 18:25:10', '2020-03-18 18:25:10', NULL),
(2, 176, 176, 1, 3, '2020-03-18 18:27:30', '2020-03-18 18:27:30', NULL),
(3, 176, 176, 6, 3, '2020-03-18 18:30:56', '2020-03-18 18:30:56', NULL),
(4, 176, 176, 6, 2, '2020-03-18 18:31:54', '2020-03-18 18:31:54', NULL),
(5, 176, 176, 3, 3, '2020-03-18 18:32:47', '2020-03-18 18:32:47', NULL),
(6, 176, 176, 3, 2, '2020-03-18 18:33:14', '2020-03-18 18:33:14', NULL),
(7, 176, 176, 8, 3, '2020-03-18 18:33:58', '2020-03-18 18:33:58', NULL),
(8, 176, 176, 8, 2, '2020-03-18 18:34:12', '2020-03-18 18:34:12', NULL),
(9, 176, 176, 4, 3, '2020-03-18 18:38:28', '2020-03-18 18:38:28', NULL),
(10, 176, 176, 4, 2, '2020-03-18 18:38:54', '2020-03-18 18:38:54', NULL),
(11, 176, 176, 3, 3, '2020-03-18 18:45:45', '2020-03-18 18:45:45', NULL),
(12, 176, 176, 4, 3, '2020-03-18 18:46:08', '2020-03-18 18:46:08', NULL),
(13, 176, 176, 5, 3, '2020-03-18 18:46:30', '2020-03-18 18:46:30', NULL),
(14, 176, 176, 6, 3, '2020-03-18 18:47:07', '2020-03-18 18:47:07', NULL),
(15, 176, 176, 7, 3, '2020-03-18 18:47:30', '2020-03-18 18:47:30', NULL),
(16, 176, 176, 1, 4, '2020-03-29 15:15:47', '2020-03-29 15:15:47', NULL),
(17, 176, 176, 6, 4, '2020-03-29 15:22:09', '2020-03-29 15:22:09', NULL),
(18, 176, 176, 9, 4, '2020-03-29 15:22:51', '2020-03-29 15:22:51', NULL),
(19, 176, 176, 3, 4, '2020-03-29 15:23:28', '2020-03-29 15:23:28', NULL),
(20, 176, 176, 5, 4, '2020-03-29 15:23:48', '2020-03-29 15:23:48', NULL),
(21, 176, 176, 5, 4, '2020-03-29 15:23:48', '2020-03-29 15:23:48', NULL),
(22, 176, 176, 5, 4, '2020-03-29 15:23:49', '2020-03-29 15:23:49', NULL),
(23, 176, 176, 5, 4, '2020-03-29 15:23:49', '2020-03-29 15:23:49', NULL),
(24, 176, 176, 5, 4, '2020-03-29 15:28:44', '2020-03-29 15:28:44', NULL),
(25, 176, 176, 5, 4, '2020-03-29 15:28:45', '2020-03-29 15:28:45', NULL),
(26, 176, 176, 5, 4, '2020-03-29 15:28:46', '2020-03-29 15:28:46', NULL),
(27, 176, 176, 5, 4, '2020-03-29 15:28:47', '2020-03-29 15:28:47', NULL),
(28, 176, 176, 3, 4, '2020-03-29 15:29:19', '2020-03-29 15:29:19', NULL),
(29, 176, 176, 3, 4, '2020-03-29 15:29:22', '2020-03-29 15:29:22', NULL),
(30, 176, 176, 3, 4, '2020-03-29 15:31:23', '2020-03-29 15:31:23', NULL),
(31, 176, 176, 3, 4, '2020-03-29 15:31:23', '2020-03-29 15:31:23', NULL),
(32, 176, 176, 3, 4, '2020-03-29 15:31:23', '2020-03-29 15:31:23', NULL),
(33, 176, 176, 3, 4, '2020-03-29 15:31:24', '2020-03-29 15:31:24', NULL),
(34, 176, 176, 3, 4, '2020-03-29 15:31:24', '2020-03-29 15:31:24', NULL),
(35, 176, 176, 3, 4, '2020-03-29 15:31:33', '2020-03-29 15:31:33', NULL),
(36, 176, 176, 3, 4, '2020-03-29 15:31:46', '2020-03-29 15:31:46', NULL),
(37, 176, 176, 6, 2, '2020-03-30 12:29:55', '2020-03-30 12:29:55', NULL),
(38, 176, 176, 6, 4, '2020-03-30 13:18:41', '2020-03-30 13:18:41', NULL),
(39, 176, 176, 1, 5, '2020-03-30 13:49:53', '2020-03-30 13:49:53', NULL),
(40, 176, 176, 6, 5, '2020-03-31 12:13:54', '2020-03-31 12:13:54', NULL),
(41, 176, 176, 6, 5, '2020-03-31 12:13:54', '2020-03-31 12:13:54', NULL),
(42, 176, 176, 6, 5, '2020-03-31 12:13:54', '2020-03-31 12:13:54', NULL),
(43, 176, 176, 6, 5, '2020-03-31 12:13:54', '2020-03-31 12:13:54', NULL),
(44, 176, 176, 6, 5, '2020-03-31 12:13:55', '2020-03-31 12:13:55', NULL),
(45, 176, 176, 6, 5, '2020-03-31 12:13:55', '2020-03-31 12:13:55', NULL),
(46, 176, 176, 6, 5, '2020-03-31 12:13:55', '2020-03-31 12:13:55', NULL),
(47, 176, 176, 6, 5, '2020-03-31 12:13:55', '2020-03-31 12:13:55', NULL),
(48, 176, 176, 6, 5, '2020-03-31 12:13:58', '2020-03-31 12:13:58', NULL),
(49, 176, 176, 3, 4, '2020-03-31 12:21:26', '2020-03-31 12:21:26', NULL),
(50, 176, 176, 3, 3, '2020-03-31 12:21:59', '2020-03-31 12:21:59', NULL),
(51, 176, 176, 3, 2, '2020-03-31 12:22:36', '2020-03-31 12:22:36', NULL),
(52, 176, 176, 4, 2, '2020-03-31 12:36:50', '2020-03-31 12:36:50', NULL),
(53, 176, 176, 1, 6, '2020-03-31 13:04:45', '2020-03-31 13:04:45', NULL),
(54, 176, 176, 1, 7, '2020-03-31 13:05:37', '2020-03-31 13:05:37', NULL),
(55, 176, 176, 3, 7, '2020-03-31 13:14:56', '2020-03-31 13:14:56', NULL),
(56, 176, 176, 4, 7, '2020-03-31 13:15:42', '2020-03-31 13:15:42', NULL),
(57, 176, 176, 5, 7, '2020-03-31 13:17:26', '2020-03-31 13:17:26', NULL),
(58, 176, 176, 6, 7, '2020-03-31 13:17:48', '2020-03-31 13:17:48', NULL),
(59, 176, 176, 6, 7, '2020-03-31 13:17:48', '2020-03-31 13:17:48', NULL),
(60, 176, 176, 6, 7, '2020-03-31 13:17:48', '2020-03-31 13:17:48', NULL),
(61, 176, 176, 6, 7, '2020-03-31 13:17:49', '2020-03-31 13:17:49', NULL),
(62, 176, 176, 6, 7, '2020-03-31 13:17:49', '2020-03-31 13:17:49', NULL),
(63, 176, 176, 6, 7, '2020-03-31 13:17:49', '2020-03-31 13:17:49', NULL),
(64, 176, 176, 6, 7, '2020-03-31 13:17:49', '2020-03-31 13:17:49', NULL),
(65, 176, 176, 6, 7, '2020-03-31 13:17:49', '2020-03-31 13:17:49', NULL),
(66, 176, 176, 6, 7, '2020-03-31 13:17:49', '2020-03-31 13:17:49', NULL),
(67, 176, 176, 6, 7, '2020-03-31 13:17:50', '2020-03-31 13:17:50', NULL),
(68, 176, 176, 6, 7, '2020-03-31 13:19:44', '2020-03-31 13:19:44', NULL),
(69, 176, 176, 4, 7, '2020-03-31 13:21:24', '2020-03-31 13:21:24', NULL),
(70, 176, 176, 6, 7, '2020-03-31 13:21:48', '2020-03-31 13:21:48', NULL),
(71, 176, 176, 7, 7, '2020-03-31 13:22:07', '2020-03-31 13:22:07', NULL),
(72, 176, 176, 3, 7, '2020-03-31 13:47:19', '2020-03-31 13:47:19', NULL),
(73, 176, 176, 8, 7, '2020-03-31 13:48:02', '2020-03-31 13:48:02', NULL),
(74, 176, 176, 8, 7, '2020-03-31 13:48:02', '2020-03-31 13:48:02', NULL),
(75, 176, 176, 8, 7, '2020-03-31 13:48:02', '2020-03-31 13:48:02', NULL),
(76, 176, 176, 8, 7, '2020-03-31 13:48:02', '2020-03-31 13:48:02', NULL),
(77, 176, 176, 8, 7, '2020-03-31 13:48:02', '2020-03-31 13:48:02', NULL),
(78, 176, 176, 8, 7, '2020-03-31 13:48:02', '2020-03-31 13:48:02', NULL),
(79, 176, 176, 8, 7, '2020-03-31 13:48:03', '2020-03-31 13:48:03', NULL),
(80, 176, 176, 8, 7, '2020-03-31 13:52:16', '2020-03-31 13:52:16', NULL),
(81, 176, 176, 3, 3, '2020-03-31 13:57:26', '2020-03-31 13:57:26', NULL),
(82, 176, 176, 3, 3, '2020-03-31 13:57:26', '2020-03-31 13:57:26', NULL),
(83, 176, 176, 3, 3, '2020-03-31 13:57:26', '2020-03-31 13:57:26', NULL),
(84, 176, 176, 3, 3, '2020-03-31 13:57:26', '2020-03-31 13:57:26', NULL),
(85, 176, 176, 3, 3, '2020-03-31 13:57:26', '2020-03-31 13:57:26', NULL),
(86, 176, 176, 3, 3, '2020-03-31 13:57:26', '2020-03-31 13:57:26', NULL),
(87, 176, 176, 3, 3, '2020-03-31 13:57:27', '2020-03-31 13:57:27', NULL),
(88, 176, 176, 3, 3, '2020-03-31 13:57:27', '2020-03-31 13:57:27', NULL),
(89, 176, 176, 3, 3, '2020-03-31 13:57:27', '2020-03-31 13:57:27', NULL),
(90, 176, 176, 3, 3, '2020-03-31 14:24:14', '2020-03-31 14:24:14', NULL),
(91, 176, 176, 4, 7, '2020-03-31 15:00:24', '2020-03-31 15:00:24', NULL),
(92, 176, 176, 1, 8, '2020-03-31 16:00:08', '2020-03-31 16:00:08', NULL),
(93, 176, 176, 1, 9, '2020-04-01 10:26:10', '2020-04-01 10:26:10', NULL),
(94, 176, 176, 1, 10, '2020-04-01 10:37:12', '2020-04-01 10:37:12', NULL),
(95, 176, 176, 1, 11, '2020-04-01 10:43:54', '2020-04-01 10:43:54', NULL),
(96, 176, 176, 1, 12, '2020-04-01 10:46:32', '2020-04-01 10:46:32', NULL),
(97, 176, 176, 1, 13, '2020-04-01 10:53:10', '2020-04-01 10:53:10', NULL),
(98, 176, 176, 1, 14, '2020-04-01 11:00:58', '2020-04-01 11:00:58', NULL),
(99, 176, 176, 1, 15, '2020-04-01 11:04:39', '2020-04-01 11:04:39', NULL),
(100, 176, 176, 1, 16, '2020-04-01 11:13:02', '2020-04-01 11:13:02', NULL),
(101, 176, 176, 1, 17, '2020-04-01 11:15:20', '2020-04-01 11:15:20', NULL),
(102, 176, 176, 1, 18, '2020-04-01 11:21:43', '2020-04-01 11:21:43', NULL),
(103, 176, 176, 1, 19, '2020-04-01 11:28:43', '2020-04-01 11:28:43', NULL),
(104, 176, 176, 1, 20, '2020-04-01 12:15:42', '2020-04-01 12:15:42', NULL),
(105, 176, 176, 9, 19, '2020-04-01 12:40:17', '2020-04-01 12:40:17', NULL),
(106, 176, 176, 9, 19, '2020-04-01 12:40:19', '2020-04-01 12:40:19', NULL),
(107, 176, 176, 2, 19, '2020-04-01 12:43:09', '2020-04-01 12:43:09', NULL),
(108, 176, 176, 2, 19, '2020-04-01 12:43:12', '2020-04-01 12:43:12', NULL),
(109, 176, 176, 2, 19, '2020-04-01 12:43:15', '2020-04-01 12:43:15', NULL),
(110, 176, 176, 1, 21, '2020-04-01 12:52:10', '2020-04-01 12:52:10', NULL),
(111, 176, 176, 2, 21, '2020-04-01 12:54:03', '2020-04-01 12:54:03', NULL),
(112, 176, 176, 2, 21, '2020-04-01 12:54:33', '2020-04-01 12:54:33', NULL),
(113, 176, 176, 2, 21, '2020-04-01 13:08:37', '2020-04-01 13:08:37', NULL),
(114, 176, 176, 1, 22, '2020-04-02 13:48:32', '2020-04-02 13:48:32', NULL),
(115, 176, 176, 2, 22, '2020-04-02 13:50:00', '2020-04-02 13:50:00', NULL),
(116, 176, 176, 2, 22, '2020-04-02 13:50:19', '2020-04-02 13:50:19', NULL),
(117, 176, 176, 2, 22, '2020-04-02 13:50:55', '2020-04-02 13:50:55', NULL),
(118, 176, 176, 3, 21, '2020-04-02 14:00:56', '2020-04-02 14:00:56', NULL),
(119, 176, 176, 3, 21, '2020-04-02 14:02:57', '2020-04-02 14:02:57', NULL),
(120, 176, 176, 3, 2, '2020-04-02 17:58:55', '2020-04-02 17:58:55', NULL),
(121, 176, 176, 3, 3, '2020-04-02 18:01:26', '2020-04-02 18:01:26', NULL),
(122, 176, 176, 4, 21, '2020-04-02 18:08:11', '2020-04-02 18:08:11', NULL),
(123, 176, 176, 2, 21, '2020-04-05 09:32:29', '2020-04-05 09:32:29', NULL),
(124, 176, 176, 3, 7, '2020-04-05 12:05:31', '2020-04-05 12:05:31', NULL),
(125, 176, 176, 3, 7, '2020-04-05 12:16:46', '2020-04-05 12:16:46', NULL),
(126, 176, 176, 3, 7, '2020-04-05 12:18:43', '2020-04-05 12:18:43', NULL),
(127, 176, 176, 4, 21, '2020-04-05 13:53:23', '2020-04-05 13:53:23', NULL),
(128, 176, 176, 4, 21, '2020-04-05 13:53:28', '2020-04-05 13:53:28', NULL),
(129, 176, 176, 3, 21, '2020-04-05 14:09:07', '2020-04-05 14:09:07', NULL),
(130, 176, 176, 4, 21, '2020-04-05 14:09:44', '2020-04-05 14:09:44', NULL),
(131, 176, 176, 4, 21, '2020-04-05 14:09:44', '2020-04-05 14:09:44', NULL),
(132, 176, 176, 4, 21, '2020-04-05 14:09:44', '2020-04-05 14:09:44', NULL),
(133, 176, 176, 4, 21, '2020-04-05 14:09:44', '2020-04-05 14:09:44', NULL),
(134, 176, 176, 4, 21, '2020-04-05 14:09:44', '2020-04-05 14:09:44', NULL),
(135, 176, 176, 4, 21, '2020-04-05 14:09:44', '2020-04-05 14:09:44', NULL),
(136, 176, 176, 5, 21, '2020-04-05 14:13:45', '2020-04-05 14:13:45', NULL),
(137, 176, 176, 6, 21, '2020-04-05 14:14:17', '2020-04-05 14:14:17', NULL),
(138, 176, 176, 6, 21, '2020-04-05 14:18:51', '2020-04-05 14:18:51', NULL),
(139, 176, 176, 6, 21, '2020-04-05 14:20:34', '2020-04-05 14:20:34', NULL),
(140, 176, 176, 6, 21, '2020-04-05 14:31:05', '2020-04-05 14:31:05', NULL),
(141, 176, 176, 7, 21, '2020-04-05 14:31:34', '2020-04-05 14:31:34', NULL),
(142, 176, 176, 3, 21, '2020-04-05 14:39:59', '2020-04-05 14:39:59', NULL),
(143, 176, 176, 8, 7, '2020-04-05 14:45:58', '2020-04-05 14:45:58', NULL),
(144, 176, 176, 8, 6, '2020-04-05 14:46:11', '2020-04-05 14:46:11', NULL),
(145, 176, 176, 3, 2, '2020-04-05 14:57:19', '2020-04-05 14:57:19', NULL),
(146, 176, 176, 3, 5, '2020-04-05 14:58:36', '2020-04-05 14:58:36', NULL),
(147, 176, 176, 3, 3, '2020-04-05 14:59:54', '2020-04-05 14:59:54', NULL),
(148, 176, 176, 3, 5, '2020-04-05 15:01:26', '2020-04-05 15:01:26', NULL),
(149, 176, 176, 3, 21, '2020-04-05 16:15:26', '2020-04-05 16:15:26', NULL),
(150, 176, 176, 3, 21, '2020-04-05 16:46:16', '2020-04-05 16:46:16', NULL),
(151, 176, 176, 3, 21, '2020-04-05 16:46:38', '2020-04-05 16:46:38', NULL);

-- --------------------------------------------------------

--
-- بنية الجدول `activity_translations`
--

CREATE TABLE `activity_translations` (
  `id` int(30) NOT NULL,
  `activity_id` int(30) NOT NULL,
  `locale` varchar(30) NOT NULL,
  `name` varchar(300) CHARACTER SET utf8mb4 NOT NULL,
  `created_at` timestamp NOT NULL DEFAULT CURRENT_TIMESTAMP,
  `updated_at` timestamp NULL DEFAULT NULL,
  `deleted_at` timestamp NULL DEFAULT NULL
) ENGINE=InnoDB DEFAULT CHARSET=latin1;

--
-- إرجاع أو استيراد بيانات الجدول `activity_translations`
--

INSERT INTO `activity_translations` (`id`, `activity_id`, `locale`, `name`, `created_at`, `updated_at`, `deleted_at`) VALUES
(5, 1, 'ar', 'إنشاء المشروع وإدخال البيانات الخاصة به', '2020-02-13 06:54:32', NULL, NULL),
(6, 1, 'en', 'Create the project and enter its data', '2020-02-13 06:54:32', NULL, NULL),
(7, 2, 'ar', 'تعديل بيانات المشروع', '2020-02-13 06:55:11', NULL, NULL),
(8, 2, 'en', 'Modify project data', '2020-02-13 06:55:11', NULL, NULL),
(9, 3, 'ar', 'إضافة ساعات للمشروع', '2020-02-13 06:55:47', NULL, NULL),
(10, 3, 'en', 'Add hours to the project', '2020-02-13 06:55:47', NULL, NULL),
(11, 4, 'ar', 'إضافة مصروفات للمشروع', '2020-02-13 06:56:28', NULL, NULL),
(12, 4, 'en', 'Add expenses to the project', '2020-02-13 06:56:28', NULL, NULL),
(13, 5, 'ar', 'إضافة ملاحظات للمشروع', '2020-02-13 06:57:11', NULL, NULL),
(14, 5, 'en', 'Add notes to the project', '2020-02-13 06:57:11', NULL, NULL),
(15, 6, 'ar', 'إضافة مهام للمشروع', '2020-02-13 06:57:48', NULL, NULL),
(16, 6, 'en', 'Add tasks to the project', '2020-02-13 06:57:48', NULL, NULL),
(17, 7, 'ar', 'إضافة مرفقات للمشروع', '2020-02-13 06:58:21', NULL, NULL),
(18, 7, 'en', 'Add attachments to the project', '2020-02-13 06:58:21', NULL, NULL),
(19, 8, 'ar', 'إضافة مستندات للمشروع', '2020-02-13 06:59:24', NULL, NULL),
(20, 8, 'en', 'Add documents to the project', '2020-02-13 06:59:24', NULL, NULL),
(21, 9, 'ar', 'تغيير حالة المشروع', '2020-02-13 07:23:23', NULL, NULL),
(22, 9, 'en', 'Change Project Status', '2020-02-13 07:23:23', NULL, NULL);

-- --------------------------------------------------------

--
-- بنية الجدول `admins`
--

CREATE TABLE `admins` (
  `id` int(10) UNSIGNED NOT NULL,
  `name` varchar(191) COLLATE utf8mb4_unicode_ci NOT NULL,
  `email` varchar(191) COLLATE utf8mb4_unicode_ci NOT NULL,
  `image` varchar(300) COLLATE utf8mb4_unicode_ci DEFAULT NULL,
  `mobile` varchar(30) COLLATE utf8mb4_unicode_ci NOT NULL,
  `password` varchar(191) COLLATE utf8mb4_unicode_ci NOT NULL,
  `remember_token` varchar(100) COLLATE utf8mb4_unicode_ci DEFAULT NULL,
  `status` enum('active','not_active') COLLATE utf8mb4_unicode_ci NOT NULL DEFAULT 'active',
  `created_at` timestamp NULL DEFAULT NULL,
  `updated_at` timestamp NULL DEFAULT NULL,
  `deleted_at` timestamp NULL DEFAULT NULL
) ENGINE=InnoDB DEFAULT CHARSET=utf8mb4 COLLATE=utf8mb4_unicode_ci ROW_FORMAT=COMPACT;

--
-- إرجاع أو استيراد بيانات الجدول `admins`
--

INSERT INTO `admins` (`id`, `name`, `email`, `image`, `mobile`, `password`, `remember_token`, `status`, `created_at`, `updated_at`, `deleted_at`) VALUES
(1, 'mohamed', 'm@gmail.com', NULL, '7634578346', '$2y$10$UvP7rDSrtNYaJCsgIaNtyueBg9ZxJqfZokzLEo8r.w7mnKpuvIMJW', 'foGy6158bjUKTZFbGqYCLV9OkmP7atVjmRud6AOynY3wzGHri6UoEZSDaqBD', 'active', NULL, '2019-10-17 04:50:42', NULL),
(3, 'test admin', 'test_admin@gmail.com', NULL, '222244441', '$2y$10$gabmlLgbLipa/QafpF6gqewmZAphhvyPc9gmg6jsdl126495O89N6', 'XfXpi2OFfuCLStHWQfY430RFKXHVmd01FFFkkeXghzgJYEDCMXeoBDh09NxV', 'active', '2019-04-10 11:49:52', '2019-04-10 11:49:52', NULL),
(5, 'Nabil A. O. Tayeh', 'nabil@hexa.com', NULL, '0599303111', '$2y$10$n0fUBDCuVBIScX8o.q8uMOKVq2kxJWBXz51c2AccFKq1yWicBHmjy', 'qeMF58raruLd0HVeqaivgP11mrs9OFGtxeiE0TlKkTpSIOdjBgupVkd0dVvc', 'active', '2019-09-04 09:36:26', '2019-10-02 04:19:50', NULL);

-- --------------------------------------------------------

--
-- بنية الجدول `admin_password_resets`
--

CREATE TABLE `admin_password_resets` (
  `email` varchar(191) COLLATE utf8_unicode_ci NOT NULL,
  `token` varchar(191) COLLATE utf8_unicode_ci NOT NULL,
  `created_at` timestamp NOT NULL DEFAULT CURRENT_TIMESTAMP
) ENGINE=MyISAM DEFAULT CHARSET=utf8 COLLATE=utf8_unicode_ci;

--
-- إرجاع أو استيراد بيانات الجدول `admin_password_resets`
--

INSERT INTO `admin_password_resets` (`email`, `token`, `created_at`) VALUES
('m@gmail.com', '$2y$10$1hT.tT7mwAOnTD/eNxeSqOXeyc6WWEk7ihSiWo37dLx8R4m.PCUi.', '2018-05-22 13:26:29');

-- --------------------------------------------------------

--
-- بنية الجدول `areas`
--

CREATE TABLE `areas` (
  `id` int(11) NOT NULL,
  `address` varchar(350) COLLATE utf8mb4_unicode_ci DEFAULT NULL,
  `block_id` varchar(250) COLLATE utf8mb4_unicode_ci DEFAULT NULL,
  `latitude` varchar(350) COLLATE utf8mb4_unicode_ci NOT NULL,
  `longitude` varchar(350) COLLATE utf8mb4_unicode_ci NOT NULL,
  `status` enum('active','not_active') COLLATE utf8mb4_unicode_ci NOT NULL DEFAULT 'active',
  `created_at` datetime NOT NULL,
  `updated_at` datetime DEFAULT NULL,
  `deleted_at` datetime DEFAULT NULL
) ENGINE=InnoDB DEFAULT CHARSET=utf8mb4 COLLATE=utf8mb4_unicode_ci;

--
-- إرجاع أو استيراد بيانات الجدول `areas`
--

INSERT INTO `areas` (`id`, `address`, `block_id`, `latitude`, `longitude`, `status`, `created_at`, `updated_at`, `deleted_at`) VALUES
(1, 'الرياض - السلمانية', '11', '24.720576', '46.691504', 'active', '2019-06-17 14:40:38', '2019-06-17 14:40:38', NULL),
(2, 'الرياض - المرسلات', NULL, '24.793557', '46.721968', 'active', '2019-06-17 14:41:15', '2019-06-17 14:41:15', NULL),
(3, 'الرياض - المشاعل', NULL, '24.655014', '46.853511', 'active', '2019-06-17 14:42:44', '2019-06-17 14:42:44', NULL),
(4, 'الرياض - النسيم', NULL, '24.763886', '46.840927', 'active', '2019-06-17 14:43:35', '2019-06-17 14:43:35', NULL),
(5, 'الرياض - الرائد', NULL, '24.720354', '46.646218', 'active', '2019-06-17 14:44:21', '2019-06-17 14:44:21', NULL),
(6, 'الرياض - السفارات', NULL, '24.693786', '46.628008', 'active', '2019-06-17 14:45:16', '2019-06-30 09:31:08', NULL),
(7, 'الرياض - المربع', NULL, '24.655582', '46.698271', 'active', '2019-06-17 14:46:44', '2019-06-30 09:22:21', NULL),
(8, 'الرياض - الملز', NULL, '24.665783', '46.730602', 'active', '2019-06-17 14:47:33', '2019-06-30 09:30:14', NULL),
(9, 'جدة', NULL, '21.701413', '39.092305', 'active', '2019-06-17 16:25:51', '2019-06-20 11:54:36', NULL),
(10, 'الشرقية', NULL, '27.691403', '48.844407', 'active', '2019-06-20 11:55:25', '2019-06-20 11:55:25', NULL),
(12, 'test', NULL, '24.825823', '46.614006', 'active', '2019-06-26 14:47:06', '2019-06-26 16:28:45', NULL),
(13, 'الشرق الأوسط', NULL, '31.407426', '34.308125', 'active', '2019-06-26 15:41:23', '2019-06-27 09:27:40', NULL),
(14, 'test5', NULL, '24.827864', '46.814013', 'active', '2019-07-10 00:12:45', '2019-07-10 00:52:31', NULL),
(15, '7866 شارع سلمان الفارسي', NULL, '24.788226', '46.804845', 'active', '2019-07-11 22:39:57', '2019-07-11 22:39:57', NULL);

-- --------------------------------------------------------

--
-- بنية الجدول `areas_points`
--

CREATE TABLE `areas_points` (
  `id` int(30) NOT NULL,
  `area_id` int(30) NOT NULL,
  `latitude` varchar(300) NOT NULL,
  `longitude` varchar(300) NOT NULL,
  `created_at` timestamp NOT NULL DEFAULT CURRENT_TIMESTAMP,
  `updated_at` timestamp NOT NULL DEFAULT '0000-00-00 00:00:00',
  `deleted_at` timestamp NULL DEFAULT NULL
) ENGINE=MyISAM DEFAULT CHARSET=latin1;

--
-- إرجاع أو استيراد بيانات الجدول `areas_points`
--

INSERT INTO `areas_points` (`id`, `area_id`, `latitude`, `longitude`, `created_at`, `updated_at`, `deleted_at`) VALUES
(1, 1, '24.720576', '46.691504', '2019-06-17 21:40:38', '2019-06-20 19:10:47', '2019-06-20 19:10:47'),
(2, 1, '24.697184', '46.735793', '2019-06-17 21:40:38', '2019-06-20 19:10:47', '2019-06-20 19:10:47'),
(3, 1, '24.683771', '46.6994', '2019-06-17 21:40:38', '2019-06-20 19:10:47', '2019-06-20 19:10:47'),
(4, 1, '24.715274', '46.680861', '2019-06-17 21:40:38', '2019-06-20 19:10:47', '2019-06-20 19:10:47'),
(5, 2, '24.793557', '46.721968', '2019-06-17 21:41:15', '2019-06-20 19:11:16', '2019-06-20 19:11:16'),
(6, 2, '24.758644', '46.73879', '2019-06-17 21:41:15', '2019-06-20 19:11:16', '2019-06-20 19:11:16'),
(7, 2, '24.729335', '46.661886', '2019-06-17 21:41:15', '2019-06-20 19:11:16', '2019-06-20 19:11:16'),
(8, 2, '24.762073', '46.647466', '2019-06-17 21:41:15', '2019-06-20 19:11:16', '2019-06-20 19:11:16'),
(9, 3, '24.655014', '46.853511', '2019-06-17 21:42:44', '2019-06-20 19:11:30', '2019-06-20 19:11:30'),
(10, 3, '24.650957', '46.867244', '2019-06-17 21:42:44', '2019-06-20 19:11:30', '2019-06-20 19:11:30'),
(11, 3, '24.635355', '46.88132', '2019-06-17 21:42:44', '2019-06-20 19:11:30', '2019-06-20 19:11:30'),
(12, 3, '24.608201', '46.893336', '2019-06-17 21:42:44', '2019-06-20 19:11:30', '2019-06-20 19:11:30'),
(13, 3, '24.59072', '46.894023', '2019-06-17 21:42:44', '2019-06-20 19:11:30', '2019-06-20 19:11:30'),
(14, 3, '24.582603', '46.868274', '2019-06-17 21:42:44', '2019-06-20 19:11:30', '2019-06-20 19:11:30'),
(15, 3, '24.595715', '46.833598', '2019-06-17 21:42:44', '2019-06-20 19:11:30', '2019-06-20 19:11:30'),
(16, 3, '24.616317', '46.811625', '2019-06-17 21:42:44', '2019-06-20 19:11:30', '2019-06-20 19:11:30'),
(17, 3, '24.63317', '46.805102', '2019-06-17 21:42:44', '2019-06-20 19:11:30', '2019-06-20 19:11:30'),
(18, 3, '24.650333', '46.842524', '2019-06-17 21:42:44', '2019-06-20 19:11:30', '2019-06-20 19:11:30'),
(19, 4, '24.763886', '46.840927', '2019-06-17 21:43:35', '2019-06-20 19:11:49', '2019-06-20 19:11:49'),
(20, 4, '24.723975', '46.867362', '2019-06-17 21:43:35', '2019-06-20 19:11:49', '2019-06-20 19:11:49'),
(21, 4, '24.699025', '46.82685', '2019-06-17 21:43:35', '2019-06-20 19:11:49', '2019-06-20 19:11:49'),
(22, 4, '24.737696', '46.799728', '2019-06-17 21:43:35', '2019-06-20 19:11:49', '2019-06-20 19:11:49'),
(23, 4, '24.760768', '46.836463', '2019-06-17 21:43:35', '2019-06-20 19:11:49', '2019-06-20 19:11:49'),
(24, 5, '24.720354', '46.646218', '2019-06-17 21:44:21', '2019-06-20 19:12:27', '2019-06-20 19:12:27'),
(25, 5, '24.704293', '46.654286', '2019-06-17 21:44:21', '2019-06-20 19:12:27', '2019-06-20 19:12:27'),
(26, 5, '24.693843', '46.629395', '2019-06-17 21:44:21', '2019-06-20 19:12:27', '2019-06-20 19:12:27'),
(27, 5, '24.704293', '46.623558', '2019-06-17 21:44:21', '2019-06-20 19:12:27', '2019-06-20 19:12:27'),
(28, 5, '24.714117', '46.632313', '2019-06-17 21:44:21', '2019-06-20 19:12:27', '2019-06-20 19:12:27'),
(29, 6, '24.702842', '46.683111', '2019-06-17 21:45:16', '2019-06-18 15:28:19', '2019-06-18 15:28:19'),
(30, 6, '24.694757', '46.629922', '2019-06-17 21:45:16', '2019-06-18 15:28:19', '2019-06-18 15:28:19'),
(31, 6, '24.675572', '46.640222', '2019-06-17 21:45:16', '2019-06-18 15:28:19', '2019-06-18 15:28:19'),
(32, 6, '24.663717', '46.614473', '2019-06-17 21:45:16', '2019-06-18 15:28:19', '2019-06-18 15:28:19'),
(33, 6, '24.668085', '46.606405', '2019-06-17 21:45:16', '2019-06-18 15:28:19', '2019-06-18 15:28:19'),
(34, 6, '24.681655', '46.60795', '2019-06-17 21:45:16', '2019-06-18 15:28:19', '2019-06-18 15:28:19'),
(35, 6, '24.694445', '46.617048', '2019-06-17 21:45:16', '2019-06-18 15:28:19', '2019-06-18 15:28:19'),
(36, 7, '24.666923', '46.72736', '2019-06-17 21:46:44', '2019-06-30 16:21:36', '2019-06-30 16:21:36'),
(37, 7, '24.667235', '46.713112', '2019-06-17 21:46:44', '2019-06-30 16:21:36', '2019-06-30 16:21:36'),
(38, 7, '24.660995', '46.700924', '2019-06-17 21:46:44', '2019-06-30 16:21:36', '2019-06-30 16:21:36'),
(39, 7, '24.644457', '46.702813', '2019-06-17 21:46:44', '2019-06-30 16:21:36', '2019-06-30 16:21:36'),
(40, 7, '24.646329', '46.714142', '2019-06-17 21:46:44', '2019-06-30 16:21:36', '2019-06-30 16:21:36'),
(41, 7, '24.654286', '46.716545', '2019-06-17 21:46:44', '2019-06-30 16:21:36', '2019-06-30 16:21:36'),
(42, 7, '24.660839', '46.729763', '2019-06-17 21:46:44', '2019-06-30 16:21:36', '2019-06-30 16:21:36'),
(43, 8, '24.693297', '46.720989', '2019-06-17 21:47:33', '2019-06-30 16:30:14', '2019-06-30 16:30:14'),
(44, 8, '24.657576', '46.763733', '2019-06-17 21:47:33', '2019-06-30 16:30:14', '2019-06-30 16:30:14'),
(45, 8, '24.650867', '46.735065', '2019-06-17 21:47:33', '2019-06-30 16:30:14', '2019-06-30 16:30:14'),
(46, 8, '24.650867', '46.715839', '2019-06-17 21:47:33', '2019-06-30 16:30:14', '2019-06-30 16:30:14'),
(47, 8, '24.692829', '46.717556', '2019-06-17 21:47:33', '2019-06-30 16:30:14', '2019-06-30 16:30:14'),
(48, 9, '25.449243', '43.725911', '2019-06-17 23:25:51', '2019-06-17 23:30:24', '2019-06-17 23:30:24'),
(49, 9, '24.538145', '42.462483', '2019-06-17 23:25:51', '2019-06-17 23:30:24', '2019-06-17 23:30:24'),
(50, 9, '24.957192', '42.429524', '2019-06-17 23:25:51', '2019-06-17 23:30:24', '2019-06-17 23:30:24'),
(51, 9, '25.379781', '41.968098', '2019-06-17 23:25:51', '2019-06-17 23:30:24', '2019-06-17 23:30:24'),
(52, 9, '25.647485', '42.402058', '2019-06-17 23:25:51', '2019-06-17 23:30:24', '2019-06-17 23:30:24'),
(53, 9, '25.345035', '42.737141', '2019-06-17 23:25:51', '2019-06-17 23:30:24', '2019-06-17 23:30:24'),
(54, 9, '25.647485', '43.09969', '2019-06-17 23:25:51', '2019-06-17 23:30:24', '2019-06-17 23:30:24'),
(55, 9, '25.593001', '43.32491', '2019-06-17 23:25:51', '2019-06-17 23:30:24', '2019-06-17 23:30:24'),
(56, 9, '26.278696', '46.155018', '2019-06-17 23:30:24', '2019-06-17 23:30:43', '2019-06-17 23:30:43'),
(57, 9, '26.188771', '46.30608', '2019-06-17 23:30:24', '2019-06-17 23:30:43', '2019-06-17 23:30:43'),
(58, 9, '26.070409', '46.266255', '2019-06-17 23:30:24', '2019-06-17 23:30:43', '2019-06-17 23:30:43'),
(59, 9, '26.055605', '46.152271', '2019-06-17 23:30:24', '2019-06-17 23:30:43', '2019-06-17 23:30:43'),
(60, 9, '26.100011', '46.008076', '2019-06-17 23:30:24', '2019-06-17 23:30:43', '2019-06-17 23:30:43'),
(61, 9, '26.18261', '45.966877', '2019-06-17 23:30:24', '2019-06-17 23:30:43', '2019-06-17 23:30:43'),
(62, 9, '26.278696', '46.155018', '2019-06-17 23:30:43', '2019-06-20 18:54:36', '2019-06-20 18:54:36'),
(63, 9, '26.188771', '46.30608', '2019-06-17 23:30:43', '2019-06-20 18:54:36', '2019-06-20 18:54:36'),
(64, 9, '26.070409', '46.266255', '2019-06-17 23:30:43', '2019-06-20 18:54:36', '2019-06-20 18:54:36'),
(65, 9, '26.055605', '46.152271', '2019-06-17 23:30:43', '2019-06-20 18:54:36', '2019-06-20 18:54:36'),
(66, 9, '26.100011', '46.008076', '2019-06-17 23:30:43', '2019-06-20 18:54:36', '2019-06-20 18:54:36'),
(67, 9, '26.18261', '45.966877', '2019-06-17 23:30:43', '2019-06-20 18:54:36', '2019-06-20 18:54:36'),
(68, 6, '24.702842', '46.683111', '2019-06-18 15:28:19', '2019-06-20 19:12:40', '2019-06-20 19:12:40'),
(69, 6, '24.694757', '46.629922', '2019-06-18 15:28:19', '2019-06-20 19:12:40', '2019-06-20 19:12:40'),
(70, 6, '24.675572', '46.640222', '2019-06-18 15:28:19', '2019-06-20 19:12:40', '2019-06-20 19:12:40'),
(71, 6, '24.663717', '46.614473', '2019-06-18 15:28:19', '2019-06-20 19:12:40', '2019-06-20 19:12:40'),
(72, 6, '24.668085', '46.606405', '2019-06-18 15:28:19', '2019-06-20 19:12:40', '2019-06-20 19:12:40'),
(73, 6, '24.681655', '46.60795', '2019-06-18 15:28:19', '2019-06-20 19:12:40', '2019-06-20 19:12:40'),
(74, 6, '24.694445', '46.617048', '2019-06-18 15:28:19', '2019-06-20 19:12:40', '2019-06-20 19:12:40'),
(75, 9, '21.701413', '39.092305', '2019-06-20 18:54:36', '2019-06-20 18:54:36', NULL),
(76, 9, '21.784327', '39.16509', '2019-06-20 18:54:36', '2019-06-20 18:54:36', NULL),
(77, 9, '21.627389', '39.276326', '2019-06-20 18:54:36', '2019-06-20 18:54:36', NULL),
(78, 9, '21.51117', '39.332631', '2019-06-20 18:54:36', '2019-06-20 18:54:36', NULL),
(79, 9, '21.451109', '39.287313', '2019-06-20 18:54:36', '2019-06-20 18:54:36', NULL),
(80, 9, '21.426822', '39.192555', '2019-06-20 18:54:36', '2019-06-20 18:54:36', NULL),
(81, 9, '21.430657', '39.171956', '2019-06-20 18:54:36', '2019-06-20 18:54:36', NULL),
(82, 9, '21.47667', '39.14861', '2019-06-20 18:54:36', '2019-06-20 18:54:36', NULL),
(83, 9, '21.520114', '39.151357', '2019-06-20 18:54:36', '2019-06-20 18:54:36', NULL),
(84, 9, '21.517559', '39.130757', '2019-06-20 18:54:36', '2019-06-20 18:54:36', NULL),
(85, 9, '21.692481', '39.092305', '2019-06-20 18:54:36', '2019-06-20 18:54:36', NULL),
(86, 10, '27.691403', '48.844407', '2019-06-20 18:55:25', '2019-06-20 19:12:55', '2019-06-20 19:12:55'),
(87, 10, '27.38942', '48.097337', '2019-06-20 18:55:25', '2019-06-20 19:12:55', '2019-06-20 19:12:55'),
(88, 10, '25.371918', '48.954271', '2019-06-20 18:55:25', '2019-06-20 19:12:55', '2019-06-20 19:12:55'),
(89, 10, '25.163279', '50.305589', '2019-06-20 18:55:25', '2019-06-20 19:12:55', '2019-06-20 19:12:55'),
(90, 10, '25.39177', '50.536302', '2019-06-20 18:55:25', '2019-06-20 19:12:55', '2019-06-20 19:12:55'),
(91, 10, '25.985793', '50.06389', '2019-06-20 18:55:25', '2019-06-20 19:12:55', '2019-06-20 19:12:55'),
(92, 10, '26.517863', '50.316575', '2019-06-20 18:55:25', '2019-06-20 19:12:55', '2019-06-20 19:12:55'),
(93, 1, '24.720576', '46.691504', '2019-06-20 19:10:47', '2019-06-23 23:46:41', '2019-06-23 23:46:41'),
(94, 1, '24.697184', '46.735793', '2019-06-20 19:10:47', '2019-06-23 23:46:41', '2019-06-23 23:46:41'),
(95, 1, '24.683771', '46.6994', '2019-06-20 19:10:47', '2019-06-23 23:46:41', '2019-06-23 23:46:41'),
(96, 1, '24.715274', '46.680861', '2019-06-20 19:10:47', '2019-06-23 23:46:41', '2019-06-23 23:46:41'),
(97, 2, '24.793557', '46.721968', '2019-06-20 19:11:16', '2019-06-20 19:11:16', NULL),
(98, 2, '24.758644', '46.73879', '2019-06-20 19:11:16', '2019-06-20 19:11:16', NULL),
(99, 2, '24.729335', '46.661886', '2019-06-20 19:11:16', '2019-06-20 19:11:16', NULL),
(100, 2, '24.762073', '46.647466', '2019-06-20 19:11:16', '2019-06-20 19:11:16', NULL),
(101, 3, '24.655014', '46.853511', '2019-06-20 19:11:30', '2019-06-20 19:11:30', NULL),
(102, 3, '24.650957', '46.867244', '2019-06-20 19:11:30', '2019-06-20 19:11:30', NULL),
(103, 3, '24.635355', '46.88132', '2019-06-20 19:11:30', '2019-06-20 19:11:30', NULL),
(104, 3, '24.608201', '46.893336', '2019-06-20 19:11:30', '2019-06-20 19:11:30', NULL),
(105, 3, '24.59072', '46.894023', '2019-06-20 19:11:30', '2019-06-20 19:11:30', NULL),
(106, 3, '24.582603', '46.868274', '2019-06-20 19:11:30', '2019-06-20 19:11:30', NULL),
(107, 3, '24.595715', '46.833598', '2019-06-20 19:11:30', '2019-06-20 19:11:30', NULL),
(108, 3, '24.616317', '46.811625', '2019-06-20 19:11:30', '2019-06-20 19:11:30', NULL),
(109, 3, '24.63317', '46.805102', '2019-06-20 19:11:30', '2019-06-20 19:11:30', NULL),
(110, 3, '24.650333', '46.842524', '2019-06-20 19:11:30', '2019-06-20 19:11:30', NULL),
(111, 4, '24.763886', '46.840927', '2019-06-20 19:11:49', '2019-06-20 19:11:49', NULL),
(112, 4, '24.723975', '46.867362', '2019-06-20 19:11:49', '2019-06-20 19:11:49', NULL),
(113, 4, '24.699025', '46.82685', '2019-06-20 19:11:49', '2019-06-20 19:11:49', NULL),
(114, 4, '24.737696', '46.799728', '2019-06-20 19:11:49', '2019-06-20 19:11:49', NULL),
(115, 4, '24.760768', '46.836463', '2019-06-20 19:11:49', '2019-06-20 19:11:49', NULL),
(116, 5, '24.720354', '46.646218', '2019-06-20 19:12:27', '2019-06-20 19:12:27', NULL),
(117, 5, '24.704293', '46.654286', '2019-06-20 19:12:27', '2019-06-20 19:12:27', NULL),
(118, 5, '24.693843', '46.629395', '2019-06-20 19:12:27', '2019-06-20 19:12:27', NULL),
(119, 5, '24.704293', '46.623558', '2019-06-20 19:12:27', '2019-06-20 19:12:27', NULL),
(120, 5, '24.714117', '46.632313', '2019-06-20 19:12:27', '2019-06-20 19:12:27', NULL),
(121, 6, '24.702842', '46.683111', '2019-06-20 19:12:40', '2019-06-30 16:31:08', '2019-06-30 16:31:08'),
(122, 6, '24.694757', '46.629922', '2019-06-20 19:12:40', '2019-06-30 16:31:08', '2019-06-30 16:31:08'),
(123, 6, '24.675572', '46.640222', '2019-06-20 19:12:40', '2019-06-30 16:31:08', '2019-06-30 16:31:08'),
(124, 6, '24.663717', '46.614473', '2019-06-20 19:12:40', '2019-06-30 16:31:08', '2019-06-30 16:31:08'),
(125, 6, '24.668085', '46.606405', '2019-06-20 19:12:40', '2019-06-30 16:31:08', '2019-06-30 16:31:08'),
(126, 6, '24.681655', '46.60795', '2019-06-20 19:12:40', '2019-06-30 16:31:08', '2019-06-30 16:31:08'),
(127, 6, '24.694445', '46.617048', '2019-06-20 19:12:40', '2019-06-30 16:31:08', '2019-06-30 16:31:08'),
(128, 10, '27.691403', '48.844407', '2019-06-20 19:12:55', '2019-06-20 19:12:55', NULL),
(129, 10, '27.38942', '48.097337', '2019-06-20 19:12:55', '2019-06-20 19:12:55', NULL),
(130, 10, '25.371918', '48.954271', '2019-06-20 19:12:55', '2019-06-20 19:12:55', NULL),
(131, 10, '25.163279', '50.305589', '2019-06-20 19:12:55', '2019-06-20 19:12:55', NULL),
(132, 10, '25.39177', '50.536302', '2019-06-20 19:12:55', '2019-06-20 19:12:55', NULL),
(133, 10, '25.985793', '50.06389', '2019-06-20 19:12:55', '2019-06-20 19:12:55', NULL),
(134, 10, '26.517863', '50.316575', '2019-06-20 19:12:55', '2019-06-20 19:12:55', NULL),
(135, 1, '24.720576', '46.691504', '2019-06-23 23:46:41', '2019-06-23 23:47:05', '2019-06-23 23:47:05'),
(136, 1, '24.697184', '46.735793', '2019-06-23 23:46:41', '2019-06-23 23:47:05', '2019-06-23 23:47:05'),
(137, 1, '24.683771', '46.6994', '2019-06-23 23:46:41', '2019-06-23 23:47:05', '2019-06-23 23:47:05'),
(138, 1, '24.715274', '46.680861', '2019-06-23 23:46:41', '2019-06-23 23:47:05', '2019-06-23 23:47:05'),
(139, 1, '24.720576', '46.691504', '2019-06-23 23:47:05', '2019-06-23 23:47:05', NULL),
(140, 1, '24.697184', '46.735793', '2019-06-23 23:47:05', '2019-06-23 23:47:05', NULL),
(141, 1, '24.683771', '46.6994', '2019-06-23 23:47:05', '2019-06-23 23:47:05', NULL),
(142, 1, '24.715274', '46.680861', '2019-06-23 23:47:05', '2019-06-23 23:47:05', NULL),
(175, 12, '24.809082', '46.561585', '2019-06-26 21:47:06', '2019-06-26 23:28:45', '2019-06-26 23:28:45'),
(176, 13, '34.061385', '33.044909', '2019-06-26 22:41:23', '2019-06-27 16:27:40', '2019-06-27 16:27:40'),
(187, 13, '31.566694', '34.467427', '2019-06-27 16:27:40', '2019-06-27 16:27:40', NULL),
(188, 13, '31.522805', '34.560811', '2019-06-27 16:27:40', '2019-06-27 16:27:40', NULL),
(189, 7, '24.659693', '46.699898', '2019-06-30 16:21:36', '2019-06-30 16:22:21', '2019-06-30 16:22:21'),
(190, 7, '24.657508', '46.717065', '2019-06-30 16:21:36', '2019-06-30 16:22:21', '2019-06-30 16:22:21'),
(177, 13, '34.388404', '39.900378', '2019-06-26 22:41:23', '2019-06-27 16:27:40', '2019-06-27 16:27:40'),
(178, 13, '29.27642', '34.890612', '2019-06-26 22:41:23', '2019-06-27 16:27:40', '2019-06-27 16:27:40'),
(179, 13, '33.842668', '31.331042', '2019-06-26 22:41:23', '2019-06-27 16:27:40', '2019-06-27 16:27:40'),
(180, 12, '24.825823', '46.614006', '2019-06-26 23:28:45', '2019-06-26 23:28:45', NULL),
(181, 12, '24.779074', '46.638725', '2019-06-26 23:28:45', '2019-06-26 23:28:45', NULL),
(182, 12, '24.762241', '46.5783', '2019-06-26 23:28:45', '2019-06-26 23:28:45', NULL),
(183, 12, '24.796841', '46.56491', '2019-06-26 23:28:45', '2019-06-26 23:28:45', NULL),
(184, 12, '24.822707', '46.608856', '2019-06-26 23:28:45', '2019-06-26 23:28:45', NULL),
(185, 13, '31.407426', '34.308125', '2019-06-27 16:27:40', '2019-06-27 16:27:40', NULL),
(186, 13, '31.381051', '34.386403', '2019-06-27 16:27:40', '2019-06-27 16:27:40', NULL),
(174, 12, '24.771368', '46.573258', '2019-06-26 21:47:06', '2019-06-26 23:28:45', '2019-06-26 23:28:45'),
(192, 7, '24.641126', '46.70213', '2019-06-30 16:21:36', '2019-06-30 16:22:21', '2019-06-30 16:22:21'),
(191, 7, '24.644871', '46.717923', '2019-06-30 16:21:36', '2019-06-30 16:22:21', '2019-06-30 16:22:21'),
(168, 11, '24.813148', '46.630398', '2019-06-25 23:43:23', '2019-06-25 23:43:23', NULL),
(172, 12, '24.82809', '46.613083', '2019-06-26 21:47:06', '2019-06-26 23:28:45', '2019-06-26 23:28:45'),
(173, 12, '24.788512', '46.634712', '2019-06-26 21:47:06', '2019-06-26 23:28:45', '2019-06-26 23:28:45'),
(193, 7, '24.655582', '46.698271', '2019-06-30 16:22:21', '2019-06-30 16:22:21', NULL),
(194, 7, '24.654646', '46.716467', '2019-06-30 16:22:21', '2019-06-30 16:22:21', NULL),
(195, 7, '24.643256', '46.712175', '2019-06-30 16:22:21', '2019-06-30 16:22:21', NULL),
(196, 7, '24.644661', '46.700674', '2019-06-30 16:22:21', '2019-06-30 16:22:21', NULL),
(197, 8, '24.665783', '46.730602', '2019-06-30 16:30:14', '2019-07-10 07:28:18', '2019-07-10 07:28:18'),
(198, 8, '24.664535', '46.752918', '2019-06-30 16:30:14', '2019-07-10 07:28:18', '2019-07-10 07:28:18'),
(199, 8, '24.649714', '46.740387', '2019-06-30 16:30:14', '2019-07-10 07:28:18', '2019-07-10 07:28:18'),
(200, 8, '24.663755', '46.730602', '2019-06-30 16:30:14', '2019-07-10 07:28:18', '2019-07-10 07:28:18'),
(201, 6, '24.693786', '46.628008', '2019-06-30 16:31:08', '2019-06-30 16:31:08', NULL),
(202, 6, '24.676629', '46.638479', '2019-06-30 16:31:08', '2019-06-30 16:31:08', NULL),
(203, 6, '24.667581', '46.622171', '2019-06-30 16:31:08', '2019-06-30 16:31:08', NULL),
(204, 6, '24.677097', '46.61067', '2019-06-30 16:31:08', '2019-06-30 16:31:08', NULL),
(205, 6, '24.690355', '46.621141', '2019-06-30 16:31:08', '2019-06-30 16:31:08', NULL),
(206, 14, '24.827864', '46.814013', '2019-07-10 07:12:45', '2019-07-10 07:52:31', '2019-07-10 07:52:31'),
(207, 14, '24.822742', '46.816181', '2019-07-10 07:12:45', '2019-07-10 07:52:31', '2019-07-10 07:52:31'),
(208, 14, '24.822431', '46.803585', '2019-07-10 07:12:45', '2019-07-10 07:52:31', '2019-07-10 07:52:31'),
(209, 14, '24.828195', '46.803864', '2019-07-10 07:12:45', '2019-07-10 07:52:31', '2019-07-10 07:52:31'),
(210, 8, '24.665783', '46.730602', '2019-07-10 07:28:18', '2019-07-10 07:28:18', NULL),
(211, 8, '24.664535', '46.752918', '2019-07-10 07:28:18', '2019-07-10 07:28:18', NULL),
(212, 8, '24.649714', '46.740387', '2019-07-10 07:28:18', '2019-07-10 07:28:18', NULL),
(213, 8, '24.663755', '46.730602', '2019-07-10 07:28:18', '2019-07-10 07:28:18', NULL),
(214, 14, '24.827864', '46.814013', '2019-07-10 07:52:31', '2019-07-10 07:52:31', NULL),
(215, 14, '24.822742', '46.816181', '2019-07-10 07:52:31', '2019-07-10 07:52:31', NULL),
(216, 14, '24.822431', '46.803585', '2019-07-10 07:52:31', '2019-07-10 07:52:31', NULL),
(217, 14, '24.828195', '46.803864', '2019-07-10 07:52:31', '2019-07-10 07:52:31', NULL),
(218, 15, '24.788226', '46.804845', '2019-07-12 05:39:57', '2019-07-12 05:39:57', NULL),
(219, 15, '24.770146', '46.818235', '2019-07-12 05:39:57', '2019-07-12 05:39:57', NULL),
(220, 15, '24.757988', '46.791112', '2019-07-12 05:39:57', '2019-07-12 05:39:57', NULL),
(221, 15, '24.77716', '46.775834', '2019-07-12 05:39:57', '2019-07-12 05:39:57', NULL);

-- --------------------------------------------------------

--
-- بنية الجدول `areas_users`
--

CREATE TABLE `areas_users` (
  `id` int(30) NOT NULL,
  `area_id` int(30) NOT NULL,
  `user_id` int(30) NOT NULL,
  `created_at` timestamp NOT NULL DEFAULT CURRENT_TIMESTAMP,
  `updated_at` timestamp NOT NULL DEFAULT '0000-00-00 00:00:00',
  `deleted_at` timestamp NULL DEFAULT NULL
) ENGINE=MyISAM DEFAULT CHARSET=latin1;

--
-- إرجاع أو استيراد بيانات الجدول `areas_users`
--

INSERT INTO `areas_users` (`id`, `area_id`, `user_id`, `created_at`, `updated_at`, `deleted_at`) VALUES
(1, 1, 89, '2019-06-20 12:11:12', '2019-06-23 23:46:41', '2019-06-23 23:46:41'),
(2, 2, 90, '2019-06-20 12:11:12', '0000-00-00 00:00:00', NULL),
(3, 3, 91, '2019-06-20 12:11:12', '0000-00-00 00:00:00', NULL),
(4, 4, 92, '2019-06-20 12:11:12', '0000-00-00 00:00:00', NULL),
(5, 5, 93, '2019-06-20 12:11:12', '0000-00-00 00:00:00', NULL),
(6, 6, 94, '2019-06-20 12:11:12', '2019-06-30 16:31:08', '2019-06-30 16:31:08'),
(7, 7, 95, '2019-06-20 12:11:12', '2019-06-30 16:21:36', '2019-06-30 16:21:36'),
(8, 8, 96, '2019-06-20 12:11:12', '2019-06-30 16:30:14', '2019-06-30 16:30:14'),
(9, 9, 87, '2019-06-20 12:11:12', '0000-00-00 00:00:00', NULL),
(10, 10, 82, '2019-06-20 12:11:12', '0000-00-00 00:00:00', NULL),
(11, 1, 89, '2019-06-23 23:46:41', '2019-06-23 23:47:05', '2019-06-23 23:47:05'),
(12, 1, 90, '2019-06-23 23:46:41', '2019-06-23 23:47:05', '2019-06-23 23:47:05'),
(13, 1, 89, '2019-06-23 23:47:05', '2019-06-23 23:47:05', NULL),
(25, 7, 95, '2019-06-30 16:22:21', '2019-06-30 16:22:21', NULL),
(24, 7, 95, '2019-06-30 16:21:36', '2019-06-30 16:22:21', '2019-06-30 16:22:21'),
(23, 13, 96, '2019-06-27 16:27:40', '2019-06-27 16:27:40', NULL),
(22, 12, 111, '2019-06-26 23:28:45', '2019-06-26 23:28:45', NULL),
(21, 13, 96, '2019-06-26 22:41:23', '2019-06-27 16:27:40', '2019-06-27 16:27:40'),
(20, 12, 111, '2019-06-26 21:47:06', '2019-06-26 23:28:45', '2019-06-26 23:28:45'),
(26, 8, 96, '2019-06-30 16:30:14', '2019-07-10 07:28:18', '2019-07-10 07:28:18'),
(27, 6, 94, '2019-06-30 16:31:08', '2019-06-30 16:31:08', NULL),
(28, 14, 96, '2019-07-10 07:12:45', '2019-07-10 07:52:31', '2019-07-10 07:52:31'),
(29, 8, 95, '2019-07-10 07:28:18', '2019-07-10 07:28:18', NULL),
(30, 8, 96, '2019-07-10 07:28:18', '2019-07-10 07:28:18', NULL),
(31, 14, 142, '2019-07-10 07:52:31', '2019-07-10 07:52:31', NULL),
(32, 15, 149, '2019-07-12 05:39:57', '2019-07-12 05:39:57', NULL);

-- --------------------------------------------------------

--
-- بنية الجدول `area_requests`
--

CREATE TABLE `area_requests` (
  `id` int(11) NOT NULL,
  `latitude` varchar(350) COLLATE utf8mb4_unicode_ci NOT NULL,
  `longitude` varchar(350) COLLATE utf8mb4_unicode_ci NOT NULL,
  `block_id` varchar(250) COLLATE utf8mb4_unicode_ci NOT NULL,
  `address` varchar(350) COLLATE utf8mb4_unicode_ci DEFAULT NULL,
  `counter` int(11) NOT NULL DEFAULT '1',
  `status` enum('active','not_active') COLLATE utf8mb4_unicode_ci NOT NULL DEFAULT 'active',
  `created_at` datetime NOT NULL,
  `updated_at` datetime DEFAULT NULL,
  `deleted_at` datetime DEFAULT NULL
) ENGINE=InnoDB DEFAULT CHARSET=utf8mb4 COLLATE=utf8mb4_unicode_ci;

--
-- إرجاع أو استيراد بيانات الجدول `area_requests`
--

INSERT INTO `area_requests` (`id`, `latitude`, `longitude`, `block_id`, `address`, `counter`, `status`, `created_at`, `updated_at`, `deleted_at`) VALUES
(1, '24.82496656096237', '46.81174635887146', '', 'شارع وادي المقراة', 1, 'active', '2019-07-04 14:48:13', '2019-07-04 14:48:13', NULL),
(2, '24.80781562278265', '46.59435130655766', '', '5006 شارع 334', 2, 'active', '2019-07-09 13:02:00', '2019-07-15 16:05:44', NULL),
(3, '31.50198160115969', '34.43511731922626', '', 'Al Aqsa Street,', 1, 'active', '2019-07-11 11:55:31', '2019-07-11 11:55:31', NULL),
(4, '24.77336111404229', '46.80226676166058', '', '7866 شارع سلمان الفارسي', 1, 'active', '2019-07-11 21:52:35', '2019-07-11 21:52:35', NULL),
(5, '29.186454245099990', '48.041311205333885', '', 'address5', 5, 'active', '2019-08-07 09:29:47', '2019-08-21 13:02:32', NULL),
(6, '-25.274397999999998', '133.775136', '', 'أستراليا أستراليا', 1, 'active', '2019-08-07 12:38:39', '2019-08-07 12:38:39', NULL),
(7, '-34.000169899999996', '150.99955649999998', '', 'Unnamed Road, Menai NSW 2234، أستراليا أستراليا', 4, 'active', '2019-08-07 12:39:26', '2019-08-08 09:51:16', NULL),
(8, '-32.0650824', '150.4048157', '', '934 Coulsons Creek Rd, Merriwa NSW 2329، أستراليا أستراليا', 1, 'active', '2019-08-07 12:40:52', '2019-08-07 12:40:52', NULL),
(9, '-33.1778191', '149.67418469999998', '', 'Kafarhillda, 3467 Sofala Rd, Wiagdon NSW 2795، أستراليا أستراليا', 1, 'active', '2019-08-07 12:41:28', '2019-08-07 12:41:28', NULL),
(10, '-30.2141104', '152.8121519', '', 'Callitris Rd, Cascade NSW 2453، أستراليا أستراليا', 1, 'active', '2019-08-07 12:42:33', '2019-08-07 12:42:33', NULL),
(11, '21.485811', '39.19250479999999', '', 'جدة السعودية', 1, 'active', '2019-08-21 13:16:52', '2019-08-21 13:16:52', NULL),
(12, '31.511653600000002', '34.429320100000005', '', 'el roots roundabout', 1, 'active', '2019-08-21 17:49:15', '2019-08-21 17:49:15', NULL),
(13, '31.35089249999999', '34.31291015625', '', 'أسامة النجار', 1, 'active', '2019-08-28 11:15:58', '2019-08-28 11:15:58', NULL);

-- --------------------------------------------------------

--
-- بنية الجدول `aspect_expenses`
--

CREATE TABLE `aspect_expenses` (
  `id` int(11) NOT NULL,
  `status` enum('active','not_active') NOT NULL DEFAULT 'active',
  `created_at` timestamp NOT NULL DEFAULT CURRENT_TIMESTAMP,
  `updated_at` timestamp NULL DEFAULT NULL,
  `deleted_at` timestamp NULL DEFAULT NULL
) ENGINE=InnoDB DEFAULT CHARSET=latin1;

--
-- إرجاع أو استيراد بيانات الجدول `aspect_expenses`
--

INSERT INTO `aspect_expenses` (`id`, `status`, `created_at`, `updated_at`, `deleted_at`) VALUES
(1, 'active', '2019-12-25 13:18:10', NULL, NULL),
(2, 'active', '2019-12-25 13:18:14', NULL, NULL),
(3, 'active', '2020-01-06 08:25:17', NULL, NULL),
(4, 'active', '2020-01-06 08:25:25', NULL, NULL),
(5, 'active', '2020-03-25 12:18:46', '2020-03-25 12:19:17', '2020-03-25 12:19:17'),
(6, 'active', '2020-03-25 12:19:27', '2020-03-25 12:19:37', '2020-03-25 12:19:37'),
(7, 'active', '2020-03-25 14:25:45', '2020-03-25 14:26:22', '2020-03-25 14:26:22'),
(8, 'active', '2020-03-25 14:26:12', '2020-03-25 14:26:48', '2020-03-25 14:26:48');

-- --------------------------------------------------------

--
-- بنية الجدول `aspect_expense_translations`
--

CREATE TABLE `aspect_expense_translations` (
  `id` int(30) NOT NULL,
  `aspect_expense_id` int(30) NOT NULL,
  `locale` varchar(30) NOT NULL,
  `name` varchar(300) CHARACTER SET utf8mb4 NOT NULL,
  `created_at` timestamp NOT NULL DEFAULT CURRENT_TIMESTAMP,
  `updated_at` timestamp NULL DEFAULT NULL,
  `deleted_at` timestamp NULL DEFAULT NULL
) ENGINE=InnoDB DEFAULT CHARSET=latin1;

--
-- إرجاع أو استيراد بيانات الجدول `aspect_expense_translations`
--

INSERT INTO `aspect_expense_translations` (`id`, `aspect_expense_id`, `locale`, `name`, `created_at`, `updated_at`, `deleted_at`) VALUES
(5, 1, 'ar', 'تذكرة سفر', '2020-01-06 08:33:05', NULL, NULL),
(6, 1, 'en', 'traveling ticket', '2020-01-06 08:33:05', NULL, NULL),
(7, 2, 'ar', 'إيجار مكتب', '2020-01-06 08:33:40', NULL, NULL),
(8, 2, 'en', 'Office rent', '2020-01-06 08:33:40', NULL, NULL),
(9, 3, 'ar', 'نثريات', '2020-01-06 08:34:12', NULL, NULL),
(10, 3, 'en', 'Miscellaneous', '2020-01-06 08:34:12', NULL, NULL),
(11, 4, 'ar', 'سلفة', '2020-01-06 08:34:49', NULL, NULL),
(12, 4, 'en', 'Advance payment', '2020-01-06 08:34:49', NULL, NULL),
(13, 5, 'en', '000', '2020-03-25 12:18:46', '2020-03-25 12:18:58', NULL),
(14, 5, 'ar', '11188', '2020-03-25 12:18:46', '2020-03-25 12:19:09', NULL),
(15, 6, 'en', '55', '2020-03-25 12:19:27', '2020-03-25 12:19:27', NULL),
(16, 6, 'ar', '22', '2020-03-25 12:19:27', '2020-03-25 12:19:27', NULL),
(17, 7, 'en', '66', '2020-03-25 14:25:45', '2020-03-25 14:25:45', NULL),
(18, 7, 'ar', '77', '2020-03-25 14:25:45', '2020-03-25 14:25:45', NULL),
(19, 8, 'en', '4444', '2020-03-25 14:26:12', '2020-03-25 14:26:12', NULL),
(20, 8, 'ar', '6666666666', '2020-03-25 14:26:12', '2020-03-25 14:26:30', NULL);

-- --------------------------------------------------------

--
-- بنية الجدول `attachments`
--

CREATE TABLE `attachments` (
  `id` int(30) NOT NULL,
  `attachment_name` varchar(300) CHARACTER SET utf8 NOT NULL,
  `file` varchar(300) NOT NULL,
  `attachmentable_id` int(30) NOT NULL,
  `attachmentable_type` varchar(150) NOT NULL,
  `created_at` timestamp NULL DEFAULT CURRENT_TIMESTAMP,
  `updated_at` timestamp NULL DEFAULT NULL,
  `deleted_at` timestamp NULL DEFAULT NULL
) ENGINE=InnoDB DEFAULT CHARSET=latin1;

--
-- إرجاع أو استيراد بيانات الجدول `attachments`
--

INSERT INTO `attachments` (`id`, `attachment_name`, `file`, `attachmentable_id`, `attachmentable_type`, `created_at`, `updated_at`, `deleted_at`) VALUES
(1, 'إختبار إضافة مرفق #1', '_1584537068_12283cli.docx', 1, 'App\\Models\\Client', '2020-03-18 13:11:08', NULL, NULL),
(2, 'إختبار إضافة مرفق #2', '_1584537068_25384cli.docx', 1, 'App\\Models\\Client', '2020-03-18 13:11:08', NULL, NULL),
(3, 'مرفق خاص بالهدى للإستشارات القانونية والتجارية #1', '_1584537324_48343cli.docx', 2, 'App\\Models\\Client', '2020-03-18 13:15:24', NULL, NULL),
(4, 'مرفق خاص بالهدى للإستشارات القانونية والتجارية #2', '_1584537324_13888cli.docx', 2, 'App\\Models\\Client', '2020-03-18 13:15:24', NULL, NULL),
(5, 'مرفق يتعلق بقضية خاصة بالعميل عبد الله #1', 'pro__1584537910_38070.docx', 2, 'App\\Models\\Project', '2020-03-18 13:25:10', NULL, NULL),
(6, 'مرفق يتعلق بقضية خاصة بالعميل عبد الله #2', 'pro__1584537910_47823.docx', 2, 'App\\Models\\Project', '2020-03-18 13:25:10', NULL, NULL),
(7, 'إستشارة تتعلق بالعميل عبد الله احمد محمد مرفق#1', 'pro__1584538050_39896.docx', 3, 'App\\Models\\Project', '2020-03-18 13:27:30', NULL, NULL),
(8, 'إستشارة تتعلق بالعميل عبد الله احمد محمد مرفق#2', 'pro__1584538050_40015.docx', 3, 'App\\Models\\Project', '2020-03-18 13:27:30', NULL, NULL),
(9, 'إختبار إضافة مرفق #3', '_1584538151_230130.docx', 1, 'App\\Models\\Client', '2020-03-18 18:29:11', '2020-03-18 18:29:11', NULL),
(10, 'مرفق يتعلق بمهمة #1', '_1584538256_35925tas.docx', 1, 'App\\Models\\Task', '2020-03-18 13:30:56', NULL, NULL),
(11, 'مرفق يتعلق بمهمة #2', '_1584538256_15323tas.docx', 1, 'App\\Models\\Task', '2020-03-18 13:30:56', NULL, NULL),
(12, 'مرفق مهمة تتعلق بالعميل عبد الله احمد محمد #1', '_1584538314_1903tas.docx', 2, 'App\\Models\\Task', '2020-03-18 13:31:54', NULL, NULL),
(13, 'تشارة تتعلق بالعميل عبد الله احمد محمد مرفق#3', '_1584539250_924324.docx', 3, 'App\\Models\\Project', '2020-03-18 18:47:30', '2020-03-18 18:47:30', NULL),
(14, 'test doc upload', '_1585465055_45277cli.png', 3, 'App\\Models\\Client', '2020-03-29 06:57:35', NULL, NULL),
(15, 'test file', '_1585465489_472245.png', 3, 'App\\Models\\Client', '2020-03-29 12:04:49', '2020-03-29 12:04:49', NULL),
(16, 'test file', '_1585465490_360788.png', 3, 'App\\Models\\Client', '2020-03-29 12:04:50', '2020-03-29 12:04:50', NULL),
(17, 'test file', '_1585465490_507167.png', 3, 'App\\Models\\Client', '2020-03-29 12:04:50', '2020-03-29 12:04:50', NULL),
(18, 'test file', 'pro__1585476947_4499.png', 4, 'App\\Models\\Project', '2020-03-29 10:15:47', NULL, NULL),
(19, 'Test Test', '_1585557984_43802cli.cfg', 6, 'App\\Models\\Client', '2020-03-30 08:46:24', NULL, NULL),
(20, 'test file', '_1585558004_513350.cfg', 6, 'App\\Models\\Client', '2020-03-30 13:46:44', '2020-03-30 13:46:44', NULL),
(21, 'اختبار لنظام المرفقات', '_1585640833_236585.docx', 31, 'App\\Models\\Client', '2020-03-31 12:47:13', '2020-03-31 12:47:13', NULL),
(22, 'إختبار ليوم الثلاثاء 14 يناير', '_1585641805_554375.docx', 31, 'App\\Models\\Client', '2020-03-31 13:03:25', '2020-03-31 13:03:25', NULL),
(23, 'اختبار لنظام المرفقات', '_1585642927_301460.docx', 7, 'App\\Models\\Project', '2020-03-31 13:22:07', '2020-03-31 13:22:07', NULL),
(24, 'مرفق #1', '_1585743252_40921cli.docx', 40, 'App\\Models\\Task', '2020-04-01 12:14:12', NULL, NULL),
(25, 'إختبار ليوم الثلاثاء 14 يناير111', '_1585813327_381542.docx', 1, 'App\\Models\\Client', '2020-04-02 12:42:07', '2020-04-02 12:42:07', NULL),
(26, 'a', '_1586068668_600883.docx', 32, 'App\\Models\\Client', '2020-04-05 11:37:48', '2020-04-05 11:37:48', NULL),
(27, 'a', '_1586068862_360362.docx', 32, 'App\\Models\\Client', '2020-04-05 11:41:02', '2020-04-05 11:41:02', NULL),
(28, 'اختبار لنظام المرفقات', '_1586068998_874165.docx', 32, 'App\\Models\\Client', '2020-04-05 11:43:18', '2020-04-05 11:43:18', NULL),
(29, '24234', '_1586069062_481942.docx', 32, 'App\\Models\\Client', '2020-04-05 11:44:22', '2020-04-05 11:44:22', NULL),
(30, 'aa', '_1586069076_214528.docx', 32, 'App\\Models\\Client', '2020-04-05 11:44:36', '2020-04-05 11:44:36', NULL),
(31, 'bb', '_1586069089_495528.docx', 32, 'App\\Models\\Client', '2020-04-05 11:44:49', '2020-04-05 11:44:49', NULL),
(32, 'اختبار لنظام المرفقات', '_1586076900_135851.docx', 32, 'App\\Models\\Client', '2020-04-05 13:55:00', '2020-04-05 13:55:00', NULL),
(33, '44444444444', '_1586077118_298825.docx', 32, 'App\\Models\\Client', '2020-04-05 13:58:38', '2020-04-05 13:58:38', NULL),
(34, 'اختبار لنظام المرفقات', '_1586079094_799524.docx', 21, 'App\\Models\\Project', '2020-04-05 14:31:34', '2020-04-05 14:31:34', NULL);

-- --------------------------------------------------------

--
-- بنية الجدول `attachtypes`
--

CREATE TABLE `attachtypes` (
  `id` int(30) NOT NULL,
  `status` enum('active','not_active') NOT NULL DEFAULT 'active',
  `created_at` timestamp NOT NULL DEFAULT CURRENT_TIMESTAMP,
  `updated_at` timestamp NULL DEFAULT NULL,
  `deleted_at` timestamp NULL DEFAULT NULL
) ENGINE=InnoDB DEFAULT CHARSET=latin1;

--
-- إرجاع أو استيراد بيانات الجدول `attachtypes`
--

INSERT INTO `attachtypes` (`id`, `status`, `created_at`, `updated_at`, `deleted_at`) VALUES
(1, 'active', '2019-10-05 10:17:12', '2019-10-17 08:04:25', '2019-10-17 08:04:25'),
(2, 'active', '2019-10-05 10:17:12', '2019-10-17 08:04:19', '2019-10-17 08:04:19'),
(3, 'active', '2019-10-17 07:39:20', '2019-10-17 07:39:20', NULL),
(4, 'active', '2019-10-17 07:42:25', '2019-10-17 07:44:40', '2019-10-17 07:44:40'),
(5, 'active', '2019-10-17 07:45:58', '2019-10-17 07:46:19', '2019-10-17 07:46:19'),
(6, 'active', '2019-10-17 07:46:48', '2019-10-17 08:02:31', '2019-10-17 08:02:31'),
(7, 'active', '2019-10-17 08:03:40', '2019-10-17 08:03:40', NULL),
(8, 'active', '2019-10-17 08:04:07', '2019-11-03 08:46:36', '2019-11-03 08:46:36');

-- --------------------------------------------------------

--
-- بنية الجدول `attachtype_translations`
--

CREATE TABLE `attachtype_translations` (
  `id` int(30) NOT NULL,
  `attachtype_id` int(30) NOT NULL,
  `locale` varchar(30) NOT NULL,
  `name` varchar(300) CHARACTER SET utf8mb4 NOT NULL,
  `created_at` timestamp NOT NULL DEFAULT CURRENT_TIMESTAMP,
  `updated_at` timestamp NULL DEFAULT NULL,
  `deleted_at` timestamp NULL DEFAULT NULL
) ENGINE=InnoDB DEFAULT CHARSET=latin1;

--
-- إرجاع أو استيراد بيانات الجدول `attachtype_translations`
--

INSERT INTO `attachtype_translations` (`id`, `attachtype_id`, `locale`, `name`, `created_at`, `updated_at`, `deleted_at`) VALUES
(1, 1, 'ar', 'شهادة الميلاد', '2019-10-05 10:18:32', NULL, NULL),
(2, 1, 'en', 'Birth Certificate', '2019-10-05 10:18:32', NULL, NULL),
(3, 2, 'ar', 'جواز السفر', '2019-10-05 10:19:34', NULL, NULL),
(4, 2, 'en', 'Passport', '2019-10-05 10:19:34', NULL, NULL),
(5, 3, 'en', 'Commercial license', '2019-10-17 07:39:20', '2019-10-17 07:41:57', NULL),
(6, 3, 'ar', 'رخصة تجارية', '2019-10-17 07:39:20', '2019-10-17 07:41:57', NULL),
(7, 4, 'en', 'aa', '2019-10-17 07:42:25', '2019-10-17 07:42:25', NULL),
(8, 4, 'ar', 'بسيبسي', '2019-10-17 07:42:26', '2019-10-17 07:42:26', NULL),
(9, 5, 'en', 'asdasd', '2019-10-17 07:45:59', '2019-10-17 07:45:59', NULL),
(10, 5, 'ar', 'wer4234', '2019-10-17 07:45:59', '2019-10-17 07:45:59', NULL),
(11, 6, 'en', '22', '2019-10-17 07:46:48', '2019-10-17 07:49:21', NULL),
(12, 6, 'ar', '33', '2019-10-17 07:46:48', '2019-10-17 07:49:22', NULL),
(13, 7, 'en', 'CV', '2019-10-17 08:03:40', '2019-10-17 08:03:40', NULL),
(14, 7, 'ar', 'السيرة الذاتية', '2019-10-17 08:03:40', '2019-10-17 08:03:40', NULL),
(15, 8, 'en', 'Establishment contract', '2019-10-17 08:04:07', '2019-10-17 08:05:21', NULL),
(16, 8, 'ar', 'عقد التأسيس', '2019-10-17 08:04:07', '2019-10-17 08:04:40', NULL);

-- --------------------------------------------------------

--
-- بنية الجدول `banks`
--

CREATE TABLE `banks` (
  `id` int(11) NOT NULL,
  `office_id` int(11) NOT NULL,
  `name` varchar(300) CHARACTER SET utf8mb4 NOT NULL,
  `iban` int(11) NOT NULL,
  `status` enum('active','not_active') NOT NULL DEFAULT 'active',
  `created_at` timestamp NOT NULL DEFAULT CURRENT_TIMESTAMP ON UPDATE CURRENT_TIMESTAMP,
  `updated_at` timestamp NULL DEFAULT NULL,
  `deleted_at` timestamp NULL DEFAULT NULL
) ENGINE=MyISAM DEFAULT CHARSET=latin1;

--
-- إرجاع أو استيراد بيانات الجدول `banks`
--

INSERT INTO `banks` (`id`, `office_id`, `name`, `iban`, `status`, `created_at`, `updated_at`, `deleted_at`) VALUES
(1, 176, 'بنك الراجحي', 45345345, 'active', '2020-02-25 13:19:06', '2020-02-25 11:19:06', '2020-02-25 11:19:05'),
(2, 176, 'البنك العقاري', 3454534, 'active', '2020-02-25 13:19:06', '2020-02-25 11:19:06', '2020-02-25 11:19:05'),
(3, 176, 'البنك العربي', 2353534, 'active', '2020-02-25 13:00:40', '2020-02-25 11:00:40', '2020-02-25 11:00:40'),
(4, 176, 'البنك الإستثماري', 34534534, 'active', '2020-02-25 13:00:40', '2020-02-25 11:00:40', '2020-02-25 11:00:40'),
(14, 176, 'بنك الراجحي', 45345345, 'active', '2020-02-26 10:58:03', '2020-02-26 08:58:03', '2020-02-26 08:58:03'),
(12, 176, 'البنك العقاري', 3454534, 'active', '2020-02-25 13:19:48', '2020-02-25 11:19:48', '2020-02-25 11:19:48'),
(13, 176, 'البنك العقاري', 3454534, 'active', '2020-02-26 10:58:03', '2020-02-26 08:58:03', '2020-02-26 08:58:03'),
(11, 176, 'بنك الراجحي', 45345345, 'active', '2020-02-25 13:19:48', '2020-02-25 11:19:48', '2020-02-25 11:19:48'),
(15, 176, 'بنك الراجحي', 45345345, 'active', '2020-03-01 11:45:17', '2020-03-01 09:45:17', '2020-03-01 09:45:17'),
(16, 176, 'البنك العقاري', 3454534, 'active', '2020-03-01 11:45:17', '2020-03-01 09:45:17', '2020-03-01 09:45:17'),
(17, 176, 'بنك الراجحي', 45345345, 'active', '2020-03-01 11:45:17', NULL, NULL),
(18, 176, 'البنك العقاري', 3454534, 'active', '2020-03-01 11:45:17', NULL, NULL);

-- --------------------------------------------------------

--
-- بنية الجدول `bills`
--

CREATE TABLE `bills` (
  `id` int(11) NOT NULL,
  `office_id` int(11) NOT NULL,
  `client_id` int(11) NOT NULL,
  `invoice_id` int(11) NOT NULL,
  `project_id` int(11) NOT NULL,
  `payment_date` date NOT NULL,
  `payment_method_id` int(11) NOT NULL,
  `reference_number` varchar(150) DEFAULT NULL,
  `bank_id` int(11) NOT NULL,
  `client_account` varchar(300) CHARACTER SET utf8mb4 DEFAULT NULL,
  `amount` float NOT NULL,
  `details` text CHARACTER SET utf8mb4,
  `responsible_lawyer` int(11) NOT NULL,
  `created_at` timestamp NOT NULL DEFAULT CURRENT_TIMESTAMP,
  `updated_at` timestamp NULL DEFAULT NULL,
  `deleted_at` timestamp NULL DEFAULT NULL
) ENGINE=InnoDB DEFAULT CHARSET=latin1;

--
-- إرجاع أو استيراد بيانات الجدول `bills`
--

INSERT INTO `bills` (`id`, `office_id`, `client_id`, `invoice_id`, `project_id`, `payment_date`, `payment_method_id`, `reference_number`, `bank_id`, `client_account`, `amount`, `details`, `responsible_lawyer`, `created_at`, `updated_at`, `deleted_at`) VALUES
(1, 176, 1, 2, 2, '2020-03-12', 1, '75734563', 17, '34534534', 365, NULL, 176, '2020-03-18 19:05:03', '2020-03-22 12:23:28', '2020-03-22 12:23:28'),
(2, 176, 1, 2, 2, '2020-03-24', 1, '234234', 17, '234234', 1000, NULL, 176, '2020-03-22 12:16:25', '2020-03-22 12:17:03', '2020-03-22 12:17:03'),
(3, 176, 1, 2, 2, '2020-03-23', 2, '232423', 17, '23424', 4000, 'سيسب', 176, '2020-03-23 11:57:21', '2020-03-23 12:00:30', '2020-03-23 12:00:30'),
(4, 176, 1, 2, 2, '2020-03-17', 1, '3333', 17, '42343', 365, 'sdfsdf', 176, '2020-03-23 12:08:36', '2020-03-23 12:08:36', NULL),
(5, 176, 1, 2, 2, '2020-03-24', 1, '3333', 17, '202', 200, '22', 176, '2020-03-23 12:26:44', '2020-03-23 12:26:44', NULL),
(6, 176, 1, 3, 4, '2020-03-11', 1, '2323', 17, NULL, 2323, NULL, 176, '2020-03-29 15:35:02', '2020-03-29 15:35:02', NULL),
(7, 176, 1, 6, 7, '2020-03-07', 1, '23423423', 17, NULL, 330, NULL, 176, '2020-03-31 13:25:38', '2020-03-31 13:25:38', NULL);

-- --------------------------------------------------------

--
-- بنية الجدول `cards`
--

CREATE TABLE `cards` (
  `id` int(30) NOT NULL,
  `status` enum('active','not_active') NOT NULL,
  `created_at` timestamp NOT NULL DEFAULT CURRENT_TIMESTAMP,
  `updated_at` timestamp NULL DEFAULT NULL,
  `deleted_at` timestamp NULL DEFAULT NULL
) ENGINE=InnoDB DEFAULT CHARSET=latin1;

--
-- إرجاع أو استيراد بيانات الجدول `cards`
--

INSERT INTO `cards` (`id`, `status`, `created_at`, `updated_at`, `deleted_at`) VALUES
(1, 'active', '2019-10-13 07:41:13', NULL, NULL),
(2, 'active', '2019-10-13 07:41:13', '2019-11-03 08:34:37', '2019-11-03 08:34:37'),
(3, 'active', '2019-10-13 07:41:28', '2020-01-29 10:23:22', '2020-01-29 10:23:22'),
(5, 'active', '2019-10-17 08:00:15', '2019-10-17 08:01:55', '2019-10-17 08:01:55'),
(6, 'active', '2019-10-17 08:06:24', '2019-10-17 08:07:16', '2019-10-17 08:07:16'),
(7, 'active', '2019-10-17 08:06:32', '2019-10-17 08:07:13', '2019-10-17 08:07:13'),
(8, 'active', '2019-10-17 08:06:36', '2019-10-17 08:07:08', '2019-10-17 08:07:08'),
(9, 'active', '2020-03-24 14:22:45', '2020-03-24 14:25:42', '2020-03-24 14:25:42'),
(10, 'active', '2020-03-25 14:18:18', '2020-03-25 14:18:43', '2020-03-25 14:18:43'),
(11, 'active', '2020-03-25 14:18:23', '2020-03-25 14:18:53', '2020-03-25 14:18:53');

-- --------------------------------------------------------

--
-- بنية الجدول `card_translations`
--

CREATE TABLE `card_translations` (
  `id` int(30) NOT NULL,
  `card_id` int(30) NOT NULL,
  `locale` varchar(30) NOT NULL,
  `name` varchar(300) CHARACTER SET utf8mb4 NOT NULL,
  `created_at` timestamp NOT NULL DEFAULT CURRENT_TIMESTAMP,
  `updated_at` timestamp NULL DEFAULT NULL,
  `deleted_at` timestamp NULL DEFAULT NULL
) ENGINE=InnoDB DEFAULT CHARSET=latin1;

--
-- إرجاع أو استيراد بيانات الجدول `card_translations`
--

INSERT INTO `card_translations` (`id`, `card_id`, `locale`, `name`, `created_at`, `updated_at`, `deleted_at`) VALUES
(1, 1, 'ar', 'بطاقة هوية', '2019-10-13 07:42:18', NULL, NULL),
(2, 1, 'en', 'ID Number', '2019-10-13 07:42:18', NULL, NULL),
(3, 2, 'ar', 'جواز سفر', '2019-10-13 07:43:29', NULL, NULL),
(4, 2, 'en', 'Passport', '2019-10-13 07:43:29', NULL, NULL),
(5, 3, 'ar', 'رخصة قيادة', '2019-10-13 07:44:37', NULL, NULL),
(6, 3, 'en', 'Driving License', '2019-10-13 07:44:37', NULL, NULL),
(7, 5, 'en', 'dd', '2019-10-17 08:00:15', '2019-10-17 08:01:42', NULL),
(8, 5, 'ar', 'ddddddd', '2019-10-17 08:00:15', '2019-10-17 08:01:42', NULL),
(9, 6, 'en', 'wwwwwww', '2019-10-17 08:06:24', '2019-10-17 08:06:24', NULL),
(10, 6, 'ar', 'دبل يو', '2019-10-17 08:06:24', '2019-10-17 08:06:24', NULL),
(11, 7, 'en', 'xxx', '2019-10-17 08:06:32', '2019-10-17 08:06:32', NULL),
(12, 7, 'ar', 'اكس', '2019-10-17 08:06:32', '2019-10-17 08:06:32', NULL),
(13, 8, 'en', 'yyy1111111', '2019-10-17 08:06:36', '2019-10-17 08:06:56', NULL),
(14, 8, 'ar', 'واي1111', '2019-10-17 08:06:36', '2019-10-17 08:06:56', NULL),
(15, 9, 'en', 'Visa1', '2020-03-24 14:22:45', '2020-03-24 14:25:11', NULL),
(16, 9, 'ar', 'فيزا22', '2020-03-24 14:22:45', '2020-03-24 14:25:11', NULL),
(17, 10, 'en', '3', '2020-03-25 14:18:18', '2020-03-25 14:18:18', NULL),
(18, 10, 'ar', '888888', '2020-03-25 14:18:18', '2020-03-25 14:18:35', NULL),
(19, 11, 'en', '7', '2020-03-25 14:18:23', '2020-03-25 14:18:23', NULL),
(20, 11, 'ar', '8', '2020-03-25 14:18:23', '2020-03-25 14:18:23', NULL);

-- --------------------------------------------------------

--
-- بنية الجدول `categories`
--

CREATE TABLE `categories` (
  `id` int(11) NOT NULL,
  `status` enum('not_active','active') CHARACTER SET utf8mb4 COLLATE utf8mb4_unicode_ci DEFAULT 'active',
  `created_at` timestamp NULL DEFAULT NULL ON UPDATE CURRENT_TIMESTAMP,
  `updated_at` timestamp NULL DEFAULT NULL,
  `deleted_at` timestamp NULL DEFAULT NULL
) ENGINE=InnoDB DEFAULT CHARSET=latin1;

--
-- إرجاع أو استيراد بيانات الجدول `categories`
--

INSERT INTO `categories` (`id`, `status`, `created_at`, `updated_at`, `deleted_at`) VALUES
(1, 'active', '2019-10-16 07:57:01', '2019-10-16 04:57:01', '2019-10-16 04:57:01'),
(2, 'active', '2019-09-30 10:11:36', '2019-09-30 07:11:36', '2019-09-30 07:11:36'),
(3, 'active', '2019-09-30 09:39:14', '2019-09-30 06:39:14', '2019-09-30 06:39:14'),
(4, 'active', '2019-09-30 09:41:18', '2019-09-30 06:41:18', '2019-09-30 06:41:18'),
(5, 'not_active', '2019-10-16 07:55:25', '2019-10-16 04:55:25', '2019-10-16 04:55:25'),
(6, 'not_active', '2019-10-16 07:57:01', '2019-10-16 04:57:01', '2019-10-16 04:57:01'),
(7, 'active', '2019-10-17 03:55:08', '2019-10-17 03:55:08', NULL);

-- --------------------------------------------------------

--
-- بنية الجدول `category_translations`
--

CREATE TABLE `category_translations` (
  `id` int(11) NOT NULL,
  `category_id` int(11) NOT NULL,
  `locale` varchar(30) NOT NULL,
  `name` varchar(200) CHARACTER SET utf8mb4 NOT NULL,
  `created_at` timestamp NULL DEFAULT NULL ON UPDATE CURRENT_TIMESTAMP,
  `updated_at` timestamp NULL DEFAULT NULL,
  `deleted_at` timestamp NULL DEFAULT NULL
) ENGINE=InnoDB DEFAULT CHARSET=latin1;

--
-- إرجاع أو استيراد بيانات الجدول `category_translations`
--

INSERT INTO `category_translations` (`id`, `category_id`, `locale`, `name`, `created_at`, `updated_at`, `deleted_at`) VALUES
(1, 1, 'en', 'First Category', NULL, NULL, NULL),
(2, 1, 'ar', 'التصنيف الأول', NULL, NULL, NULL),
(3, 2, 'en', 'Second Category', '2019-09-30 09:31:15', '2019-09-30 06:31:15', NULL),
(4, 2, 'ar', 'التصنيف الثاني', '2019-09-30 09:31:15', '2019-09-30 06:31:15', NULL),
(5, 3, 'en', 'thaaaaaa', '2019-09-30 09:38:37', '2019-09-30 06:38:37', NULL),
(6, 3, 'ar', 'ثلا', '2019-09-30 06:31:38', '2019-09-30 06:31:38', NULL),
(7, 4, 'en', 'abc', '2019-09-30 09:41:13', '2019-09-30 06:41:13', NULL),
(8, 4, 'ar', 'محم', '2019-09-30 09:41:13', '2019-09-30 06:41:13', NULL),
(9, 5, 'en', 'zxczxc', '2019-09-30 07:11:20', '2019-09-30 07:11:20', NULL),
(10, 5, 'ar', 'zxczxc', '2019-09-30 07:11:20', '2019-09-30 07:11:20', NULL),
(11, 6, 'en', 'AAA333', '2019-09-30 11:04:30', '2019-09-30 08:04:30', NULL),
(12, 6, 'ar', 'سسسس333', '2019-09-30 11:04:30', '2019-09-30 08:04:30', NULL),
(13, 7, 'en', 'Test', '2019-10-17 03:55:08', '2019-10-17 03:55:08', NULL),
(14, 7, 'ar', 'إختبار', '2019-10-17 06:55:21', '2019-10-17 03:55:21', NULL);

-- --------------------------------------------------------

--
-- بنية الجدول `cities`
--

CREATE TABLE `cities` (
  `id` int(30) NOT NULL,
  `country_id` int(30) NOT NULL,
  `status` enum('active','not_active') NOT NULL DEFAULT 'active',
  `created_at` timestamp NOT NULL DEFAULT CURRENT_TIMESTAMP,
  `updated_at` timestamp NULL DEFAULT NULL,
  `deleted_at` timestamp NULL DEFAULT NULL
) ENGINE=InnoDB DEFAULT CHARSET=latin1;

--
-- إرجاع أو استيراد بيانات الجدول `cities`
--

INSERT INTO `cities` (`id`, `country_id`, `status`, `created_at`, `updated_at`, `deleted_at`) VALUES
(1, 1, 'active', '2019-10-05 09:45:55', '2019-10-06 07:54:04', '2019-10-06 07:54:04'),
(2, 1, 'active', '2019-10-06 07:41:23', '2019-10-06 07:54:06', '2019-10-06 07:54:06'),
(4, 1, 'active', '2019-10-06 07:54:53', '2019-11-03 08:31:52', '2019-11-03 08:31:52'),
(5, 1, 'active', '2019-10-06 07:55:10', '2019-11-03 08:37:25', '2019-11-03 08:37:25'),
(6, 1, 'active', '2019-10-06 07:55:23', '2019-11-03 08:37:25', '2019-11-03 08:37:25'),
(10, 6, 'active', '2019-11-03 08:40:00', '2019-11-03 08:40:00', NULL),
(11, 6, 'active', '2019-11-03 08:40:27', '2019-11-03 08:40:27', NULL),
(12, 6, 'active', '2019-11-03 08:40:52', '2019-11-03 08:40:52', NULL),
(13, 7, 'active', '2019-11-04 05:58:02', '2020-01-29 10:16:41', '2020-01-29 10:16:41'),
(14, 7, 'active', '2019-11-04 05:58:23', '2020-01-29 10:16:37', '2020-01-29 10:16:37'),
(15, 6, 'active', '2020-01-29 10:20:56', '2020-01-29 10:20:56', NULL),
(16, 6, 'active', '2020-01-29 10:21:31', '2020-01-29 10:21:31', NULL),
(17, 8, 'active', '2020-03-24 14:21:10', '2020-03-24 14:22:12', '2020-03-24 14:22:12'),
(18, 6, 'active', '2020-03-24 14:43:41', '2020-03-24 14:43:52', '2020-03-24 14:43:52'),
(19, 6, 'active', '2020-03-25 14:17:20', '2020-03-25 14:17:29', '2020-03-25 14:17:29'),
(20, 6, 'active', '2020-03-25 14:17:41', '2020-03-25 14:18:07', '2020-03-25 14:18:07');

-- --------------------------------------------------------

--
-- بنية الجدول `city_translations`
--

CREATE TABLE `city_translations` (
  `id` int(30) NOT NULL,
  `city_id` int(30) NOT NULL,
  `locale` varchar(30) NOT NULL,
  `name` varchar(300) CHARACTER SET utf8mb4 NOT NULL,
  `created_at` timestamp NOT NULL DEFAULT CURRENT_TIMESTAMP,
  `updated_at` timestamp NULL DEFAULT NULL,
  `deleted_at` timestamp NULL DEFAULT NULL
) ENGINE=InnoDB DEFAULT CHARSET=latin1;

--
-- إرجاع أو استيراد بيانات الجدول `city_translations`
--

INSERT INTO `city_translations` (`id`, `city_id`, `locale`, `name`, `created_at`, `updated_at`, `deleted_at`) VALUES
(1, 1, 'en', 'Gaza', '2019-10-05 09:48:42', NULL, NULL),
(2, 1, 'ar', 'غزة', '2019-10-05 09:48:42', NULL, NULL),
(3, 2, 'en', 'Rafah', '2019-10-06 07:41:23', '2019-10-06 07:41:23', NULL),
(4, 2, 'ar', 'رفح', '2019-10-06 07:41:23', '2019-10-06 07:41:23', NULL),
(5, 3, 'en', 'Jablia111', '2019-10-06 07:42:17', '2019-10-06 07:52:15', NULL),
(6, 3, 'ar', 'جباليا22', '2019-10-06 07:42:17', '2019-10-06 07:52:15', NULL),
(7, 4, 'en', 'Jeddah', '2019-10-06 07:54:55', '2019-10-06 07:54:55', NULL),
(8, 4, 'ar', 'جدة', '2019-10-06 07:54:55', '2019-10-06 07:54:55', NULL),
(9, 5, 'en', 'Makkah', '2019-10-06 07:55:10', '2019-10-06 07:55:10', NULL),
(10, 5, 'ar', 'مكة', '2019-10-06 07:55:10', '2019-10-06 07:55:10', NULL),
(11, 6, 'en', 'Riyadh', '2019-10-06 07:55:23', '2019-10-06 07:55:23', NULL),
(12, 6, 'ar', 'الرياض', '2019-10-06 07:55:24', '2019-10-06 07:55:24', NULL),
(13, 7, 'en', 'Amaan', '2019-10-13 07:29:12', '2019-10-13 07:29:12', NULL),
(14, 7, 'ar', 'عمان', '2019-10-13 07:29:12', '2019-10-13 07:29:12', NULL),
(15, 8, 'en', 'Gaza', '2019-10-13 07:29:29', '2019-10-13 07:29:29', NULL),
(16, 8, 'ar', 'غزة', '2019-10-13 07:29:29', '2019-10-13 07:29:29', NULL),
(17, 9, 'en', 'Rafah', '2019-10-13 07:29:41', '2019-10-13 07:29:41', NULL),
(18, 9, 'ar', 'رفح', '2019-10-13 07:29:41', '2019-10-13 07:29:41', NULL),
(19, 10, 'en', 'Jeddah', '2019-11-03 08:40:00', '2019-11-03 08:40:00', NULL),
(20, 10, 'ar', 'جدة', '2019-11-03 08:40:00', '2019-11-03 08:40:00', NULL),
(21, 11, 'en', 'Makkah', '2019-11-03 08:40:27', '2019-11-03 08:40:27', NULL),
(22, 11, 'ar', 'مكة', '2019-11-03 08:40:27', '2019-11-03 08:40:27', NULL),
(23, 12, 'en', 'Riyadh', '2019-11-03 08:40:52', '2020-01-29 10:20:05', NULL),
(24, 12, 'ar', 'الرياض', '2019-11-03 08:40:52', '2020-01-29 10:20:07', NULL),
(25, 13, 'en', 'Aman', '2019-11-04 05:58:02', '2019-11-04 05:58:02', NULL),
(26, 13, 'ar', 'عمان', '2019-11-04 05:58:02', '2019-11-04 05:58:02', NULL),
(27, 14, 'en', 'Erbid', '2019-11-04 05:58:23', '2019-11-04 05:58:23', NULL),
(28, 14, 'ar', 'إربد', '2019-11-04 05:58:24', '2019-11-04 05:58:24', NULL),
(29, 15, 'en', 'Tabuk', '2020-01-29 10:20:56', '2020-01-29 10:20:56', NULL),
(30, 15, 'ar', 'تبوك', '2020-01-29 10:20:56', '2020-01-29 10:20:56', NULL),
(31, 16, 'en', 'Dammam', '2020-01-29 10:21:31', '2020-01-29 10:21:31', NULL),
(32, 16, 'ar', 'الدمام', '2020-01-29 10:21:31', '2020-01-29 10:21:31', NULL),
(33, 17, 'en', 'Rafah1', '2020-03-24 14:21:10', '2020-03-24 14:22:05', NULL),
(34, 17, 'ar', 'رفح1', '2020-03-24 14:21:10', '2020-03-24 14:22:05', NULL),
(35, 18, 'en', 'SWER', '2020-03-24 14:43:41', '2020-03-24 14:43:41', NULL),
(36, 18, 'ar', 'WERWER', '2020-03-24 14:43:41', '2020-03-24 14:43:41', NULL),
(37, 19, 'en', '234234', '2020-03-25 14:17:20', '2020-03-25 14:17:20', NULL),
(38, 19, 'ar', '4234', '2020-03-25 14:17:20', '2020-03-25 14:17:20', NULL),
(39, 20, 'en', '3', '2020-03-25 14:17:41', '2020-03-25 14:17:41', NULL),
(40, 20, 'ar', '7676', '2020-03-25 14:17:41', '2020-03-25 14:17:56', NULL);

-- --------------------------------------------------------

--
-- بنية الجدول `clients`
--

CREATE TABLE `clients` (
  `id` int(30) NOT NULL,
  `office_id` int(30) NOT NULL,
  `type` int(10) NOT NULL COMMENT '1->person,  2-> company',
  `name` varchar(300) CHARACTER SET utf8mb4 NOT NULL,
  `client_number` varchar(100) DEFAULT NULL,
  `gender` int(10) DEFAULT NULL COMMENT '1->Mail,   2->Femail',
  `ID_number` varchar(50) DEFAULT NULL,
  `card_id` int(30) DEFAULT NULL,
  `commercial_license` varchar(100) CHARACTER SET utf8mb4 DEFAULT NULL,
  `country_id` int(30) NOT NULL,
  `city_id` int(11) NOT NULL,
  `address` varchar(255) CHARACTER SET utf8mb4 DEFAULT NULL,
  `phone` varchar(20) DEFAULT NULL,
  `mobile` varchar(20) DEFAULT NULL,
  `email` varchar(100) DEFAULT NULL,
  `notes` text CHARACTER SET utf8mb4,
  `status` enum('active','not_active') NOT NULL DEFAULT 'active',
  `created_at` timestamp NULL DEFAULT CURRENT_TIMESTAMP,
  `updated_at` timestamp NULL DEFAULT NULL,
  `deleted_at` timestamp NULL DEFAULT NULL
) ENGINE=InnoDB DEFAULT CHARSET=latin1;

--
-- إرجاع أو استيراد بيانات الجدول `clients`
--

INSERT INTO `clients` (`id`, `office_id`, `type`, `name`, `client_number`, `gender`, `ID_number`, `card_id`, `commercial_license`, `country_id`, `city_id`, `address`, `phone`, `mobile`, `email`, `notes`, `status`, `created_at`, `updated_at`, `deleted_at`) VALUES
(1, 176, 1, 'عبد الله احمد محمد', '00001', 1, '800955050', 1, NULL, 6, 11, 'جدة - البنك الاهلي - الميدان العام', '246040', '0597116675', 'mohammed@gmail.com', 'المحامي عبد الله احمد محمد, مستشار قانوني يعمل لدى العديد من الجهات الحكومية والمنظمات الأهلية.', 'active', '2020-03-18 18:11:08', '2020-04-05 09:14:11', NULL),
(2, 176, 2, 'الهدى للإستشارات القانونية والتجارية', '00002', NULL, NULL, NULL, 'Trade2009A00', 6, 10, 'مقابل المكتبة العامة', '2458844', '0599406080', 'alhoda@yahoo.com', 'تملك الهدى للإستشارات القانونية والتجارية العديد من المكاتب تملك الهدى للإستشارات القانونية والتجارية العديد من المكاتب تملك الهدى للإستشارات القانونية والتجارية العديد من المكاتب تملك الهدى للإستشارات القانونية والتجارية العديد من المكاتب.', 'not_active', '2020-03-18 18:15:24', '2020-04-05 09:22:41', NULL),
(3, 176, 1, 'Test Test', '00003', 1, '110323241', 1, NULL, 6, 16, 'test address 11 12 ,3 4343', '34343434343', '343434343', 'dsdsw@dd.com', 'Test Note Test note TEST TEST TEST Test Note Test note TEST TEST TEST Test Note Test note TEST TEST TEST Test Note Test note TEST TEST TEST Test Note Test note TEST TEST TEST Test Note Test note TEST TEST TEST Test Note Test note TEST TEST TEST Test Note Test note TEST TEST TEST Test Note Test note TEST TEST TEST Test Note Test note TEST TEST TEST Test Note Test note TEST TEST TEST', 'not_active', '2020-03-29 11:57:35', '2020-03-31 12:09:49', '2020-03-31 12:09:49'),
(4, 176, 1, 'Test test', '00004', 1, NULL, 1, NULL, 6, 10, NULL, NULL, NULL, 'dfdfdf@fdffd.com', NULL, 'active', '2020-03-29 12:03:29', '2020-03-29 12:04:06', '2020-03-29 12:04:06'),
(5, 176, 1, 'quick add test', '00004', NULL, '32121212121', 1, NULL, 6, 10, NULL, NULL, NULL, 'sdsds@sdsd.com', NULL, 'active', '2020-03-29 15:09:32', '2020-03-31 12:09:49', '2020-03-31 12:09:49'),
(6, 176, 1, 'Test Name', '00005', 1, NULL, 1, NULL, 6, 12, 'Kahf', NULL, NULL, 'khkh323@gmail.com', 'Test', 'active', '2020-03-30 13:46:24', '2020-03-30 13:48:31', '2020-03-30 13:48:31'),
(7, 176, 1, '234234', '00005', 1, '2342323', 1, NULL, 6, 10, 'ASDASD', '234234', '42234', 'sdfsdff@pis.ps', 'aa', 'active', '2020-03-31 12:09:27', '2020-03-31 12:09:49', '2020-03-31 12:09:49'),
(8, 176, 1, 'sdfsdf', '00003', 1, '234234', 1, NULL, 6, 10, 'adsasd', '324234', '234234', 'sdfsdf@aaaa.ps', 'asdasd', 'active', '2020-03-31 12:10:20', '2020-03-31 12:10:30', '2020-03-31 12:10:30'),
(9, 176, 1, 'سيبسيب', '00003', 1, '234234', 1, NULL, 6, 10, '242343', '452345', '2423', 'asdfasd@sfdsdf.ps', 'sdfsdf', 'active', '2020-03-31 12:38:09', '2020-03-31 12:38:19', '2020-03-31 12:38:19'),
(10, 176, 1, 'asdasas', '00003', 1, '234234', 1, NULL, 6, 10, 'sfdsf', '34234', '234234', 'fsdf@fsdsdf.ps', 'asdasd', 'active', '2020-03-31 12:39:00', '2020-03-31 12:40:47', '2020-03-31 12:40:47'),
(11, 176, 1, 'asdasas', '00004', 1, '234234', 1, NULL, 6, 10, 'sfdsf', '34234', '234234', 'fsdf@fsdsdf.ps', 'asdasd', 'active', '2020-03-31 12:39:00', '2020-03-31 12:40:36', '2020-03-31 12:40:36'),
(12, 176, 1, 'asdasas', '00005', 1, '234234', 1, NULL, 6, 10, 'sfdsf', '34234', '234234', 'fsdf@fsdsdf.ps', 'asdasd', 'active', '2020-03-31 12:39:00', '2020-03-31 12:40:36', '2020-03-31 12:40:36'),
(13, 176, 1, 'asdasas', '00006', 1, '234234', 1, NULL, 6, 10, 'sfdsf', '34234', '234234', 'fsdf@fsdsdf.ps', 'asdasd', 'active', '2020-03-31 12:39:00', '2020-03-31 12:40:36', '2020-03-31 12:40:36'),
(14, 176, 1, 'asdasas', '00007', 1, '234234', 1, NULL, 6, 10, 'sfdsf', '34234', '234234', 'fsdf@fsdsdf.ps', 'asdasd', 'active', '2020-03-31 12:39:01', '2020-03-31 12:40:36', '2020-03-31 12:40:36'),
(15, 176, 1, 'asdasas', '00008', 1, '234234', 1, NULL, 6, 10, 'sfdsf', '34234', '234234', 'fsdf@fsdsdf.ps', 'asdasd', 'active', '2020-03-31 12:39:01', '2020-03-31 12:40:36', '2020-03-31 12:40:36'),
(16, 176, 1, 'asdasas', '00009', 1, '234234', 1, NULL, 6, 10, 'sfdsf', '34234', '234234', 'fsdf@fsdsdf.ps', 'asdasd', 'active', '2020-03-31 12:39:01', '2020-03-31 12:40:25', '2020-03-31 12:40:25'),
(17, 176, 1, 'asdasas', '00010', 1, '234234', 1, NULL, 6, 10, 'sfdsf', '34234', '234234', 'fsdf@fsdsdf.ps', 'asdasd', 'active', '2020-03-31 12:39:01', '2020-03-31 12:40:25', '2020-03-31 12:40:25'),
(18, 176, 1, 'asdasas', '00011', 1, '234234', 1, NULL, 6, 10, 'sfdsf', '34234', '234234', 'fsdf@fsdsdf.ps', 'asdasd', 'active', '2020-03-31 12:39:02', '2020-03-31 12:40:25', '2020-03-31 12:40:25'),
(19, 176, 1, 'asdasas', '00012', 1, '234234', 1, NULL, 6, 10, 'sfdsf', '34234', '234234', 'fsdf@fsdsdf.ps', 'asdasd', 'active', '2020-03-31 12:39:02', '2020-03-31 12:40:25', '2020-03-31 12:40:25'),
(20, 176, 1, 'asdasas', '00013', 1, '234234', 1, NULL, 6, 10, 'sfdsf', '34234', '234234', 'fsdf@fsdsdf.ps', 'asdasd', 'active', '2020-03-31 12:39:02', '2020-03-31 12:40:25', '2020-03-31 12:40:25'),
(21, 176, 1, 'asdasas', '00014', 1, '234234', 1, NULL, 6, 10, 'sfdsf', '34234', '234234', 'fsdf@fsdsdf.ps', 'asdasd', 'active', '2020-03-31 12:39:02', '2020-03-31 12:40:15', '2020-03-31 12:40:15'),
(22, 176, 1, 'asdasas', '00015', 1, '234234', 1, NULL, 6, 10, 'sfdsf', '34234', '234234', 'fsdf@fsdsdf.ps', 'asdasd', 'active', '2020-03-31 12:39:03', '2020-03-31 12:40:15', '2020-03-31 12:40:15'),
(23, 176, 1, 'asdasas', '00016', 1, '234234', 1, NULL, 6, 10, 'sfdsf', '34234', '234234', 'fsdf@fsdsdf.ps', 'asdasd', 'active', '2020-03-31 12:39:03', '2020-03-31 12:40:15', '2020-03-31 12:40:15'),
(24, 176, 1, 'asdasas', '00017', 1, '234234', 1, NULL, 6, 10, 'sfdsf', '34234', '234234', 'fsdf@fsdsdf.ps', 'asdasd', 'active', '2020-03-31 12:39:03', '2020-03-31 12:40:15', '2020-03-31 12:40:15'),
(25, 176, 1, 'asdasas', '00018', 1, '234234', 1, NULL, 6, 10, 'sfdsf', '34234', '234234', 'fsdf@fsdsdf.ps', 'asdasd', 'active', '2020-03-31 12:39:03', '2020-03-31 12:40:15', '2020-03-31 12:40:15'),
(26, 176, 1, 'asdasas', '00019', 1, '234234', 1, NULL, 6, 10, 'sfdsf', '34234', '234234', 'fsdf@fsdsdf.ps', 'asdasd', 'active', '2020-03-31 12:39:03', '2020-03-31 12:39:53', '2020-03-31 12:39:53'),
(27, 176, 1, 'asdasas', '00020', 1, '234234', 1, NULL, 6, 10, 'sfdsf', '34234', '234234', 'fsdf@fsdsdf.ps', 'asdasd', 'active', '2020-03-31 12:39:04', '2020-03-31 12:39:53', '2020-03-31 12:39:53'),
(28, 176, 1, 'asdasas', '00021', 1, '234234', 1, NULL, 6, 10, 'sfdsf', '34234', '234234', 'fsdf@fsdsdf.ps', 'asdasd', 'active', '2020-03-31 12:39:04', '2020-03-31 12:39:53', '2020-03-31 12:39:53'),
(29, 176, 1, 'asdasas', '00022', 1, '234234', 1, NULL, 6, 10, 'sfdsf', '34234', '234234', 'fsdf@fsdsdf.ps', 'asdasd', 'active', '2020-03-31 12:39:04', '2020-03-31 12:39:53', '2020-03-31 12:39:53'),
(30, 176, 1, 'asdasas', '00023', 1, '234234', 1, NULL, 6, 10, 'sfdsf', '34234', '234234', 'fsdf@fsdsdf.ps', 'asdasd', 'active', '2020-03-31 12:39:04', '2020-03-31 12:39:53', '2020-03-31 12:39:53'),
(31, 176, 2, '123412312', '00003', NULL, NULL, NULL, '455345345', 6, 10, '4234', '4124124', '2342341', 'asdfsdfs@dfsf.ps', 'ddd', 'active', '2020-03-31 12:42:25', '2020-03-31 12:42:25', NULL),
(32, 176, 1, 'ريم عبد الله البحراني', '00004', NULL, '23423423', 1, NULL, 6, 10, 'وسط البلد', '234234', NULL, 'reembahrani@gmail.com', NULL, 'active', '2020-04-02 13:00:04', '2020-04-02 13:00:04', NULL),
(33, 176, 1, 'aa', '00005', 1, '423423', 1, NULL, 6, 10, NULL, NULL, NULL, 'asdasdasd@fsdfsd.ps', NULL, 'active', '2020-04-05 09:25:00', '2020-04-05 09:25:15', '2020-04-05 09:25:15'),
(34, 176, 1, '111111111111', '00005', NULL, '11111', 1, NULL, 6, 10, 'aa', '234234', NULL, 'sdasdas@fsfs.ps', NULL, 'active', '2020-04-05 14:00:54', '2020-04-05 14:01:31', '2020-04-05 14:01:31'),
(35, 176, 1, '111111111111', '00006', NULL, '11111', 1, NULL, 6, 10, 'aa', '234234', NULL, 'sdasdas@fsfs.ps', NULL, 'active', '2020-04-05 14:00:54', '2020-04-05 14:01:31', '2020-04-05 14:01:31'),
(36, 176, 1, '111111111111', '00007', NULL, '11111', 1, NULL, 6, 10, 'aa', '234234', NULL, 'sdasdas@fsfs.ps', NULL, 'active', '2020-04-05 14:00:54', '2020-04-05 14:01:14', '2020-04-05 14:01:14'),
(37, 176, 1, '111111111111', '00008', NULL, '11111', 1, NULL, 6, 10, 'aa', '234234', NULL, 'sdasdas@fsfs.ps', NULL, 'active', '2020-04-05 14:00:54', '2020-04-05 14:01:14', '2020-04-05 14:01:14'),
(38, 176, 1, '111111111111', '00009', NULL, '11111', 1, NULL, 6, 10, 'aa', '234234', NULL, 'sdasdas@fsfs.ps', NULL, 'active', '2020-04-05 14:00:54', '2020-04-05 14:01:14', '2020-04-05 14:01:14'),
(39, 176, 1, '111111111111', '00010', NULL, '11111', 1, NULL, 6, 10, 'aa', '234234', NULL, 'sdasdas@fsfs.ps', NULL, 'active', '2020-04-05 14:00:54', '2020-04-05 14:01:14', '2020-04-05 14:01:14'),
(40, 176, 1, '111111111111', '00011', NULL, '11111', 1, NULL, 6, 10, 'aa', '234234', NULL, 'sdasdas@fsfs.ps', NULL, 'active', '2020-04-05 14:00:55', '2020-04-05 14:01:14', '2020-04-05 14:01:14'),
(41, 176, 1, '23423423423', '00005', NULL, '235423423', 1, NULL, 6, 10, '24234234', '2342323', NULL, 'sdfsdfsd@fsdf.pd', NULL, 'active', '2020-04-05 14:06:15', '2020-04-05 14:06:34', '2020-04-05 14:06:34'),
(42, 176, 1, 'ملك عبد الله', '00005', NULL, '111', 1, NULL, 6, 10, 'جدة', '234213412', NULL, 'malak@gmail.com', NULL, 'active', '2020-04-05 16:32:42', '2020-04-05 16:41:50', '2020-04-05 16:41:50'),
(43, 176, 1, 'عبد الرحمن احمد', '00006', NULL, '3423421', 1, NULL, 6, 10, 'مكة', '2342323', NULL, 'abedelrhman@gmail.com', NULL, 'active', '2020-04-05 16:34:02', '2020-04-05 16:41:50', '2020-04-05 16:41:50'),
(44, 176, 1, 'إبراهيم ساهر', '00007', NULL, '23234234', 1, NULL, 6, 10, '234234', '234234', NULL, 'ibraheem@gmail.com', NULL, 'active', '2020-04-05 16:39:38', '2020-04-05 16:41:50', '2020-04-05 16:41:50'),
(45, 176, 1, 'ملك عبد الله', '00005', NULL, '124234', 1, NULL, 6, 10, 'ششش', '324234', NULL, 'malak@gmail.com', NULL, 'active', '2020-04-05 16:42:27', '2020-04-05 16:42:27', NULL),
(46, 176, 1, 'Osama Ahmed', '00006', NULL, '235235', 1, NULL, 6, 10, 'وسط البلد', '432423', NULL, 'asdfdas@gddfg.ps', NULL, 'active', '2020-04-05 16:43:10', '2020-04-05 16:43:10', NULL),
(47, 176, 1, 'مهند عمر', '00007', NULL, '534534', 1, NULL, 6, 10, 'شش', '324234234', NULL, 'muhanned35@gmail.com', NULL, 'active', '2020-04-05 16:43:48', '2020-04-05 16:43:48', NULL);

-- --------------------------------------------------------

--
-- بنية الجدول `clients_descriptions`
--

CREATE TABLE `clients_descriptions` (
  `id` int(11) NOT NULL,
  `status` enum('active','not_active') NOT NULL DEFAULT 'active',
  `created_at` timestamp NOT NULL DEFAULT CURRENT_TIMESTAMP,
  `updated_at` timestamp NULL DEFAULT NULL,
  `deleted_at` timestamp NULL DEFAULT NULL
) ENGINE=InnoDB DEFAULT CHARSET=latin1;

--
-- إرجاع أو استيراد بيانات الجدول `clients_descriptions`
--

INSERT INTO `clients_descriptions` (`id`, `status`, `created_at`, `updated_at`, `deleted_at`) VALUES
(1, 'active', '2019-12-25 13:18:10', NULL, NULL),
(2, 'active', '2019-12-25 13:18:14', NULL, NULL),
(3, 'active', '2020-01-06 12:52:49', NULL, NULL),
(4, 'active', '2020-03-25 12:33:53', '2020-03-25 12:34:17', '2020-03-25 12:34:17'),
(5, 'active', '2020-03-25 12:34:29', '2020-03-25 12:34:39', '2020-03-25 12:34:39'),
(6, 'active', '2020-03-25 14:27:08', '2020-03-25 14:27:21', '2020-03-25 14:27:21'),
(7, 'active', '2020-03-25 14:27:14', '2020-03-25 14:27:41', '2020-03-25 14:27:41');

-- --------------------------------------------------------

--
-- بنية الجدول `client_description_translations`
--

CREATE TABLE `client_description_translations` (
  `id` int(30) NOT NULL,
  `client_description_id` int(30) NOT NULL,
  `locale` varchar(30) NOT NULL,
  `name` varchar(300) CHARACTER SET utf8mb4 NOT NULL,
  `created_at` timestamp NOT NULL DEFAULT CURRENT_TIMESTAMP,
  `updated_at` timestamp NULL DEFAULT NULL,
  `deleted_at` timestamp NULL DEFAULT NULL
) ENGINE=InnoDB DEFAULT CHARSET=latin1;

--
-- إرجاع أو استيراد بيانات الجدول `client_description_translations`
--

INSERT INTO `client_description_translations` (`id`, `client_description_id`, `locale`, `name`, `created_at`, `updated_at`, `deleted_at`) VALUES
(5, 1, 'en', 'Defendant\r\n', '2020-01-06 08:28:13', NULL, NULL),
(6, 1, 'ar', 'المدعى عليه\r\n', '2020-01-06 08:28:13', NULL, NULL),
(7, 3, 'en', 'Others\r\n', '2020-01-06 08:30:56', NULL, NULL),
(8, 3, 'ar', 'أخرى', '2020-01-06 08:30:56', NULL, NULL),
(9, 2, 'en', 'claimant', '2020-01-06 12:53:16', NULL, NULL),
(10, 2, 'ar', 'المدعى ', '2020-01-06 12:53:16', NULL, NULL),
(11, 4, 'en', '333', '2020-03-25 12:33:53', '2020-03-25 12:34:07', NULL),
(12, 4, 'ar', '444', '2020-03-25 12:33:53', '2020-03-25 12:34:07', NULL),
(13, 5, 'en', '555', '2020-03-25 12:34:29', '2020-03-25 12:34:29', NULL),
(14, 5, 'ar', '3434', '2020-03-25 12:34:29', '2020-03-25 12:34:29', NULL),
(15, 6, 'en', '555', '2020-03-25 14:27:08', '2020-03-25 14:27:08', NULL),
(16, 6, 'ar', '333333333', '2020-03-25 14:27:08', '2020-03-25 14:27:08', NULL),
(17, 7, 'en', '888', '2020-03-25 14:27:14', '2020-03-25 14:27:14', NULL),
(18, 7, 'ar', '55555555555', '2020-03-25 14:27:14', '2020-03-25 14:27:30', NULL);

-- --------------------------------------------------------

--
-- بنية الجدول `consultations`
--

CREATE TABLE `consultations` (
  `id` int(30) NOT NULL,
  `status` enum('active','not_active') NOT NULL,
  `created_at` timestamp NOT NULL DEFAULT CURRENT_TIMESTAMP,
  `updated_at` timestamp NULL DEFAULT NULL,
  `deleted_at` timestamp NULL DEFAULT NULL
) ENGINE=InnoDB DEFAULT CHARSET=latin1;

--
-- إرجاع أو استيراد بيانات الجدول `consultations`
--

INSERT INTO `consultations` (`id`, `status`, `created_at`, `updated_at`, `deleted_at`) VALUES
(1, 'active', '2019-10-26 07:43:56', NULL, NULL),
(2, 'active', '2019-10-26 07:43:56', NULL, NULL),
(3, 'active', '2019-10-26 07:44:02', NULL, NULL),
(4, 'active', '2019-10-26 07:44:02', NULL, NULL),
(5, 'active', '2019-10-26 07:44:07', '2020-03-24 14:29:03', '2020-03-24 14:29:03'),
(17, 'active', '2020-03-24 14:37:03', '2020-03-24 14:38:21', '2020-03-24 14:38:21'),
(18, 'active', '2020-03-25 14:22:55', '2020-03-25 14:23:12', '2020-03-25 14:23:12'),
(19, 'active', '2020-03-25 14:23:02', '2020-03-25 14:23:28', '2020-03-25 14:23:28');

-- --------------------------------------------------------

--
-- بنية الجدول `consultation_translations`
--

CREATE TABLE `consultation_translations` (
  `id` int(11) NOT NULL,
  `consultation_id` int(11) NOT NULL,
  `locale` varchar(50) NOT NULL,
  `name` varchar(300) CHARACTER SET utf8mb4 NOT NULL,
  `created_at` timestamp NOT NULL DEFAULT CURRENT_TIMESTAMP,
  `updated_at` timestamp NULL DEFAULT NULL,
  `deleted_at` timestamp NULL DEFAULT NULL
) ENGINE=InnoDB DEFAULT CHARSET=latin1;

--
-- إرجاع أو استيراد بيانات الجدول `consultation_translations`
--

INSERT INTO `consultation_translations` (`id`, `consultation_id`, `locale`, `name`, `created_at`, `updated_at`, `deleted_at`) VALUES
(1, 1, 'ar', 'حضور جلسة', '2020-02-24 07:58:10', NULL, NULL),
(2, 1, 'en', 'Attend a session', '2020-02-24 07:58:10', NULL, NULL),
(3, 2, 'ar', 'تخليص معاملة', '2020-02-24 07:58:43', NULL, NULL),
(4, 2, 'en', 'Clearance transaction', '2020-02-24 07:58:43', NULL, NULL),
(5, 3, 'ar', 'تحكيم', '2020-02-24 07:59:20', NULL, NULL),
(6, 3, 'en', 'Arbitration', '2020-02-24 07:59:20', NULL, NULL),
(7, 4, 'ar', 'حضور إجتماعات', '2020-02-24 07:59:51', NULL, NULL),
(8, 4, 'en', 'Attending meetings', '2020-02-24 07:59:51', NULL, NULL),
(9, 5, 'ar', 'إستشارات', '2020-02-24 08:00:22', NULL, NULL),
(10, 5, 'en', 'Consulting', '2020-02-24 08:00:22', NULL, NULL),
(11, 17, 'en', '11111111', '2020-03-24 14:37:03', '2020-03-24 14:37:16', NULL),
(12, 17, 'ar', '2222222', '2020-03-24 14:37:03', '2020-03-24 14:37:16', NULL),
(13, 18, 'en', '333', '2020-03-25 14:22:55', '2020-03-25 14:22:55', NULL),
(14, 18, 'ar', '444', '2020-03-25 14:22:55', '2020-03-25 14:22:55', NULL),
(15, 19, 'en', '88', '2020-03-25 14:23:02', '2020-03-25 14:23:02', NULL),
(16, 19, 'ar', '988888', '2020-03-25 14:23:02', '2020-03-25 14:23:18', NULL);

-- --------------------------------------------------------

--
-- بنية الجدول `contacts`
--

CREATE TABLE `contacts` (
  `id` int(11) NOT NULL,
  `name` varchar(300) COLLATE utf8_unicode_ci NOT NULL,
  `mobile` varchar(15) COLLATE utf8_unicode_ci NOT NULL,
  `message` text COLLATE utf8_unicode_ci NOT NULL,
  `email` varchar(300) COLLATE utf8_unicode_ci DEFAULT NULL,
  `read` tinyint(1) NOT NULL,
  `created_at` timestamp NOT NULL DEFAULT CURRENT_TIMESTAMP,
  `updated_at` timestamp NOT NULL DEFAULT '0000-00-00 00:00:00',
  `deleted_at` timestamp NULL DEFAULT NULL
) ENGINE=InnoDB DEFAULT CHARSET=utf8 COLLATE=utf8_unicode_ci;

--
-- إرجاع أو استيراد بيانات الجدول `contacts`
--

INSERT INTO `contacts` (`id`, `name`, `mobile`, `message`, `email`, `read`, `created_at`, `updated_at`, `deleted_at`) VALUES
(17, 'loai', '70809050', 'test message of contact the application leader', 'email@test.com', 1, '2019-03-28 14:53:10', '2019-04-15 20:20:59', NULL),
(18, 'loai2', '70809052', 'test message of contact the application leader2', 'email@test2.com', 1, '2019-03-28 14:54:25', '2019-04-24 21:57:11', NULL),
(19, 'loai2', '70809052', 'test message of contact the application leader2', 'email@test2.com', 1, '2019-04-30 13:52:59', '2019-05-28 08:59:13', NULL),
(20, 'loai2', '70809052', 'test message of contact the application leader2', 'tt@tt.com', 0, '2019-04-30 13:53:40', '2019-04-30 13:53:40', NULL),
(21, 'loai2', '70809052', 'test message of contact the application leader2', 'email@test2.com', 0, '2019-04-30 15:35:52', '2019-04-30 15:35:52', NULL),
(22, 'ddff', '0857412580', 'gder', 'dfdfg@fd.com', 0, '2019-04-30 15:45:56', '2019-04-30 15:45:56', NULL),
(23, 'ezhm', '5512253360', 'dsagdhf hgd hhefsg', 'ezhm@e.com', 0, '2019-05-02 08:31:44', '2019-05-02 08:31:44', NULL),
(24, 'ezhm', '5512253360', 'werw', 'ezhm@e.com', 0, '2019-06-12 19:49:20', '2019-06-12 19:49:20', NULL),
(25, '123123123', '123123123', '123123123', 'rr@rr.rr', 0, '2019-06-13 17:00:20', '2019-06-13 17:00:20', NULL),
(26, '13526533', '13526533', '13526533', 'tt@tt.com', 1, '2019-06-18 16:14:13', '2019-06-18 16:14:25', NULL),
(27, 'gdgg', '2580258555', 'fchhdf', 't@t.t', 0, '2019-06-19 23:25:24', '2019-06-19 23:25:24', NULL),
(28, 'gdgg', '2580258555', 'fchhdf', 't@t.t', 0, '2019-06-19 23:25:26', '2019-06-19 23:25:26', NULL),
(29, 'gdgg', '258025855', 'fchhdf', 't@t.t', 0, '2019-06-19 23:25:30', '2019-06-19 23:25:30', NULL),
(30, 'gdgg', '258025855', 'fchhdf', 't@t.t', 0, '2019-06-19 23:25:50', '2019-06-19 23:25:50', NULL),
(31, 'gdgg', '258025855', 'fchhdf', 't@t.t', 0, '2019-06-19 23:25:52', '2019-06-19 23:25:52', NULL),
(32, 'gdgg', '258025855', 'fchhdf', 't@t.t', 0, '2019-06-19 23:25:57', '2019-06-19 23:25:57', NULL),
(33, 'gdgg', '258025855', 'fchhdf', 't@t.t', 1, '2019-06-19 23:25:58', '2019-06-25 21:59:28', NULL),
(34, 'ريم', '0594260459', 'addgf', 'ezhm@e3.com', 1, '2019-07-29 18:12:37', '2019-09-05 06:30:22', NULL),
(35, 'ezhm', '5512253360', 'qwed', 'ezhm@e.com', 1, '2019-07-29 18:13:55', '2019-09-05 06:30:17', NULL),
(36, 'ezhm', '555882528228', 'qwer', 'ezhm@e.com', 1, '2019-07-29 18:14:29', '2019-10-17 03:27:20', NULL),
(37, 'ezhm', '5512253360', 'qwed', 'ezhm@e.com', 1, '2019-08-18 21:08:56', '2019-09-29 09:25:42', '2019-09-29 09:25:42'),
(38, 'Nabil Tayeh', '0597116675', 'Test By Nabil Tayeh - Monday', 'nabil_9000@hotmail.com', 1, '2019-09-09 06:23:37', '2019-09-26 03:43:35', '2019-09-26 03:43:35');

-- --------------------------------------------------------

--
-- بنية الجدول `contenders`
--

CREATE TABLE `contenders` (
  `id` int(11) NOT NULL,
  `status` enum('not_active','active') CHARACTER SET utf8mb4 COLLATE utf8mb4_unicode_ci DEFAULT 'active',
  `created_at` timestamp NULL DEFAULT NULL ON UPDATE CURRENT_TIMESTAMP,
  `updated_at` timestamp NULL DEFAULT NULL,
  `deleted_at` timestamp NULL DEFAULT NULL
) ENGINE=InnoDB DEFAULT CHARSET=latin1;

--
-- إرجاع أو استيراد بيانات الجدول `contenders`
--

INSERT INTO `contenders` (`id`, `status`, `created_at`, `updated_at`, `deleted_at`) VALUES
(1, 'active', '2019-12-26 08:02:45', '2019-10-16 04:57:01', NULL),
(2, 'active', '2019-12-26 08:02:50', '2019-09-30 07:11:36', NULL),
(3, 'active', '2019-12-26 08:02:56', '2019-09-30 06:39:14', NULL),
(4, 'active', '2019-12-26 08:03:02', '2019-09-30 06:41:18', NULL),
(5, 'active', '2019-12-26 08:03:07', '2019-10-16 04:55:25', NULL),
(6, 'active', '2020-03-25 09:14:07', '2020-03-25 14:14:07', '2020-03-25 14:14:07'),
(7, 'active', '2020-03-25 09:15:20', '2020-03-25 14:15:20', '2020-03-25 14:15:20'),
(8, 'active', '2020-03-25 09:28:15', '2020-03-25 14:28:15', '2020-03-25 14:28:15'),
(9, 'active', '2020-03-25 09:28:35', '2020-03-25 14:28:35', '2020-03-25 14:28:35'),
(10, 'active', '2020-03-25 09:32:10', '2020-03-25 14:32:10', '2020-03-25 14:32:10');

-- --------------------------------------------------------

--
-- بنية الجدول `contender_translations`
--

CREATE TABLE `contender_translations` (
  `id` int(11) NOT NULL,
  `contender_id` int(11) NOT NULL,
  `locale` varchar(30) NOT NULL,
  `name` varchar(200) CHARACTER SET utf8mb4 NOT NULL,
  `created_at` timestamp NULL DEFAULT NULL ON UPDATE CURRENT_TIMESTAMP,
  `updated_at` timestamp NULL DEFAULT NULL,
  `deleted_at` timestamp NULL DEFAULT NULL
) ENGINE=InnoDB DEFAULT CHARSET=latin1;

--
-- إرجاع أو استيراد بيانات الجدول `contender_translations`
--

INSERT INTO `contender_translations` (`id`, `contender_id`, `locale`, `name`, `created_at`, `updated_at`, `deleted_at`) VALUES
(1, 1, 'ar', 'فرد', NULL, NULL, NULL),
(2, 1, 'en', 'Person', NULL, NULL, NULL),
(3, 2, 'ar', 'شركة', NULL, NULL, NULL),
(4, 2, 'en', 'Company', NULL, NULL, NULL),
(5, 3, 'ar', 'هيئة', NULL, NULL, NULL),
(6, 3, 'en', 'Organization', NULL, NULL, NULL),
(7, 4, 'ar', 'مؤسسة', NULL, NULL, NULL),
(8, 4, 'en', 'Institution', NULL, NULL, NULL),
(9, 5, 'ar', 'حكومي', NULL, NULL, NULL),
(10, 5, 'en', 'Governmental', NULL, NULL, NULL),
(11, 6, 'en', '55555', '2020-03-25 14:13:19', '2020-03-25 14:13:19', NULL),
(12, 6, 'ar', '3333', '2020-03-25 14:13:19', '2020-03-25 14:13:19', NULL),
(13, 7, 'en', '66', '2020-03-25 14:13:25', '2020-03-25 14:13:25', NULL),
(14, 7, 'ar', '77', '2020-03-25 09:14:17', '2020-03-25 14:14:17', NULL),
(15, 8, 'en', '234', '2020-03-25 14:28:01', '2020-03-25 14:28:01', NULL),
(16, 8, 'ar', 'erter', '2020-03-25 14:28:01', '2020-03-25 14:28:01', NULL),
(17, 9, 'en', '345234', '2020-03-25 14:28:07', '2020-03-25 14:28:07', NULL),
(18, 9, 'ar', '88888888888', '2020-03-25 09:28:22', '2020-03-25 14:28:22', NULL),
(19, 10, 'en', '1111111', '2020-03-25 14:32:01', '2020-03-25 14:32:01', NULL),
(20, 10, 'ar', '22222', '2020-03-25 14:32:01', '2020-03-25 14:32:01', NULL);

-- --------------------------------------------------------

--
-- بنية الجدول `countries`
--

CREATE TABLE `countries` (
  `id` int(11) NOT NULL,
  `status` enum('active','not_active') NOT NULL DEFAULT 'active',
  `code` varchar(50) NOT NULL,
  `created_at` timestamp NULL DEFAULT CURRENT_TIMESTAMP ON UPDATE CURRENT_TIMESTAMP,
  `updated_at` timestamp NULL DEFAULT NULL,
  `deleted_at` timestamp NULL DEFAULT NULL
) ENGINE=InnoDB DEFAULT CHARSET=latin1;

--
-- إرجاع أو استيراد بيانات الجدول `countries`
--

INSERT INTO `countries` (`id`, `status`, `code`, `created_at`, `updated_at`, `deleted_at`) VALUES
(6, 'active', 'Sa', '2019-11-03 08:38:57', '2019-11-03 08:38:57', NULL),
(8, 'active', 'PS', '2020-02-23 09:58:20', NULL, NULL),
(9, 'active', '13384939', '2020-03-24 09:18:00', '2020-03-24 14:18:00', '2020-03-24 14:18:00'),
(10, 'active', '111', '2020-03-24 09:18:48', '2020-03-24 14:18:48', '2020-03-24 14:18:48'),
(11, 'active', '23423', '2020-03-25 09:16:44', '2020-03-25 14:16:44', '2020-03-25 14:16:44'),
(12, 'active', '3', '2020-03-25 09:17:05', '2020-03-25 14:17:05', '2020-03-25 14:17:05');

-- --------------------------------------------------------

--
-- بنية الجدول `country_translations`
--

CREATE TABLE `country_translations` (
  `id` int(11) NOT NULL,
  `country_id` int(11) NOT NULL,
  `locale` varchar(30) NOT NULL,
  `name` varchar(200) CHARACTER SET utf8mb4 NOT NULL,
  `created_at` timestamp NULL DEFAULT CURRENT_TIMESTAMP,
  `updated_at` timestamp NULL DEFAULT NULL,
  `deleted_at` timestamp NULL DEFAULT NULL
) ENGINE=InnoDB DEFAULT CHARSET=latin1;

--
-- إرجاع أو استيراد بيانات الجدول `country_translations`
--

INSERT INTO `country_translations` (`id`, `country_id`, `locale`, `name`, `created_at`, `updated_at`, `deleted_at`) VALUES
(11, 6, 'en', 'Saudia Arabia', '2019-11-03 08:38:59', '2019-11-03 08:38:59', NULL),
(12, 6, 'ar', 'المملكة العربية السعودية', '2019-11-03 08:38:59', '2019-11-03 08:38:59', NULL),
(15, 8, 'ar', 'فلسطين', '2020-02-23 09:58:56', NULL, NULL),
(16, 8, 'en', 'Palestine', '2020-02-23 09:58:56', NULL, NULL),
(17, 9, 'en', '23423423', '2020-03-24 14:12:51', '2020-03-24 14:12:51', NULL),
(18, 9, 'ar', 'dfsdfsd', '2020-03-24 14:12:51', '2020-03-24 14:12:51', NULL),
(19, 10, 'en', 'غزة', '2020-03-24 14:18:10', '2020-03-24 14:18:32', NULL),
(20, 10, 'ar', 'Gaza', '2020-03-24 14:18:10', '2020-03-24 14:18:32', NULL),
(21, 11, 'en', '4234', '2020-03-25 14:16:21', '2020-03-25 14:16:21', NULL),
(22, 11, 'ar', '333', '2020-03-25 14:16:21', '2020-03-25 14:16:32', NULL),
(23, 12, 'en', '23234523', '2020-03-25 14:16:56', '2020-03-25 14:16:56', NULL),
(24, 12, 'ar', '1', '2020-03-25 14:16:56', '2020-03-25 14:16:56', NULL);

-- --------------------------------------------------------

--
-- بنية الجدول `departments`
--

CREATE TABLE `departments` (
  `id` int(11) NOT NULL,
  `status` enum('active','not_active') NOT NULL DEFAULT 'active',
  `created_at` timestamp NULL DEFAULT CURRENT_TIMESTAMP ON UPDATE CURRENT_TIMESTAMP,
  `updated_at` timestamp NULL DEFAULT NULL,
  `deleted_at` timestamp NULL DEFAULT NULL
) ENGINE=InnoDB DEFAULT CHARSET=latin1;

--
-- إرجاع أو استيراد بيانات الجدول `departments`
--

INSERT INTO `departments` (`id`, `status`, `created_at`, `updated_at`, `deleted_at`) VALUES
(1, 'active', '2020-03-12 12:15:28', NULL, NULL),
(2, 'active', '2020-03-12 12:15:34', NULL, NULL),
(3, 'active', '2020-03-12 12:15:38', NULL, NULL),
(4, 'active', '2020-03-12 12:15:43', NULL, NULL),
(5, 'active', '2020-03-12 12:15:48', NULL, NULL),
(6, 'active', '2020-03-12 12:15:52', NULL, NULL),
(7, 'active', '2020-03-12 12:15:58', NULL, NULL),
(8, 'active', '2020-03-12 12:16:03', NULL, NULL),
(9, 'active', '2020-03-12 12:16:10', NULL, NULL);

-- --------------------------------------------------------

--
-- بنية الجدول `department_translations`
--

CREATE TABLE `department_translations` (
  `id` int(11) NOT NULL,
  `department_id` int(11) NOT NULL,
  `locale` varchar(30) NOT NULL,
  `name` varchar(200) CHARACTER SET utf8mb4 NOT NULL,
  `created_at` timestamp NULL DEFAULT CURRENT_TIMESTAMP,
  `updated_at` timestamp NULL DEFAULT NULL,
  `deleted_at` timestamp NULL DEFAULT NULL
) ENGINE=InnoDB DEFAULT CHARSET=latin1;

--
-- إرجاع أو استيراد بيانات الجدول `department_translations`
--

INSERT INTO `department_translations` (`id`, `department_id`, `locale`, `name`, `created_at`, `updated_at`, `deleted_at`) VALUES
(1, 1, 'ar', 'العملاء\r\n', '2020-03-12 12:19:53', NULL, NULL),
(2, 1, 'en', 'Clients', '2020-03-12 12:19:53', NULL, NULL),
(3, 2, 'ar', 'المشاريع', '2020-03-12 12:20:19', NULL, NULL),
(4, 2, 'en', 'projects', '2020-03-12 12:20:19', NULL, NULL),
(5, 3, 'ar', 'إدارة المهام', '2020-03-12 12:20:56', NULL, NULL),
(6, 3, 'en', 'tasks managment', '2020-03-12 12:20:56', NULL, NULL),
(7, 4, 'ar', 'الساعات', '2020-03-12 12:21:21', NULL, NULL),
(8, 4, 'en', 'hours', '2020-03-12 12:21:21', NULL, NULL),
(9, 5, 'ar', 'المستندات', '2020-03-12 12:21:52', NULL, NULL),
(10, 5, 'en', 'documents', '2020-03-12 12:21:52', NULL, NULL),
(11, 6, 'ar', 'الفواتير', '2020-03-12 12:22:26', NULL, NULL),
(12, 6, 'en', 'invoices', '2020-03-12 12:22:26', NULL, NULL),
(13, 7, 'ar', 'المصروفات', '2020-03-12 12:22:57', NULL, NULL),
(14, 7, 'en', 'expenses', '2020-03-12 12:22:57', NULL, NULL),
(15, 8, 'ar', 'التقارير', '2020-03-12 12:23:19', NULL, NULL),
(16, 8, 'en', 'reports', '2020-03-12 12:23:19', NULL, NULL),
(17, 9, 'ar', 'الإعدادات', '2020-03-12 12:23:55', NULL, NULL),
(18, 9, 'en', 'settings', '2020-03-12 12:23:55', NULL, NULL);

-- --------------------------------------------------------

--
-- بنية الجدول `discounts_types`
--

CREATE TABLE `discounts_types` (
  `id` int(11) NOT NULL,
  `status` enum('active','not_active') NOT NULL DEFAULT 'active',
  `created_at` timestamp NOT NULL DEFAULT CURRENT_TIMESTAMP,
  `updated_at` timestamp NULL DEFAULT NULL,
  `deleted_at` timestamp NULL DEFAULT NULL
) ENGINE=InnoDB DEFAULT CHARSET=latin1;

--
-- إرجاع أو استيراد بيانات الجدول `discounts_types`
--

INSERT INTO `discounts_types` (`id`, `status`, `created_at`, `updated_at`, `deleted_at`) VALUES
(1, 'active', '2019-12-25 13:18:10', NULL, NULL),
(2, 'active', '2019-12-25 13:18:14', NULL, NULL);

-- --------------------------------------------------------

--
-- بنية الجدول `discount_type_translations`
--

CREATE TABLE `discount_type_translations` (
  `id` int(30) NOT NULL,
  `discount_type_id` int(30) NOT NULL,
  `locale` varchar(30) NOT NULL,
  `name` varchar(300) CHARACTER SET utf8mb4 NOT NULL,
  `created_at` timestamp NOT NULL DEFAULT CURRENT_TIMESTAMP,
  `updated_at` timestamp NULL DEFAULT NULL,
  `deleted_at` timestamp NULL DEFAULT NULL
) ENGINE=InnoDB DEFAULT CHARSET=latin1;

--
-- إرجاع أو استيراد بيانات الجدول `discount_type_translations`
--

INSERT INTO `discount_type_translations` (`id`, `discount_type_id`, `locale`, `name`, `created_at`, `updated_at`, `deleted_at`) VALUES
(5, 1, 'ar', 'نسبة', '2020-01-06 08:33:05', NULL, NULL),
(6, 1, 'en', 'Rate', '2020-01-06 08:33:05', NULL, NULL),
(7, 2, 'ar', 'ريال', '2020-01-06 08:33:40', NULL, NULL),
(8, 2, 'en', 'SR', '2020-01-06 08:33:40', NULL, NULL);

-- --------------------------------------------------------

--
-- بنية الجدول `documents`
--

CREATE TABLE `documents` (
  `id` int(11) NOT NULL,
  `parent_id` int(11) NOT NULL DEFAULT '0',
  `office_id` int(11) NOT NULL,
  `title` varchar(300) CHARACTER SET utf8mb4 NOT NULL,
  `project_id` int(11) DEFAULT NULL,
  `responsible_lawyer` int(11) NOT NULL,
  `document_date` date DEFAULT NULL,
  `file` varchar(300) DEFAULT NULL,
  `created_at` timestamp NOT NULL DEFAULT CURRENT_TIMESTAMP,
  `updated_at` timestamp NULL DEFAULT NULL,
  `deleted_at` timestamp NULL DEFAULT NULL
) ENGINE=InnoDB DEFAULT CHARSET=latin1;

--
-- إرجاع أو استيراد بيانات الجدول `documents`
--

INSERT INTO `documents` (`id`, `parent_id`, `office_id`, `title`, `project_id`, `responsible_lawyer`, `document_date`, `file`, `created_at`, `updated_at`, `deleted_at`) VALUES
(1, 0, 176, 'مجلد لمعاملات العميل عبد الله احمد محمد #1', 3, 176, '2020-03-07', NULL, '2020-03-18 18:33:58', '2020-03-18 18:34:41', NULL),
(2, 0, 176, 'مجلد لمعاملات العميل عبد الله احمد محمد #2', 2, 176, '2020-03-21', NULL, '2020-03-18 18:34:12', '2020-03-18 18:34:12', NULL),
(3, 1, 176, 'لمعاملات العميل عبد الله احمد محمد #1', NULL, 176, '2020-03-07', '_1584538507_15536doc.docx', '2020-03-18 18:35:07', '2020-03-31 13:52:34', '2020-03-31 13:52:34'),
(4, 1, 176, 'لمعاملات العميل عبد الله احمد محمد #2', NULL, 176, '2020-03-14', '_1584538520_28270doc.docx', '2020-03-18 18:35:20', '2020-03-18 18:35:20', NULL),
(5, 2, 176, 'لمعاملات العميل عبد الله احمد محمد #1', NULL, 176, '2020-03-21', '_1584538542_28158doc.docx', '2020-03-18 18:35:42', '2020-03-18 18:35:42', NULL),
(6, 2, 176, 'لمعاملات العميل عبد الله احمد محمد #2', NULL, 176, '2020-03-14', '_1584538557_13911doc.docx', '2020-03-18 18:35:57', '2020-03-18 18:35:57', NULL),
(7, 1, 176, '234234234', NULL, 176, '2020-03-12', '_1585639716_28101doc.docx', '2020-03-31 12:28:36', '2020-03-31 13:52:44', '2020-03-31 13:52:44'),
(8, 2, 176, '000111000', NULL, 176, '2020-03-02', '_1585639976_30505doc.docx', '2020-03-31 12:32:56', '2020-03-31 12:32:56', NULL),
(9, 0, 176, 'Test', 7, 176, '2020-02-01', NULL, '2020-03-31 13:48:02', '2020-03-31 13:50:37', '2020-03-31 13:50:37'),
(10, 0, 176, 'Test', 7, 176, '2020-02-01', NULL, '2020-03-31 13:48:02', '2020-03-31 13:50:37', '2020-03-31 13:50:37'),
(11, 0, 176, 'Test', 7, 176, '2020-02-01', NULL, '2020-03-31 13:48:02', '2020-03-31 13:50:37', '2020-03-31 13:50:37'),
(12, 0, 176, 'Test', 7, 176, '2020-02-01', NULL, '2020-03-31 13:48:02', '2020-03-31 13:50:37', '2020-03-31 13:50:37'),
(13, 0, 176, 'Test', 7, 176, '2020-02-01', NULL, '2020-03-31 13:48:02', '2020-03-31 13:50:37', '2020-03-31 13:50:37'),
(14, 0, 176, 'Test', 7, 176, '2020-02-01', NULL, '2020-03-31 13:48:02', '2020-03-31 13:50:48', '2020-03-31 13:50:48'),
(15, 0, 176, 'Test', 7, 176, '2020-02-01', NULL, '2020-03-31 13:48:03', '2020-03-31 13:50:48', '2020-03-31 13:50:48'),
(16, 0, 176, '1100', 7, 176, '2020-03-06', NULL, '2020-03-31 13:52:16', '2020-03-31 13:52:23', '2020-03-31 13:52:23'),
(17, 1, 176, 'a', NULL, 176, '2020-03-14', '_1585644805_39385doc.docx', '2020-03-31 13:53:25', '2020-03-31 13:53:31', '2020-03-31 13:53:31'),
(18, 1, 176, 'للل', NULL, 176, '2020-04-25', '_1585729675_48253doc.png', '2020-04-01 13:27:55', '2020-04-01 13:27:55', NULL),
(19, 1, 176, 'a', NULL, 176, '2020-04-10', '_1586072241_8527doc.docx', '2020-04-05 12:37:21', '2020-04-05 12:37:21', NULL),
(20, 1, 176, 'aa', NULL, 176, '2020-04-03', '_1586076481_32689doc.docx', '2020-04-05 13:48:01', '2020-04-05 13:48:01', NULL),
(21, 0, 176, 'aaaaaaaaaa', 7, 176, '2020-04-10', NULL, '2020-04-05 14:45:58', '2020-04-05 14:46:21', '2020-04-05 14:46:21'),
(22, 0, 176, 'bbbbbb', 6, 176, '2020-04-04', NULL, '2020-04-05 14:46:11', '2020-04-05 14:46:21', '2020-04-05 14:46:21'),
(23, 1, 176, '2342342343423423423', NULL, 176, '2020-04-11', '_1586080100_7591doc.docx', '2020-04-05 14:48:20', '2020-04-05 14:48:20', NULL);

-- --------------------------------------------------------

--
-- بنية الجدول `employee_locations`
--

CREATE TABLE `employee_locations` (
  `id` int(11) NOT NULL,
  `employee_id` int(11) NOT NULL,
  `latitude` varchar(350) COLLATE utf8mb4_unicode_ci NOT NULL,
  `longitude` varchar(350) COLLATE utf8mb4_unicode_ci NOT NULL,
  `created_at` datetime NOT NULL,
  `updated_at` datetime DEFAULT NULL,
  `deleted_at` datetime DEFAULT NULL
) ENGINE=InnoDB DEFAULT CHARSET=utf8mb4 COLLATE=utf8mb4_unicode_ci;

--
-- إرجاع أو استيراد بيانات الجدول `employee_locations`
--

INSERT INTO `employee_locations` (`id`, `employee_id`, `latitude`, `longitude`, `created_at`, `updated_at`, `deleted_at`) VALUES
(1, 82, '29.186454245099107', '48.041311205322245', '2019-05-21 15:13:59', '2019-05-22 15:13:59', NULL),
(2, 82, '30.186454245099107', '48.041311205322245', '2019-05-22 15:14:31', '2019-05-22 15:14:31', NULL),
(3, 82, '27.186454245099150', '48.041311205322255', '2019-05-23 15:40:34', '2019-05-22 15:40:34', NULL),
(4, 87, '29.186454245099990', '48.041311205333885', '2019-05-24 15:42:36', '2019-05-22 15:42:36', NULL),
(5, 82, '0', '0', '2019-06-17 14:41:19', '2019-06-17 14:41:19', NULL),
(6, 82, '37.785834', '-122.406417', '2019-06-17 14:41:20', '2019-06-17 14:41:20', NULL),
(7, 82, '37.785834', '-122.406417', '2019-06-17 14:43:34', '2019-06-17 14:43:34', NULL),
(8, 82, '37.785834', '-122.406417', '2019-06-17 14:45:49', '2019-06-17 14:45:49', NULL),
(9, 82, '37.785834', '-122.406417', '2019-06-17 14:46:49', '2019-06-17 14:46:49', NULL),
(10, 82, '37.785834', '-122.406417', '2019-06-17 14:47:49', '2019-06-17 14:47:49', NULL),
(11, 82, '37.785834', '-122.406417', '2019-06-17 14:48:49', '2019-06-17 14:48:49', NULL),
(12, 82, '37.785834', '-122.406417', '2019-06-17 14:49:49', '2019-06-17 14:49:49', NULL),
(13, 82, '0', '0', '2019-06-17 14:55:21', '2019-06-17 14:55:21', NULL),
(14, 82, '0', '0', '2019-06-17 14:57:37', '2019-06-17 14:57:37', NULL),
(15, 82, '0', '0', '2019-06-17 14:58:37', '2019-06-17 14:58:37', NULL),
(16, 82, '0', '0', '2019-06-17 14:59:37', '2019-06-17 14:59:37', NULL),
(17, 82, '31.50182172825587', '34.43470390937105', '2019-06-17 15:01:55', '2019-06-17 15:01:55', NULL),
(18, 82, '31.50194043489845', '34.43469406502057', '2019-06-17 16:32:49', '2019-06-17 16:32:49', NULL),
(19, 82, '31.50195498403105', '34.4346503592907', '2019-06-17 16:33:49', '2019-06-17 16:33:49', NULL),
(20, 82, '31.50195332371597', '34.43462793511212', '2019-06-17 16:34:49', '2019-06-17 16:34:49', NULL),
(21, 82, '31.50193657740917', '34.43472360931025', '2019-06-17 16:37:55', '2019-06-17 16:37:55', NULL),
(22, 82, '31.50194215965802', '34.43472613257045', '2019-06-17 16:38:55', '2019-06-17 16:38:55', NULL),
(23, 82, '31.50181214283585', '34.43461198159276', '2019-06-17 16:39:55', '2019-06-17 16:39:55', NULL),
(24, 82, '37.785834', '-122.406417', '2019-06-19 14:20:53', '2019-06-19 14:20:53', NULL),
(25, 82, '37.785834', '-122.406417', '2019-06-19 14:20:59', '2019-06-19 14:20:59', NULL),
(26, 82, '37.785834', '-122.406417', '2019-06-19 14:21:59', '2019-06-19 14:21:59', NULL),
(27, 82, '37.785834', '-122.406417', '2019-06-19 14:22:59', '2019-06-19 14:22:59', NULL),
(28, 82, '37.785834', '-122.406417', '2019-06-19 14:23:59', '2019-06-19 14:23:59', NULL),
(29, 82, '37.785834', '-122.406417', '2019-06-19 14:26:12', '2019-06-19 14:26:12', NULL),
(30, 82, '37.785834', '-122.406417', '2019-06-19 14:27:27', '2019-06-19 14:27:27', NULL),
(31, 82, '37.785834', '-122.406417', '2019-06-19 14:28:27', '2019-06-19 14:28:27', NULL),
(32, 82, '37.785834', '-122.406417', '2019-06-19 14:30:27', '2019-06-19 14:30:27', NULL),
(33, 82, '37.785834', '-122.406417', '2019-06-19 14:31:27', '2019-06-19 14:31:27', NULL),
(34, 82, '37.785834', '-122.406417', '2019-06-19 14:32:27', '2019-06-19 14:32:27', NULL),
(35, 82, '37.785834', '-122.406417', '2019-06-19 14:34:05', '2019-06-19 14:34:05', NULL),
(36, 82, '37.785834', '-122.406417', '2019-06-19 14:35:05', '2019-06-19 14:35:05', NULL),
(37, 82, '37.785834', '-122.406417', '2019-06-19 14:36:05', '2019-06-19 14:36:05', NULL),
(38, 82, '37.785834', '-122.406417', '2019-06-19 14:37:05', '2019-06-19 14:37:05', NULL),
(39, 82, '37.785834', '-122.406417', '2019-06-19 14:38:05', '2019-06-19 14:38:05', NULL),
(40, 82, '37.785834', '-122.406417', '2019-06-19 14:39:05', '2019-06-19 14:39:05', NULL),
(41, 82, '37.785834', '-122.406417', '2019-06-19 14:40:05', '2019-06-19 14:40:05', NULL),
(42, 82, '37.785834', '-122.406417', '2019-06-19 14:41:05', '2019-06-19 14:41:05', NULL),
(43, 82, '37.785834', '-122.406417', '2019-06-19 14:42:05', '2019-06-19 14:42:05', NULL),
(44, 82, '37.785834', '-122.406417', '2019-06-19 14:43:05', '2019-06-19 14:43:05', NULL),
(45, 82, '37.785834', '-122.406417', '2019-06-19 14:44:05', '2019-06-19 14:44:05', NULL),
(46, 82, '37.785834', '-122.406417', '2019-06-19 14:45:05', '2019-06-19 14:45:05', NULL),
(47, 82, '37.785834', '-122.406417', '2019-06-19 14:46:05', '2019-06-19 14:46:05', NULL),
(48, 82, '37.785834', '-122.406417', '2019-06-19 14:47:05', '2019-06-19 14:47:05', NULL),
(49, 82, '37.785834', '-122.406417', '2019-06-19 14:48:05', '2019-06-19 14:48:05', NULL),
(50, 82, '37.785834', '-122.406417', '2019-06-19 14:49:05', '2019-06-19 14:49:05', NULL),
(51, 82, '37.785834', '-122.406417', '2019-06-19 14:57:51', '2019-06-19 14:57:51', NULL),
(52, 82, '37.785834', '-122.406417', '2019-06-19 14:58:51', '2019-06-19 14:58:51', NULL),
(53, 82, '37.785834', '-122.406417', '2019-06-19 14:59:51', '2019-06-19 14:59:51', NULL),
(54, 82, '37.785834', '-122.406417', '2019-06-19 15:00:51', '2019-06-19 15:00:51', NULL),
(55, 82, '37.785834', '-122.406417', '2019-06-19 15:01:51', '2019-06-19 15:01:51', NULL),
(56, 82, '37.785834', '-122.406417', '2019-06-19 15:03:47', '2019-06-19 15:03:47', NULL),
(57, 82, '37.785834', '-122.406417', '2019-06-19 15:04:47', '2019-06-19 15:04:47', NULL),
(58, 82, '37.785834', '-122.406417', '2019-06-19 15:05:47', '2019-06-19 15:05:47', NULL),
(59, 82, '37.785834', '-122.406417', '2019-06-19 15:06:47', '2019-06-19 15:06:47', NULL),
(60, 82, '37.785834', '-122.406417', '2019-06-19 15:07:47', '2019-06-19 15:07:47', NULL),
(61, 82, '37.785834', '-122.406417', '2019-06-19 15:08:47', '2019-06-19 15:08:47', NULL),
(62, 82, '37.785834', '-122.406417', '2019-06-19 15:09:47', '2019-06-19 15:09:47', NULL),
(63, 82, '37.785834', '-122.406417', '2019-06-19 15:10:47', '2019-06-19 15:10:47', NULL),
(64, 82, '37.785834', '-122.406417', '2019-06-19 15:11:47', '2019-06-19 15:11:47', NULL),
(65, 82, '37.785834', '-122.406417', '2019-06-19 15:12:48', '2019-06-19 15:12:48', NULL),
(66, 82, '37.785834', '-122.406417', '2019-06-19 15:13:47', '2019-06-19 15:13:47', NULL),
(67, 82, '37.785834', '-122.406417', '2019-06-19 15:14:47', '2019-06-19 15:14:47', NULL),
(68, 82, '37.785834', '-122.406417', '2019-06-19 15:17:09', '2019-06-19 15:17:09', NULL),
(69, 82, '37.785834', '-122.406417', '2019-06-19 15:18:09', '2019-06-19 15:18:09', NULL),
(70, 82, '37.785834', '-122.406417', '2019-06-19 16:01:55', '2019-06-19 16:01:55', NULL),
(71, 82, '37.785834', '-122.406417', '2019-06-19 16:02:55', '2019-06-19 16:02:55', NULL),
(72, 82, '37.785834', '-122.406417', '2019-06-19 16:03:55', '2019-06-19 16:03:55', NULL),
(73, 82, '37.785834', '-122.406417', '2019-06-19 16:06:21', '2019-06-19 16:06:21', NULL),
(74, 82, '37.785834', '-122.406417', '2019-06-19 16:07:21', '2019-06-19 16:07:21', NULL),
(75, 96, '31.50166316153531', '34.43484669829377', '2019-06-19 16:39:57', '2019-06-19 16:39:57', NULL),
(76, 96, '31.32320607612608', '34.3352151068363', '2019-06-19 18:10:40', '2019-06-19 18:10:40', NULL),
(77, 96, '31.32320607612608', '34.3352151068363', '2019-06-19 18:10:40', '2019-06-19 18:10:40', NULL),
(78, 82, '37.785834', '-122.406417', '2019-06-19 18:51:41', '2019-06-19 18:51:41', NULL),
(79, 82, '37.785834', '-122.406417', '2019-06-19 18:51:54', '2019-06-19 18:51:54', NULL),
(80, 82, '37.785834', '-122.406417', '2019-06-19 18:52:54', '2019-06-19 18:52:54', NULL),
(81, 82, '37.785834', '-122.406417', '2019-06-19 19:07:14', '2019-06-19 19:07:14', NULL),
(82, 87, '31.50150900243921', '34.43433436568308', '2019-06-20 11:59:50', '2019-06-20 11:59:50', NULL),
(83, 87, '31.50168527665823', '34.43480851933466', '2019-06-20 12:01:11', '2019-06-20 12:01:11', NULL),
(84, 87, '31.50169737107682', '34.43481336931428', '2019-06-20 12:02:27', '2019-06-20 12:02:27', NULL),
(85, 87, '31.49844360351562', '34.43169216841697', '2019-06-20 12:13:18', '2019-06-20 12:13:18', NULL),
(86, 87, '31.50169425522583', '34.43483286756981', '2019-06-20 12:14:18', '2019-06-20 12:14:18', NULL),
(87, 87, '31.50173935557089', '34.43473976673971', '2019-06-20 12:55:24', '2019-06-20 12:55:24', NULL),
(88, 87, '0', '34.43467712029815', '2019-06-20 12:58:57', '2019-06-20 12:58:57', NULL),
(89, 87, '31.50180053710938', '34.43468870923227', '2019-06-20 13:00:26', '2019-06-20 13:00:26', NULL),
(90, 87, '31.50173348912622', '34.43477409625881', '2019-06-20 13:01:27', '2019-06-20 13:01:27', NULL),
(91, 87, '31.50180053710938', '34.43468799311332', '2019-06-20 13:03:21', '2019-06-20 13:03:21', NULL),
(92, 87, '31.50175476074219', '34.43473833151474', '2019-06-20 13:45:31', '2019-06-20 13:45:31', NULL),
(93, 87, '31.50172424316406', '34.43476286191238', '2019-06-20 13:46:31', '2019-06-20 13:46:31', NULL),
(94, 87, '31.50177839680715', '34.43470015193748', '2019-06-20 14:58:54', '2019-06-20 14:58:54', NULL),
(95, 87, '31.50173745121015', '34.43474348637688', '2019-06-20 14:59:41', '2019-06-20 14:59:41', NULL),
(96, 87, '31.50177517117001', '34.43472014574285', '2019-06-20 15:02:13', '2019-06-20 15:02:13', NULL),
(97, 87, '31.50180389778498', '34.43470437684915', '2019-06-20 15:34:47', '2019-06-20 15:34:47', NULL),
(98, 87, '31.50180386999192', '34.43470439315649', '2019-06-20 15:43:45', '2019-06-20 15:43:45', NULL),
(99, 87, '31.50173479578023', '34.43475071193733', '2019-06-20 15:44:06', '2019-06-20 15:44:06', NULL),
(100, 87, '31.50175978898211', '34.43470409143197', '2019-06-20 15:45:39', '2019-06-20 15:45:39', NULL),
(101, 87, '31.50177223168746', '34.43472294143749', '2019-06-20 15:46:39', '2019-06-20 15:46:39', NULL),
(102, 87, '31.50175563994004', '34.43472705784666', '2019-06-20 15:47:39', '2019-06-20 15:47:39', NULL),
(103, 87, '31.50177567199949', '34.43472087500928', '2019-06-20 15:48:39', '2019-06-20 15:48:39', NULL),
(104, 87, '31.50176447537882', '34.43474012269976', '2019-06-20 15:49:39', '2019-06-20 15:49:39', NULL),
(105, 87, '31.50173520859391', '34.43465769291544', '2019-06-20 15:50:39', '2019-06-20 15:50:39', NULL),
(106, 87, '31.50177014063252', '34.43471423353481', '2019-06-20 15:52:26', '2019-06-20 15:52:26', NULL),
(107, 87, '31.50181037376775', '34.43474474366236', '2019-06-20 15:53:35', '2019-06-20 15:53:35', NULL),
(108, 87, '31.5017292735002', '34.43465763922476', '2019-06-20 15:54:26', '2019-06-20 15:54:26', NULL),
(109, 87, '31.501751574717', '34.43478346805501', '2019-06-20 15:55:26', '2019-06-20 15:55:26', NULL),
(110, 87, '31.50180053710938', '34.43466981384528', '2019-06-20 15:56:32', '2019-06-20 15:56:32', NULL),
(111, 87, '31.50177419109729', '34.43472350029', '2019-06-20 15:58:04', '2019-06-20 15:58:04', NULL),
(112, 87, '31.50178749117209', '34.43475614305067', '2019-06-20 15:59:04', '2019-06-20 15:59:04', NULL),
(113, 87, '31.50178749117209', '34.43475614305067', '2019-06-20 16:00:04', '2019-06-20 16:00:04', NULL),
(114, 87, '31.50171251504822', '34.43476159128773', '2019-06-20 16:01:04', '2019-06-20 16:01:04', NULL),
(115, 87, '31.50176523721917', '34.43475203591812', '2019-06-20 16:02:31', '2019-06-20 16:02:31', NULL),
(116, 87, '31.50177685657473', '34.43472145364359', '2019-06-20 16:03:39', '2019-06-20 16:03:39', NULL),
(117, 87, '31.50178426413937', '34.43471306006837', '2019-06-20 16:04:30', '2019-06-20 16:04:30', NULL),
(118, 87, '31.5017814562018', '34.43473502065468', '2019-06-20 16:06:12', '2019-06-20 16:06:12', NULL),
(119, 87, '31.5017758822362', '34.43473041060793', '2019-06-20 16:07:12', '2019-06-20 16:07:12', NULL),
(120, 87, '31.50177487640781', '34.43474851551878', '2019-06-20 16:11:41', '2019-06-20 16:11:41', NULL),
(121, 87, '31.50178728162451', '34.43471808921027', '2019-06-20 16:16:20', '2019-06-20 16:16:20', NULL),
(122, 87, '31.50175591736395', '34.43475417563096', '2019-06-20 16:17:20', '2019-06-20 16:17:20', NULL),
(123, 87, '31.50176678787125', '34.43475966345', '2019-06-20 16:18:20', '2019-06-20 16:18:20', NULL),
(124, 87, '31.50177072736575', '34.43470275032747', '2019-06-20 16:19:20', '2019-06-20 16:19:20', NULL),
(125, 87, '31.50176062717242', '34.43473041060793', '2019-06-20 16:20:20', '2019-06-20 16:20:20', NULL),
(126, 87, '31.50176866563421', '34.43475398455971', '2019-06-20 16:21:20', '2019-06-20 16:21:20', NULL),
(127, 87, '31.50177633927799', '34.43478848127196', '2019-06-20 16:22:20', '2019-06-20 16:22:20', NULL),
(128, 87, '31.50174013280949', '34.43475253059589', '2019-06-20 16:23:56', '2019-06-20 16:23:56', NULL),
(129, 87, '31.50177139399592', '34.43475085323748', '2019-06-20 16:27:05', '2019-06-20 16:27:05', NULL),
(130, 87, '31.50177418299738', '34.43472257227452', '2019-06-20 16:28:06', '2019-06-20 16:28:06', NULL),
(131, 87, '31.50177146273387', '34.43475070216304', '2019-06-20 16:29:39', '2019-06-20 16:29:39', NULL),
(132, 87, '31.50177145669506', '34.43475067369549', '2019-06-20 16:30:39', '2019-06-20 16:30:39', NULL),
(133, 87, '31.50177001204053', '34.43475431595333', '2019-06-20 16:32:29', '2019-06-20 16:32:29', NULL),
(134, 87, '31.50177507277597', '34.43474799838468', '2019-06-20 16:34:42', '2019-06-20 16:34:42', NULL),
(135, 87, '31.50173900186224', '34.43474834788072', '2019-06-20 16:38:31', '2019-06-20 16:38:31', NULL),
(136, 87, '31.50177395439847', '34.43477248776185', '2019-06-20 16:40:07', '2019-06-20 16:40:07', NULL),
(137, 87, '31.50173443372501', '34.43471808921027', '2019-06-20 16:42:35', '2019-06-20 16:42:35', NULL),
(138, 87, '31.50173443372501', '34.43471808921027', '2019-06-20 16:43:35', '2019-06-20 16:43:35', NULL),
(139, 87, '31.50174038487626', '34.43499452437687', '2019-06-20 16:44:35', '2019-06-20 16:44:35', NULL),
(140, 87, '31.50174628229405', '34.4346643222655', '2019-06-20 16:49:42', '2019-06-20 16:49:42', NULL),
(141, 87, '31.50175584948762', '34.43477785217988', '2019-06-20 16:50:42', '2019-06-20 16:50:42', NULL),
(142, 87, '31.50178158193035', '34.43477466705668', '2019-06-20 16:53:29', '2019-06-20 16:53:29', NULL),
(143, 87, '31.50178158193035', '34.43477466705668', '2019-06-20 16:54:28', '2019-06-20 16:54:28', NULL),
(144, 87, '31.50176557762014', '34.43477435944875', '2019-06-20 16:57:29', '2019-06-20 16:57:29', NULL),
(145, 87, '31.50174139070464', '34.43472328599024', '2019-06-20 16:58:26', '2019-06-20 16:58:26', NULL),
(146, 87, '31.50172948840214', '34.43475916053581', '2019-06-20 17:01:08', '2019-06-20 17:01:08', NULL),
(147, 87, '31.50170513897343', '34.43478941920626', '2019-06-20 17:04:01', '2019-06-20 17:04:01', NULL),
(148, 87, '31.5017255157198', '34.43476492955892', '2019-06-20 17:05:01', '2019-06-20 17:05:01', NULL),
(149, 87, '31.50180182422651', '34.43474549803364', '2019-06-20 17:06:01', '2019-06-20 17:06:01', NULL),
(150, 87, '31.50176263882918', '34.43474222909141', '2019-06-20 17:09:07', '2019-06-20 17:09:07', NULL),
(151, 87, '31.50176263882918', '34.43474222909141', '2019-06-20 17:10:07', '2019-06-20 17:10:07', NULL),
(152, 87, '31.50176263882918', '34.43474222909141', '2019-06-20 17:11:07', '2019-06-20 17:11:07', NULL),
(153, 87, '31.50176263882918', '34.43474222909141', '2019-06-20 17:12:07', '2019-06-20 17:12:07', NULL),
(154, 87, '31.50175563994004', '34.43476905118155', '2019-06-20 17:13:07', '2019-06-20 17:13:07', NULL),
(155, 87, '31.50177152364655', '34.43473208698857', '2019-06-20 17:14:07', '2019-06-20 17:14:07', NULL),
(156, 87, '31.50179264604254', '34.43470107394683', '2019-06-20 17:15:07', '2019-06-20 17:15:07', NULL),
(157, 87, '31.50179264604254', '34.43470107394683', '2019-06-20 17:16:07', '2019-06-20 17:16:07', NULL),
(158, 87, '31.50179264604254', '34.43470107394683', '2019-06-20 17:17:07', '2019-06-20 17:17:07', NULL),
(159, 87, '31.50175476074219', '34.43478464152145', '2019-06-20 17:18:07', '2019-06-20 17:18:07', NULL),
(160, 87, '31.51255739855721', '34.4447403308325', '2019-06-23 08:26:38', '2019-06-23 08:26:38', NULL),
(161, 87, '31.5015869140625', '34.43485023757215', '2019-06-23 08:26:38', '2019-06-23 08:26:38', NULL),
(162, 87, '31.50171136317567', '34.43476315246028', '2019-06-23 11:24:37', '2019-06-23 11:24:37', NULL),
(163, 87, '31.50169354250903', '34.43477207786941', '2019-06-23 11:25:37', '2019-06-23 11:25:37', NULL),
(164, 87, '31.50176754224254', '34.43479855548072', '2019-06-23 13:34:12', '2019-06-23 13:34:12', NULL),
(165, 87, '31.5017645247574', '34.43478975448239', '2019-06-23 13:36:41', '2019-06-23 13:36:41', NULL),
(166, 87, '31.54930341060417', '34.46268246512344', '2019-06-23 18:11:08', '2019-06-23 18:11:08', NULL),
(167, 87, '31.5462646484375', '34.45865153948034', '2019-06-23 18:44:11', '2019-06-23 18:44:11', NULL),
(168, 87, '31.54977124652969', '34.46295923556617', '2019-06-23 18:52:54', '2019-06-23 18:52:54', NULL),
(169, 87, '31.5462646484375', '34.4586878882749', '2019-06-23 18:52:54', '2019-06-23 18:52:54', NULL),
(170, 87, '31.54915844558882', '34.46312310177317', '2019-06-23 19:39:44', '2019-06-23 19:39:44', NULL),
(171, 87, '31.54920006173807', '34.46301279592743', '2019-06-23 19:40:06', '2019-06-23 19:40:06', NULL),
(172, 87, '31.50178527832031', '34.43472697910459', '2019-06-24 08:53:58', '2019-06-24 08:53:58', NULL),
(173, 87, '31.50178527832031', '34.43467251585082', '2019-06-24 08:55:12', '2019-06-24 08:55:12', NULL),
(174, 87, '31.50178950282885', '34.43472219634283', '2019-06-24 08:56:07', '2019-06-24 08:56:07', NULL),
(175, 87, '31.50181507052899', '34.43473388776474', '2019-06-25 08:48:07', '2019-06-25 08:48:07', NULL),
(176, 87, '31.50175476074219', '34.43474164235818', '2019-06-25 08:49:07', '2019-06-25 08:49:07', NULL),
(177, 87, '31.50176117199613', '34.43470702509808', '2019-06-25 08:50:07', '2019-06-25 08:50:07', NULL),
(178, 87, '31.50176117199613', '34.43470702509808', '2019-06-25 08:51:07', '2019-06-25 08:51:07', NULL),
(179, 87, '31.50176117199613', '34.43470702509808', '2019-06-25 08:55:03', '2019-06-25 08:55:03', NULL),
(180, 111, '24.80789642373876', '46.59489354088792', '2019-06-26 14:53:18', '2019-06-26 14:53:18', NULL),
(181, 111, '24.80791006763411', '46.59498917555404', '2019-06-26 14:58:09', '2019-06-26 14:58:09', NULL),
(182, 111, '24.80773118274966', '46.59434629023561', '2019-06-26 14:58:17', '2019-06-26 14:58:17', NULL),
(183, 111, '24.80781087231149', '46.59452899528248', '2019-06-26 14:59:18', '2019-06-26 14:59:18', NULL),
(184, 111, '24.80804252330762', '46.59451232774786', '2019-06-26 15:00:18', '2019-06-26 15:00:18', NULL),
(185, 111, '24.80899567327566', '46.59621041519474', '2019-06-26 15:01:17', '2019-06-26 15:01:17', NULL),
(186, 111, '24.80939399670207', '46.597275821102', '2019-06-26 15:03:29', '2019-06-26 15:03:29', NULL),
(187, 111, '24.80796304890376', '46.59469045726635', '2019-06-26 15:06:36', '2019-06-26 15:06:36', NULL),
(188, 111, '24.80775907508335', '46.59423983882352', '2019-06-26 15:16:51', '2019-06-26 15:16:51', NULL),
(189, 111, '24.80780130926004', '46.59438207937552', '2019-06-26 15:18:51', '2019-06-26 15:18:51', NULL),
(190, 111, '24.80755615234375', '46.59429410021849', '2019-06-26 15:24:41', '2019-06-26 15:24:41', NULL),
(191, 111, '24.80773122537214', '46.59441465462879', '2019-06-26 15:25:13', '2019-06-26 15:25:13', NULL),
(192, 111, '24.8077757848692', '46.59430345080263', '2019-06-26 15:26:27', '2019-06-26 15:26:27', NULL),
(193, 111, '24.80777898331913', '46.59431711424474', '2019-06-26 15:27:13', '2019-06-26 15:27:13', NULL),
(194, 87, '37.785834', '-122.406417', '2019-06-27 15:18:41', '2019-06-27 15:18:41', NULL),
(195, 87, '37.785834', '-122.406417', '2019-06-27 15:19:40', '2019-06-27 15:19:40', NULL),
(196, 87, '37.785834', '-122.406417', '2019-06-27 15:20:40', '2019-06-27 15:20:40', NULL),
(197, 87, '37.785834', '-122.406417', '2019-06-27 15:21:40', '2019-06-27 15:21:40', NULL),
(198, 87, '37.785834', '-122.406417', '2019-06-27 15:22:40', '2019-06-27 15:22:40', NULL),
(199, 87, '37.785834', '-122.406417', '2019-06-27 15:23:40', '2019-06-27 15:23:40', NULL),
(200, 87, '37.785834', '-122.406417', '2019-06-27 15:24:40', '2019-06-27 15:24:40', NULL),
(201, 87, '37.785834', '-122.406417', '2019-06-27 15:25:40', '2019-06-27 15:25:40', NULL),
(202, 87, '37.785834', '-122.406417', '2019-06-27 15:26:40', '2019-06-27 15:26:40', NULL),
(203, 95, '31.50172902739747', '34.43475639450777', '2019-06-30 09:17:30', '2019-06-30 09:17:30', NULL),
(204, 95, '31.50175777732534', '34.43476427349675', '2019-06-30 09:23:11', '2019-06-30 09:23:11', NULL),
(205, 95, '31.50176327943578', '34.43472154116049', '2019-06-30 09:41:14', '2019-06-30 09:41:14', NULL),
(206, 95, '31.50174512065156', '34.43471280861127', '2019-06-30 09:42:15', '2019-06-30 09:42:15', NULL),
(207, 95, '31.50195626079245', '34.43473678085434', '2019-06-30 09:43:15', '2019-06-30 09:43:15', NULL),
(208, 95, '31.50179505584807', '34.43475644373324', '2019-06-30 09:44:15', '2019-06-30 09:44:15', NULL),
(209, 95, '31.50175145650487', '34.43478542173691', '2019-06-30 09:45:40', '2019-06-30 09:45:40', NULL),
(210, 95, '31.50173606819613', '34.43470560017455', '2019-06-30 10:09:47', '2019-06-30 10:09:47', NULL),
(211, 95, '31.50173606819613', '34.43470560017455', '2019-06-30 10:10:48', '2019-06-30 10:10:48', NULL),
(212, 87, '31.50175476074219', '34.43475217076307', '2019-07-03 14:02:25', '2019-07-03 14:02:25', NULL),
(213, 87, '31.50177001953125', '34.43468648318882', '2019-07-03 14:03:05', '2019-07-03 14:03:05', NULL),
(214, 87, '31.50177638515039', '34.4347371999495', '2019-07-03 14:04:05', '2019-07-03 14:04:05', NULL),
(215, 142, '0', '0', '2019-07-10 11:49:22', '2019-07-10 11:49:22', NULL),
(216, 142, '0', '0', '2019-07-10 11:50:22', '2019-07-10 11:50:22', NULL),
(217, 142, '0', '0', '2019-07-10 11:51:22', '2019-07-10 11:51:22', NULL),
(218, 142, '0', '0', '2019-07-10 11:52:22', '2019-07-10 11:52:22', NULL),
(219, 142, '0', '0', '2019-07-10 11:55:26', '2019-07-10 11:55:26', NULL),
(220, 142, '0', '0', '2019-07-10 11:59:37', '2019-07-10 11:59:37', NULL),
(221, 142, '0', '0', '2019-07-10 11:59:49', '2019-07-10 11:59:49', NULL),
(222, 142, '0', '0', '2019-07-10 12:07:28', '2019-07-10 12:07:28', NULL),
(223, 142, '0', '0', '2019-07-10 12:08:12', '2019-07-10 12:08:12', NULL),
(224, 142, '0', '0', '2019-07-10 12:09:11', '2019-07-10 12:09:11', NULL),
(225, 142, '0', '0', '2019-07-10 12:10:12', '2019-07-10 12:10:12', NULL),
(226, 142, '0', '0', '2019-07-10 12:11:12', '2019-07-10 12:11:12', NULL),
(227, 142, '0', '0', '2019-07-10 12:12:12', '2019-07-10 12:12:12', NULL),
(228, 142, '0', '0', '2019-07-10 12:13:12', '2019-07-10 12:13:12', NULL),
(229, 142, '0', '0', '2019-07-10 12:14:24', '2019-07-10 12:14:24', NULL),
(230, 142, '31.50176213591499', '34.43470249887037', '2019-07-10 12:22:49', '2019-07-10 12:22:49', NULL),
(231, 142, '31.5018073562826', '34.43476888354349', '2019-07-10 12:24:54', '2019-07-10 12:24:54', NULL),
(232, 142, '31.5018073562826', '34.43476888354349', '2019-07-10 12:25:54', '2019-07-10 12:25:54', NULL),
(233, 142, '31.5018073562826', '34.43476888354349', '2019-07-10 12:26:54', '2019-07-10 12:26:54', NULL),
(234, 142, '31.5018073562826', '34.43476888354349', '2019-07-10 12:27:54', '2019-07-10 12:27:54', NULL),
(235, 142, '0', '0', '2019-07-10 14:36:58', '2019-07-10 14:36:58', NULL),
(236, 142, '0', '0', '2019-07-10 14:37:59', '2019-07-10 14:37:59', NULL),
(237, 149, '24.77342023479035', '46.8021634374664', '2019-07-11 22:40:43', '2019-07-11 22:40:43', NULL),
(238, 149, '24.77351113877809', '46.80223094864738', '2019-07-11 22:40:59', '2019-07-11 22:40:59', NULL),
(239, 149, '24.77337577560463', '46.80227605175632', '2019-07-11 22:42:45', '2019-07-11 22:42:45', NULL),
(240, 149, '24.77337491656903', '46.80235462546408', '2019-07-11 22:43:00', '2019-07-11 22:43:00', NULL),
(241, 149, '24.77342003726126', '46.80216232421463', '2019-07-11 22:44:00', '2019-07-11 22:44:00', NULL),
(242, 149, '24.77341893721225', '46.80219856740574', '2019-07-11 22:46:11', '2019-07-11 22:46:11', NULL),
(243, 149, '24.77350167405359', '46.80211625414517', '2019-07-11 22:46:59', '2019-07-11 22:46:59', NULL),
(244, 149, '24.77346001866064', '46.80216276235328', '2019-07-11 22:47:59', '2019-07-11 22:47:59', NULL),
(245, 149, '24.77344257672069', '46.80232157451458', '2019-07-11 22:49:02', '2019-07-11 22:49:02', NULL),
(246, 149, '24.7733938271416', '46.80214296278547', '2019-07-11 22:53:38', '2019-07-11 22:53:38', NULL),
(247, 149, '24.77356442539531', '46.80215678645658', '2019-07-11 22:53:59', '2019-07-11 22:53:59', NULL),
(248, 149, '24.77333167557661', '46.80230769738272', '2019-07-11 23:00:19', '2019-07-11 23:00:19', NULL),
(249, 149, '24.77328813413985', '46.80231546632242', '2019-07-11 23:04:00', '2019-07-11 23:04:00', NULL),
(250, 149, '24.77341696706687', '46.80222806614145', '2019-07-11 23:04:16', '2019-07-11 23:04:16', NULL),
(251, 149, '24.7733982615918', '46.8022185880501', '2019-07-11 23:05:16', '2019-07-11 23:05:16', NULL),
(252, 149, '24.77339454065856', '46.80222331047956', '2019-07-11 23:06:16', '2019-07-11 23:06:16', NULL),
(253, 149, '24.77339454065856', '46.80222331047956', '2019-07-11 23:07:16', '2019-07-11 23:07:16', NULL),
(254, 149, '24.77341613301362', '46.80220807081138', '2019-07-11 23:12:34', '2019-07-11 23:12:34', NULL),
(255, 149, '24.7807119839567', '46.79741346552809', '2019-07-11 23:17:38', '2019-07-11 23:17:38', NULL),
(256, 149, '24.81825107518979', '46.80471161489496', '2019-07-11 23:26:55', '2019-07-11 23:26:55', NULL),
(257, 149, '24.82492065429688', '46.81176522426159', '2019-07-11 23:29:55', '2019-07-11 23:29:55', NULL),
(258, 149, '24.82492065429688', '46.81176522426159', '2019-07-11 23:29:57', '2019-07-11 23:29:57', NULL),
(259, 149, '24.82644653320312', '46.79661639252969', '2019-07-12 00:42:32', '2019-07-12 00:42:32', NULL),
(260, 149, '24.81474314182438', '46.77426050623163', '2019-07-12 00:51:49', '2019-07-12 00:51:49', NULL),
(261, 149, '24.80063589963971', '46.74375969404523', '2019-07-12 01:11:03', '2019-07-12 01:11:03', NULL),
(262, 149, '24.82510375976562', '46.81168103688283', '2019-07-12 01:37:18', '2019-07-12 01:37:18', NULL),
(263, 149, '24.82490539550781', '46.81174515048538', '2019-07-12 01:37:27', '2019-07-12 01:37:27', NULL),
(264, 149, '24.81532287597656', '46.61306401034107', '2019-07-12 04:36:52', '2019-07-12 04:36:52', NULL),
(265, 149, '24.81532287597656', '46.61306401034107', '2019-07-12 04:36:52', '2019-07-12 04:36:52', NULL),
(266, 149, '24.80803228503255', '46.59450554951119', '2019-07-12 04:38:54', '2019-07-12 04:38:54', NULL),
(267, 149, '24.80793036077401', '46.59456398149607', '2019-07-12 04:39:42', '2019-07-12 04:39:42', NULL),
(268, 149, '24.80769348144531', '46.59440867768586', '2019-07-12 04:44:28', '2019-07-12 04:44:28', NULL),
(269, 149, '24.80769348144531', '46.59431523306387', '2019-07-12 04:45:28', '2019-07-12 04:45:28', NULL),
(270, 149, '24.80767822265625', '46.59436030250421', '2019-07-12 04:46:28', '2019-07-12 04:46:28', NULL),
(271, 149, '24.78123474121094', '46.60912723042028', '2019-07-12 21:44:02', '2019-07-12 21:44:02', NULL),
(272, 149, '24.7663414491414', '46.62220000789443', '2019-07-12 22:44:34', '2019-07-12 22:44:34', NULL),
(273, 149, '24.78706126165915', '46.61562774057244', '2019-07-12 22:58:13', '2019-07-12 22:58:13', NULL),
(274, 149, '24.76405334472656', '46.65502260782772', '2019-07-12 23:03:45', '2019-07-12 23:03:45', NULL),
(275, 149, '24.77160487308334', '46.67328442754967', '2019-07-12 23:08:46', '2019-07-12 23:08:46', NULL),
(276, 149, '24.77323805166969', '46.68872830174285', '2019-07-12 23:14:12', '2019-07-12 23:14:12', NULL),
(277, 149, '24.79064534762431', '46.70096670570787', '2019-07-12 23:25:26', '2019-07-12 23:25:26', NULL),
(278, 149, '24.77754065601525', '46.68651566558847', '2019-07-12 23:32:13', '2019-07-12 23:32:13', NULL),
(279, 149, '24.75051502836805', '46.62242123102934', '2019-07-12 23:37:13', '2019-07-12 23:37:13', NULL),
(280, 149, '24.74703870366928', '46.58566363167206', '2019-07-12 23:42:43', '2019-07-12 23:42:43', NULL),
(281, 149, '24.75973510742188', '46.59766499065336', '2019-07-12 23:48:56', '2019-07-12 23:48:56', NULL),
(282, 149, '24.78604082939375', '46.61288875646763', '2019-07-12 23:54:08', '2019-07-12 23:54:08', NULL),
(283, 149, '24.81291169581402', '46.60322909352111', '2019-07-13 08:21:59', '2019-07-13 08:21:59', NULL),
(284, 149, '24.74965688131492', '46.65299051018202', '2019-07-13 08:33:15', '2019-07-13 08:33:15', NULL),
(285, 149, '24.67566963139724', '46.69028888907877', '2019-07-13 08:40:55', '2019-07-13 08:40:55', NULL),
(286, 149, '24.62943915702689', '46.71678533141038', '2019-07-13 08:40:56', '2019-07-13 08:40:56', NULL),
(287, 149, '24.62967253676727', '46.71707070612985', '2019-07-13 08:45:49', '2019-07-13 08:45:49', NULL),
(288, 149, '24.63920997735616', '46.71972339397851', '2019-07-13 08:45:56', '2019-07-13 08:45:56', NULL),
(289, 149, '24.63918402887276', '46.71967342837976', '2019-07-13 09:10:05', '2019-07-13 09:10:05', NULL),
(290, 149, '24.6343994140625', '46.72047235308835', '2019-07-13 09:10:13', '2019-07-13 09:10:13', NULL),
(291, 149, '24.63020783310018', '46.71722610214659', '2019-07-13 09:57:25', '2019-07-13 09:57:25', NULL),
(292, 149, '24.63653755710129', '46.72007266526959', '2019-07-13 10:03:18', '2019-07-13 10:03:18', NULL),
(293, 149, '24.62416768992955', '46.70617833616639', '2019-07-13 11:08:53', '2019-07-13 11:08:53', NULL),
(294, 149, '24.62416768992955', '46.70617833616639', '2019-07-13 11:08:53', '2019-07-13 11:08:53', NULL),
(295, 149, '24.64840698242188', '46.7026792393039', '2019-07-13 11:13:49', '2019-07-13 11:13:49', NULL),
(296, 149, '24.70910800007045', '46.67354859144417', '2019-07-13 11:18:55', '2019-07-13 11:18:55', NULL),
(297, 149, '24.76847839355469', '46.66537814166013', '2019-07-13 11:24:01', '2019-07-13 11:24:01', NULL),
(298, 149, '24.80200645394608', '46.74492109974241', '2019-07-13 11:29:10', '2019-07-13 11:29:10', NULL),
(299, 149, '24.82501307229357', '46.81171431694499', '2019-07-13 11:37:15', '2019-07-13 11:37:15', NULL),
(300, 149, '24.8226255985581', '46.81648124948418', '2019-07-13 11:43:32', '2019-07-13 11:43:32', NULL),
(301, 149, '24.82497485175256', '46.8119231352497', '2019-07-13 13:57:46', '2019-07-13 13:57:46', NULL),
(302, 149, '24.81413269042969', '46.81983869584614', '2019-07-13 17:26:06', '2019-07-13 17:26:06', NULL),
(303, 149, '24.79974365234375', '46.80847720250756', '2019-07-13 17:48:34', '2019-07-13 17:48:34', NULL),
(304, 149, '24.80435180664062', '46.80629567573153', '2019-07-13 17:48:42', '2019-07-13 17:48:42', NULL),
(305, 149, '24.80476887170897', '46.80623910738977', '2019-07-13 17:53:59', '2019-07-13 17:53:59', NULL),
(306, 149, '24.81234301130138', '46.80734132986606', '2019-07-13 17:59:43', '2019-07-13 17:59:43', NULL),
(307, 149, '24.82797264813686', '46.72298247380251', '2019-07-13 18:22:26', '2019-07-13 18:22:26', NULL),
(308, 149, '24.81651297383334', '46.66303045563526', '2019-07-13 18:37:54', '2019-07-13 18:37:54', NULL),
(309, 149, '24.81651297383334', '46.66303045563526', '2019-07-13 18:37:54', '2019-07-13 18:37:54', NULL),
(310, 149, '24.78869656254245', '46.71191391767477', '2019-07-13 18:42:57', '2019-07-13 18:42:57', NULL),
(311, 149, '24.80686950683594', '46.75663349409773', '2019-07-13 18:49:19', '2019-07-13 18:49:19', NULL),
(312, 149, '24.82115173339844', '46.8161237511513', '2019-07-14 00:03:16', '2019-07-14 00:03:16', NULL),
(313, 149, '24.83226013183594', '46.83978747522775', '2019-07-14 00:03:19', '2019-07-14 00:03:19', NULL),
(314, 149, '24.8074978223438', '46.85151448433054', '2019-07-14 00:08:19', '2019-07-14 00:08:19', NULL),
(315, 149, '24.80740623315618', '46.85160482442704', '2019-07-14 00:13:17', '2019-07-14 00:13:17', NULL),
(316, 149, '24.78857421875', '46.8240816709653', '2019-07-14 00:13:19', '2019-07-14 00:13:19', NULL),
(317, 149, '24.78926341177754', '46.82354316879755', '2019-07-14 00:18:19', '2019-07-14 00:18:19', NULL),
(318, 149, '24.78004455566406', '46.80893804809052', '2019-07-14 00:23:36', '2019-07-14 00:23:36', NULL),
(319, 149, '24.74576431789786', '46.7937915637851', '2019-07-14 00:34:18', '2019-07-14 00:34:18', NULL),
(320, 149, '24.7511713243898', '46.78175683120024', '2019-07-14 00:41:55', '2019-07-14 00:41:55', NULL),
(321, 149, '24.7479248046875', '46.78751376188879', '2019-07-14 00:46:58', '2019-07-14 00:46:58', NULL),
(322, 149, '24.72730798369728', '46.78204660197218', '2019-07-14 00:53:54', '2019-07-14 00:53:54', NULL),
(323, 149, '24.72873516216821', '46.76725791435207', '2019-07-14 01:01:01', '2019-07-14 01:01:01', NULL),
(324, 149, '24.73057556152344', '46.77634022944228', '2019-07-14 01:01:06', '2019-07-14 01:01:06', NULL),
(325, 149, '24.73061872245134', '46.77656872467173', '2019-07-14 01:37:31', '2019-07-14 01:37:31', NULL),
(326, 149, '24.733154296875', '46.78127241698019', '2019-07-14 01:37:34', '2019-07-14 01:37:34', NULL),
(327, 149, '24.73377990722656', '46.78184283282494', '2019-07-14 01:47:38', '2019-07-14 01:47:38', NULL),
(328, 149, '24.74342670731074', '46.80854240465219', '2019-07-14 01:47:49', '2019-07-14 01:47:49', NULL),
(329, 149, '24.75086119996536', '46.81967802596265', '2019-07-14 01:52:57', '2019-07-14 01:52:57', NULL),
(330, 149, '24.7572350142375', '46.81480379732546', '2019-07-14 02:11:40', '2019-07-14 02:11:40', NULL),
(331, 149, '24.7572350142375', '46.81480379732546', '2019-07-14 02:11:43', '2019-07-14 02:11:43', NULL),
(332, 149, '24.77662338177574', '46.80500955191687', '2019-07-14 02:16:42', '2019-07-14 02:16:42', NULL),
(333, 149, '24.77472959237616', '46.81250171029468', '2019-07-14 02:34:00', '2019-07-14 02:34:00', NULL),
(334, 149, '24.8077704041836', '46.59459979595866', '2019-07-14 04:55:32', '2019-07-14 04:55:32', NULL),
(335, 142, '37.785834', '-122.406417', '2019-07-14 10:44:23', '2019-07-14 10:44:23', NULL),
(336, 142, '37.785834', '-122.406417', '2019-07-14 10:45:25', '2019-07-14 10:45:25', NULL),
(337, 142, '37.785834', '-122.406417', '2019-07-14 10:46:23', '2019-07-14 10:46:23', NULL),
(338, 142, '37.785834', '-122.406417', '2019-07-14 10:47:23', '2019-07-14 10:47:23', NULL),
(339, 142, '37.785834', '-122.406417', '2019-07-14 10:48:23', '2019-07-14 10:48:23', NULL),
(340, 142, '31.50173106066619', '34.43479890080427', '2019-07-14 10:51:40', '2019-07-14 10:51:40', NULL),
(341, 142, '31.50173100386384', '34.43479898036652', '2019-07-14 10:52:40', '2019-07-14 10:52:40', NULL),
(342, 142, '31.50173420884562', '34.43479492611949', '2019-07-14 10:53:40', '2019-07-14 10:53:40', NULL),
(343, 142, '31.50179943538411', '34.43466075699258', '2019-07-14 10:54:40', '2019-07-14 10:54:40', NULL),
(344, 87, '31.5017972979988', '34.43466360683966', '2019-07-14 10:55:40', '2019-07-14 10:55:40', NULL),
(345, 87, '31.5017972979988', '34.43466360683966', '2019-07-14 10:56:08', '2019-07-14 10:56:08', NULL),
(346, 87, '31.5017972979988', '34.43466360683966', '2019-07-14 10:56:40', '2019-07-14 10:56:40', NULL),
(347, 87, '31.50172906734222', '34.43481349158652', '2019-07-14 10:57:08', '2019-07-14 10:57:08', NULL),
(348, 87, '31.50173098774316', '34.43480981274826', '2019-07-14 10:57:40', '2019-07-14 10:57:40', NULL),
(349, 87, '31.50173113730262', '34.43480952592529', '2019-07-14 10:58:08', '2019-07-14 10:58:08', NULL),
(350, 87, '31.50173114919212', '34.43480950281347', '2019-07-14 10:58:40', '2019-07-14 10:58:40', NULL),
(351, 87, '31.50173116323128', '34.43480946041459', '2019-07-14 10:59:08', '2019-07-14 10:59:08', NULL),
(352, 87, '31.5017311643254', '34.43480945711001', '2019-07-14 10:59:40', '2019-07-14 10:59:40', NULL),
(353, 87, '31.50173116441102', '34.43480945685135', '2019-07-14 11:00:08', '2019-07-14 11:00:08', NULL),
(354, 87, '31.50178801537171', '34.43471011190127', '2019-07-14 12:41:09', '2019-07-14 12:41:09', NULL),
(355, 87, '31.50173950195312', '34.43475469645713', '2019-07-14 12:45:03', '2019-07-14 12:45:03', NULL),
(356, 87, '31.50178768965905', '34.43472108586239', '2019-07-14 12:46:03', '2019-07-14 12:46:03', NULL),
(357, 87, '31.50177220168001', '34.43471919545961', '2019-07-14 12:47:03', '2019-07-14 12:47:03', NULL),
(358, 87, '31.50173950195312', '34.43475974356081', '2019-07-14 12:48:03', '2019-07-14 12:48:03', NULL),
(359, 87, '31.50175111371232', '34.43478514443564', '2019-07-14 12:53:36', '2019-07-14 12:53:36', NULL),
(360, 87, '31.50175731632067', '34.43471389825869', '2019-07-14 12:54:36', '2019-07-14 12:54:36', NULL),
(361, 87, '31.50176301601483', '34.43473728376853', '2019-07-14 12:57:13', '2019-07-14 12:57:13', NULL),
(362, 87, '31.50177952836408', '34.43470073867071', '2019-07-14 12:58:00', '2019-07-14 12:58:00', NULL),
(363, 87, '37.785834', '-122.406417', '2019-07-14 14:01:27', '2019-07-14 14:01:27', NULL),
(364, 87, '37.785834', '-122.406417', '2019-07-14 14:02:27', '2019-07-14 14:02:27', NULL),
(365, 87, '37.785834', '-122.406417', '2019-07-14 14:03:27', '2019-07-14 14:03:27', NULL),
(366, 87, '37.785834', '-122.406417', '2019-07-14 14:04:27', '2019-07-14 14:04:27', NULL),
(367, 87, '37.785834', '-122.406417', '2019-07-14 14:05:27', '2019-07-14 14:05:27', NULL),
(368, 87, '37.785834', '-122.406417', '2019-07-14 14:06:27', '2019-07-14 14:06:27', NULL),
(369, 87, '37.785834', '-122.406417', '2019-07-14 14:07:27', '2019-07-14 14:07:27', NULL),
(370, 87, '37.785834', '-122.406417', '2019-07-14 14:26:11', '2019-07-14 14:26:11', NULL),
(371, 87, '37.785834', '-122.406417', '2019-07-14 14:28:16', '2019-07-14 14:28:16', NULL),
(372, 87, '37.785834', '-122.406417', '2019-07-14 14:29:16', '2019-07-14 14:29:16', NULL),
(373, 87, '37.785834', '-122.406417', '2019-07-14 14:30:16', '2019-07-14 14:30:16', NULL),
(374, 87, '37.785834', '-122.406417', '2019-07-14 14:34:34', '2019-07-14 14:34:34', NULL),
(375, 87, '37.785834', '-122.406417', '2019-07-14 14:35:34', '2019-07-14 14:35:34', NULL),
(376, 87, '37.785834', '-122.406417', '2019-07-14 14:36:34', '2019-07-14 14:36:34', NULL),
(377, 87, '37.785834', '-122.406417', '2019-07-14 14:37:34', '2019-07-14 14:37:34', NULL),
(378, 87, '37.785834', '-122.406417', '2019-07-14 14:38:34', '2019-07-14 14:38:34', NULL),
(379, 87, '37.785834', '-122.406417', '2019-07-14 14:39:34', '2019-07-14 14:39:34', NULL),
(380, 87, '37.785834', '-122.406417', '2019-07-14 14:40:34', '2019-07-14 14:40:34', NULL),
(381, 87, '37.785834', '-122.406417', '2019-07-14 14:41:34', '2019-07-14 14:41:34', NULL),
(382, 87, '37.785834', '-122.406417', '2019-07-14 14:42:34', '2019-07-14 14:42:34', NULL),
(383, 87, '37.785834', '-122.406417', '2019-07-14 14:43:34', '2019-07-14 14:43:34', NULL),
(384, 87, '37.785834', '-122.406417', '2019-07-14 14:44:34', '2019-07-14 14:44:34', NULL),
(385, 87, '37.785834', '-122.406417', '2019-07-14 14:45:34', '2019-07-14 14:45:34', NULL),
(386, 87, '37.785834', '-122.406417', '2019-07-14 14:46:34', '2019-07-14 14:46:34', NULL),
(387, 87, '37.785834', '-122.406417', '2019-07-14 14:47:34', '2019-07-14 14:47:34', NULL),
(388, 87, '37.785834', '-122.406417', '2019-07-14 14:48:34', '2019-07-14 14:48:34', NULL),
(389, 87, '37.785834', '-122.406417', '2019-07-14 14:49:34', '2019-07-14 14:49:34', NULL),
(390, 87, '37.785834', '-122.406417', '2019-07-14 14:50:34', '2019-07-14 14:50:34', NULL),
(391, 87, '37.785834', '-122.406417', '2019-07-14 14:51:34', '2019-07-14 14:51:34', NULL),
(392, 87, '37.785834', '-122.406417', '2019-07-14 14:52:34', '2019-07-14 14:52:34', NULL),
(393, 87, '37.785834', '-122.406417', '2019-07-14 14:53:34', '2019-07-14 14:53:34', NULL),
(394, 87, '37.785834', '-122.406417', '2019-07-14 14:54:35', '2019-07-14 14:54:35', NULL),
(395, 87, '37.785834', '-122.406417', '2019-07-14 14:55:34', '2019-07-14 14:55:34', NULL),
(396, 87, '37.785834', '-122.406417', '2019-07-14 14:56:34', '2019-07-14 14:56:34', NULL),
(397, 87, '37.785834', '-122.406417', '2019-07-14 14:57:34', '2019-07-14 14:57:34', NULL),
(398, 87, '37.785834', '-122.406417', '2019-07-14 14:58:34', '2019-07-14 14:58:34', NULL),
(399, 87, '37.785834', '-122.406417', '2019-07-14 14:59:34', '2019-07-14 14:59:34', NULL),
(400, 87, '37.785834', '-122.406417', '2019-07-14 15:00:34', '2019-07-14 15:00:34', NULL),
(401, 87, '37.785834', '-122.406417', '2019-07-14 15:01:34', '2019-07-14 15:01:34', NULL),
(402, 87, '37.785834', '-122.406417', '2019-07-14 15:02:34', '2019-07-14 15:02:34', NULL),
(403, 87, '37.785834', '-122.406417', '2019-07-14 15:03:34', '2019-07-14 15:03:34', NULL),
(404, 87, '37.785834', '-122.406417', '2019-07-14 15:04:34', '2019-07-14 15:04:34', NULL),
(405, 87, '37.785834', '-122.406417', '2019-07-14 15:05:34', '2019-07-14 15:05:34', NULL),
(406, 87, '37.785834', '-122.406417', '2019-07-14 15:06:34', '2019-07-14 15:06:34', NULL),
(407, 87, '37.785834', '-122.406417', '2019-07-14 15:07:34', '2019-07-14 15:07:34', NULL),
(408, 87, '37.785834', '-122.406417', '2019-07-14 15:08:34', '2019-07-14 15:08:34', NULL),
(409, 87, '37.785834', '-122.406417', '2019-07-14 15:09:34', '2019-07-14 15:09:34', NULL),
(410, 87, '37.785834', '-122.406417', '2019-07-14 15:10:34', '2019-07-14 15:10:34', NULL),
(411, 87, '37.785834', '-122.406417', '2019-07-14 15:11:34', '2019-07-14 15:11:34', NULL),
(412, 87, '37.785834', '-122.406417', '2019-07-14 15:12:34', '2019-07-14 15:12:34', NULL),
(413, 87, '31.50175284146647', '34.43475453115708', '2019-07-14 15:12:49', '2019-07-14 15:12:49', NULL),
(414, 87, '37.785834', '-122.406417', '2019-07-14 15:13:34', '2019-07-14 15:13:34', NULL),
(415, 87, '31.50178844192171', '34.43473820504478', '2019-07-14 15:13:50', '2019-07-14 15:13:50', NULL),
(416, 87, '37.785834', '-122.406417', '2019-07-14 15:14:34', '2019-07-14 15:14:34', NULL),
(417, 87, '31.501708984375', '34.43463924280823', '2019-07-14 15:14:49', '2019-07-14 15:14:49', NULL),
(418, 87, '37.785834', '-122.406417', '2019-07-14 15:15:34', '2019-07-14 15:15:34', NULL),
(419, 87, '31.50173950195312', '34.43476820779485', '2019-07-14 15:15:49', '2019-07-14 15:15:49', NULL),
(420, 87, '37.785834', '-122.406417', '2019-07-14 15:16:34', '2019-07-14 15:16:34', NULL),
(421, 87, '31.50172424316406', '34.43479864707405', '2019-07-14 15:16:52', '2019-07-14 15:16:52', NULL),
(422, 87, '37.785834', '-122.406417', '2019-07-14 15:17:34', '2019-07-14 15:17:34', NULL),
(423, 87, '37.785834', '-122.406417', '2019-07-14 15:18:34', '2019-07-14 15:18:34', NULL),
(424, 87, '37.785834', '-122.406417', '2019-07-14 15:19:34', '2019-07-14 15:19:34', NULL),
(425, 87, '37.785834', '-122.406417', '2019-07-14 15:20:34', '2019-07-14 15:20:34', NULL),
(426, 87, '37.785834', '-122.406417', '2019-07-14 15:21:34', '2019-07-14 15:21:34', NULL),
(427, 87, '37.785834', '-122.406417', '2019-07-14 15:22:34', '2019-07-14 15:22:34', NULL),
(428, 87, '37.785834', '-122.406417', '2019-07-14 15:23:34', '2019-07-14 15:23:34', NULL),
(429, 87, '37.785834', '-122.406417', '2019-07-14 15:24:34', '2019-07-14 15:24:34', NULL),
(430, 87, '37.785834', '-122.406417', '2019-07-14 15:25:34', '2019-07-14 15:25:34', NULL),
(431, 87, '37.785834', '-122.406417', '2019-07-14 15:26:34', '2019-07-14 15:26:34', NULL),
(432, 87, '31.501708984375', '34.43488723432852', '2019-07-14 15:27:20', '2019-07-14 15:27:20', NULL),
(433, 87, '37.785834', '-122.406417', '2019-07-14 15:27:34', '2019-07-14 15:27:34', NULL),
(434, 87, '37.785834', '-122.406417', '2019-07-14 15:28:34', '2019-07-14 15:28:34', NULL),
(435, 87, '37.785834', '-122.406417', '2019-07-14 15:29:34', '2019-07-14 15:29:34', NULL),
(436, 87, '31.50178527832031', '34.43474312574454', '2019-07-14 15:29:44', '2019-07-14 15:29:44', NULL),
(437, 87, '37.785834', '-122.406417', '2019-07-14 15:30:34', '2019-07-14 15:30:34', NULL),
(438, 87, '37.785834', '-122.406417', '2019-07-14 15:31:34', '2019-07-14 15:31:34', NULL),
(439, 87, '31.50173950518787', '34.43478002692683', '2019-07-14 15:32:14', '2019-07-14 15:32:14', NULL),
(440, 87, '37.785834', '-122.406417', '2019-07-14 15:32:34', '2019-07-14 15:32:34', NULL),
(441, 87, '31.50172797299193', '34.43477977728098', '2019-07-14 15:33:14', '2019-07-14 15:33:14', NULL),
(442, 87, '37.785834', '-122.406417', '2019-07-14 15:33:34', '2019-07-14 15:33:34', NULL),
(443, 87, '37.785834', '-122.406417', '2019-07-14 15:34:34', '2019-07-14 15:34:34', NULL),
(444, 87, '31.50174037719008', '34.43477317889911', '2019-07-14 15:35:14', '2019-07-14 15:35:14', NULL),
(445, 87, '37.785834', '-122.406417', '2019-07-14 15:35:34', '2019-07-14 15:35:34', NULL),
(446, 87, '31.50177001953125', '34.43469649912397', '2019-07-14 15:36:14', '2019-07-14 15:36:14', NULL),
(447, 87, '37.785834', '-122.406417', '2019-07-14 15:36:34', '2019-07-14 15:36:34', NULL),
(448, 87, '31.50175400327027', '34.43475776444361', '2019-07-14 15:37:14', '2019-07-14 15:37:14', NULL),
(449, 87, '37.785834', '-122.406417', '2019-07-14 15:37:34', '2019-07-14 15:37:34', NULL),
(450, 87, '31.50175447534401', '34.43474349582408', '2019-07-14 15:38:21', '2019-07-14 15:38:21', NULL),
(451, 87, '37.785834', '-122.406417', '2019-07-14 15:38:34', '2019-07-14 15:38:34', NULL),
(452, 87, '37.785834', '-122.406417', '2019-07-14 15:39:34', '2019-07-14 15:39:34', NULL),
(453, 87, '37.785834', '-122.406417', '2019-07-14 15:40:34', '2019-07-14 15:40:34', NULL),
(454, 87, '31.50174206730319', '34.43476317706668', '2019-07-14 15:40:51', '2019-07-14 15:40:51', NULL),
(455, 87, '37.785834', '-122.406417', '2019-07-14 15:41:34', '2019-07-14 15:41:34', NULL),
(456, 87, '31.50170540847181', '34.43479391857786', '2019-07-14 15:41:51', '2019-07-14 15:41:51', NULL),
(457, 87, '37.785834', '-122.406417', '2019-07-14 15:42:34', '2019-07-14 15:42:34', NULL),
(458, 87, '31.50174347459011', '34.43480083577739', '2019-07-14 15:42:51', '2019-07-14 15:42:51', NULL),
(459, 87, '37.785834', '-122.406417', '2019-07-14 15:43:34', '2019-07-14 15:43:34', NULL),
(460, 87, '37.785834', '-122.406417', '2019-07-14 15:44:34', '2019-07-14 15:44:34', NULL),
(461, 87, '31.50174761334215', '34.43479685734283', '2019-07-14 15:44:47', '2019-07-14 15:44:47', NULL),
(462, 87, '31.50174763752307', '34.43479676000894', '2019-07-14 15:44:50', '2019-07-14 15:44:50', NULL),
(463, 87, '37.785834', '-122.406417', '2019-07-14 15:45:34', '2019-07-14 15:45:34', NULL),
(464, 87, '31.50172424316406', '34.43474102982886', '2019-07-14 15:45:54', '2019-07-14 15:45:54', NULL),
(465, 87, '37.785834', '-122.406417', '2019-07-14 15:46:34', '2019-07-14 15:46:34', NULL),
(466, 87, '37.785834', '-122.406417', '2019-07-14 15:47:34', '2019-07-14 15:47:34', NULL),
(467, 87, '31.50173950195312', '34.43473714893948', '2019-07-14 15:47:53', '2019-07-14 15:47:53', NULL),
(468, 87, '37.785834', '-122.406417', '2019-07-14 15:48:34', '2019-07-14 15:48:34', NULL),
(469, 87, '37.785834', '-122.406417', '2019-07-14 15:49:34', '2019-07-14 15:49:34', NULL),
(470, 87, '37.785834', '-122.406417', '2019-07-14 15:50:34', '2019-07-14 15:50:34', NULL),
(471, 87, '37.785834', '-122.406417', '2019-07-14 15:51:34', '2019-07-14 15:51:34', NULL),
(472, 87, '37.785834', '-122.406417', '2019-07-14 15:52:35', '2019-07-14 15:52:35', NULL),
(473, 87, '37.785834', '-122.406417', '2019-07-14 15:53:34', '2019-07-14 15:53:34', NULL),
(474, 87, '37.785834', '-122.406417', '2019-07-14 15:54:34', '2019-07-14 15:54:34', NULL),
(475, 87, '37.785834', '-122.406417', '2019-07-14 15:55:34', '2019-07-14 15:55:34', NULL),
(476, 87, '37.785834', '-122.406417', '2019-07-14 15:56:34', '2019-07-14 15:56:34', NULL),
(477, 87, '31.50389099121094', '34.43250562504151', '2019-07-14 15:57:26', '2019-07-14 15:57:26', NULL),
(478, 87, '37.785834', '-122.406417', '2019-07-14 15:57:34', '2019-07-14 15:57:34', NULL),
(479, 87, '31.50180417605085', '34.43474696325235', '2019-07-14 15:58:25', '2019-07-14 15:58:25', NULL),
(480, 87, '37.785834', '-122.406417', '2019-07-14 15:58:34', '2019-07-14 15:58:34', NULL),
(481, 87, '31.50172568407516', '34.43477318581724', '2019-07-14 15:59:26', '2019-07-14 15:59:26', NULL),
(482, 87, '37.785834', '-122.406417', '2019-07-14 15:59:34', '2019-07-14 15:59:34', NULL),
(483, 87, '37.785834', '-122.406417', '2019-07-14 16:00:34', '2019-07-14 16:00:34', NULL),
(484, 87, '37.785834', '-122.406417', '2019-07-14 16:01:34', '2019-07-14 16:01:34', NULL),
(485, 87, '37.785834', '-122.406417', '2019-07-14 16:02:34', '2019-07-14 16:02:34', NULL),
(486, 87, '37.785834', '-122.406417', '2019-07-14 16:03:34', '2019-07-14 16:03:34', NULL),
(487, 87, '37.785834', '-122.406417', '2019-07-14 16:04:34', '2019-07-14 16:04:34', NULL),
(488, 87, '37.785834', '-122.406417', '2019-07-14 16:05:34', '2019-07-14 16:05:34', NULL),
(489, 87, '37.785834', '-122.406417', '2019-07-14 16:06:34', '2019-07-14 16:06:34', NULL),
(490, 87, '37.785834', '-122.406417', '2019-07-14 16:07:34', '2019-07-14 16:07:34', NULL),
(491, 87, '37.785834', '-122.406417', '2019-07-14 16:08:34', '2019-07-14 16:08:34', NULL),
(492, 87, '37.785834', '-122.406417', '2019-07-14 16:09:34', '2019-07-14 16:09:34', NULL),
(493, 87, '31.50173950195312', '34.43475594955788', '2019-07-14 16:10:23', '2019-07-14 16:10:23', NULL),
(494, 87, '31.50178481745116', '34.43472070451253', '2019-07-14 16:10:33', '2019-07-14 16:10:33', NULL),
(495, 87, '37.785834', '-122.406417', '2019-07-14 16:10:34', '2019-07-14 16:10:34', NULL),
(496, 87, '31.50175476074219', '34.43469379778595', '2019-07-14 16:11:32', '2019-07-14 16:11:32', NULL),
(497, 87, '37.785834', '-122.406417', '2019-07-14 16:11:34', '2019-07-14 16:11:34', NULL),
(498, 87, '31.50174597270948', '34.43475965666023', '2019-07-14 16:12:33', '2019-07-14 16:12:33', NULL),
(499, 87, '37.785834', '-122.406417', '2019-07-14 16:12:34', '2019-07-14 16:12:34', NULL),
(500, 87, '37.785834', '-122.406417', '2019-07-14 16:13:34', '2019-07-14 16:13:34', NULL),
(501, 87, '37.785834', '-122.406417', '2019-07-14 16:14:34', '2019-07-14 16:14:34', NULL),
(502, 87, '37.785834', '-122.406417', '2019-07-14 16:15:34', '2019-07-14 16:15:34', NULL),
(503, 87, '37.785834', '-122.406417', '2019-07-14 16:16:34', '2019-07-14 16:16:34', NULL),
(504, 87, '37.785834', '-122.406417', '2019-07-14 16:17:34', '2019-07-14 16:17:34', NULL),
(505, 87, '37.785834', '-122.406417', '2019-07-14 16:18:34', '2019-07-14 16:18:34', NULL),
(506, 87, '31.50173950195312', '34.43476615837518', '2019-07-14 16:18:59', '2019-07-14 16:18:59', NULL),
(507, 87, '31.50173950195312', '34.43476072412557', '2019-07-14 16:19:13', '2019-07-14 16:19:13', NULL),
(508, 87, '37.785834', '-122.406417', '2019-07-14 16:19:34', '2019-07-14 16:19:34', NULL),
(509, 87, '31.50171719173373', '34.43480984839938', '2019-07-14 16:20:13', '2019-07-14 16:20:13', NULL),
(510, 87, '37.785834', '-122.406417', '2019-07-14 16:20:34', '2019-07-14 16:20:34', NULL),
(511, 87, '37.785834', '-122.406417', '2019-07-14 16:21:34', '2019-07-14 16:21:34', NULL),
(512, 87, '37.785834', '-122.406417', '2019-07-14 16:22:34', '2019-07-14 16:22:34', NULL),
(513, 87, '37.785834', '-122.406417', '2019-07-14 16:23:34', '2019-07-14 16:23:34', NULL),
(514, 87, '37.785834', '-122.406417', '2019-07-14 16:24:34', '2019-07-14 16:24:34', NULL),
(515, 149, '24.70083747404546', '46.61995083008467', '2019-07-14 17:04:24', '2019-07-14 17:04:24', NULL),
(516, 149, '24.69284264820773', '46.59454896175957', '2019-07-14 17:09:24', '2019-07-14 17:09:24', NULL),
(517, 149, '24.75230944029973', '46.58298316668946', '2019-07-14 17:19:34', '2019-07-14 17:19:34', NULL),
(518, 149, '24.80121451659645', '46.60128505613191', '2019-07-14 17:25:35', '2019-07-14 17:25:35', NULL);
INSERT INTO `employee_locations` (`id`, `employee_id`, `latitude`, `longitude`, `created_at`, `updated_at`, `deleted_at`) VALUES
(519, 149, '24.81219482421875', '46.60148951613298', '2019-07-14 17:40:23', '2019-07-14 17:40:23', NULL),
(520, 149, '24.80494689941406', '46.61533445409788', '2019-07-14 17:50:44', '2019-07-14 17:50:44', NULL),
(521, 149, '24.80450462504565', '46.59434006189276', '2019-07-14 18:23:00', '2019-07-14 18:23:00', NULL),
(522, 149, '24.80753189520132', '46.59088871006647', '2019-07-14 18:28:07', '2019-07-14 18:28:07', NULL),
(523, 149, '24.83708190917969', '46.63922978257791', '2019-07-14 18:33:35', '2019-07-14 18:33:35', NULL),
(524, 149, '24.89477843428203', '46.69738264936943', '2019-07-14 18:39:02', '2019-07-14 18:39:02', NULL),
(525, 149, '24.82662963867188', '46.71907347194332', '2019-07-14 18:44:07', '2019-07-14 18:44:07', NULL),
(526, 149, '24.80677795410156', '46.7561115858053', '2019-07-14 18:49:05', '2019-07-14 18:49:05', NULL),
(527, 149, '24.81537503538162', '46.80430575940529', '2019-07-14 18:54:05', '2019-07-14 18:54:05', NULL),
(528, 149, '24.78170776367188', '46.82893923091643', '2019-07-14 18:59:12', '2019-07-14 18:59:12', NULL),
(529, 149, '24.77293964974703', '46.81675891385527', '2019-07-14 19:20:55', '2019-07-14 19:20:55', NULL),
(530, 149, '24.77548582359885', '46.82048070275823', '2019-07-14 19:25:56', '2019-07-14 19:25:56', NULL),
(531, 149, '24.79345435900142', '46.81318072160686', '2019-07-14 19:31:08', '2019-07-14 19:31:08', NULL),
(532, 149, '24.80174875860809', '46.80558338315911', '2019-07-14 19:31:09', '2019-07-14 19:31:09', NULL),
(533, 149, '24.80205470185511', '46.80544797687815', '2019-07-14 19:36:26', '2019-07-14 19:36:26', NULL),
(534, 149, '24.78095075575385', '46.79187846826548', '2019-07-14 19:41:28', '2019-07-14 19:41:28', NULL),
(535, 149, '24.76215703304047', '46.74472995647422', '2019-07-14 19:46:39', '2019-07-14 19:46:39', NULL),
(536, 149, '24.73910261598973', '46.69056180348275', '2019-07-14 19:52:12', '2019-07-14 19:52:12', NULL),
(537, 149, '24.76900899056912', '46.6643194582923', '2019-07-14 21:16:33', '2019-07-14 21:16:33', NULL),
(538, 149, '24.76548767089844', '46.65744065446537', '2019-07-14 21:21:33', '2019-07-14 21:21:33', NULL),
(539, 149, '24.73974864224356', '46.58864454530941', '2019-07-14 21:26:42', '2019-07-14 21:26:42', NULL),
(540, 149, '24.75613403320312', '46.58921014275565', '2019-07-14 22:21:22', '2019-07-14 22:21:22', NULL),
(541, 149, '24.78592210824783', '46.59123397089687', '2019-07-14 22:26:34', '2019-07-14 22:26:34', NULL),
(542, 87, '37.785834', '-122.406417', '2019-07-14 22:29:20', '2019-07-14 22:29:20', NULL),
(543, 87, '37.785834', '-122.406417', '2019-07-14 22:30:16', '2019-07-14 22:30:16', NULL),
(544, 87, '37.785834', '-122.406417', '2019-07-14 22:31:16', '2019-07-14 22:31:16', NULL),
(545, 87, '37.785834', '-122.406417', '2019-07-14 22:32:16', '2019-07-14 22:32:16', NULL),
(546, 87, '37.785834', '-122.406417', '2019-07-14 22:33:16', '2019-07-14 22:33:16', NULL),
(547, 87, '37.785834', '-122.406417', '2019-07-14 22:34:16', '2019-07-14 22:34:16', NULL),
(548, 87, '37.785834', '-122.406417', '2019-07-14 22:35:16', '2019-07-14 22:35:16', NULL),
(549, 87, '37.785834', '-122.406417', '2019-07-14 22:36:16', '2019-07-14 22:36:16', NULL),
(550, 87, '37.785834', '-122.406417', '2019-07-14 22:37:16', '2019-07-14 22:37:16', NULL),
(551, 87, '37.785834', '-122.406417', '2019-07-14 22:38:16', '2019-07-14 22:38:16', NULL),
(552, 87, '37.785834', '-122.406417', '2019-07-14 22:39:16', '2019-07-14 22:39:16', NULL),
(553, 87, '37.785834', '-122.406417', '2019-07-14 22:40:16', '2019-07-14 22:40:16', NULL),
(554, 87, '37.785834', '-122.406417', '2019-07-14 22:41:16', '2019-07-14 22:41:16', NULL),
(555, 87, '37.785834', '-122.406417', '2019-07-14 22:42:17', '2019-07-14 22:42:17', NULL),
(556, 87, '37.785834', '-122.406417', '2019-07-14 22:43:16', '2019-07-14 22:43:16', NULL),
(557, 87, '37.785834', '-122.406417', '2019-07-14 22:44:16', '2019-07-14 22:44:16', NULL),
(558, 87, '37.785834', '-122.406417', '2019-07-14 22:45:16', '2019-07-14 22:45:16', NULL),
(559, 87, '37.785834', '-122.406417', '2019-07-14 22:46:16', '2019-07-14 22:46:16', NULL),
(560, 87, '37.785834', '-122.406417', '2019-07-14 22:47:16', '2019-07-14 22:47:16', NULL),
(561, 87, '37.785834', '-122.406417', '2019-07-14 22:48:16', '2019-07-14 22:48:16', NULL),
(562, 87, '37.785834', '-122.406417', '2019-07-14 22:49:19', '2019-07-14 22:49:19', NULL),
(563, 87, '37.785834', '-122.406417', '2019-07-14 22:50:16', '2019-07-14 22:50:16', NULL),
(564, 87, '37.785834', '-122.406417', '2019-07-14 22:51:16', '2019-07-14 22:51:16', NULL),
(565, 87, '37.785834', '-122.406417', '2019-07-14 22:52:16', '2019-07-14 22:52:16', NULL),
(566, 87, '37.785834', '-122.406417', '2019-07-14 22:53:16', '2019-07-14 22:53:16', NULL),
(567, 87, '37.785834', '-122.406417', '2019-07-14 22:54:17', '2019-07-14 22:54:17', NULL),
(568, 87, '37.785834', '-122.406417', '2019-07-14 22:55:16', '2019-07-14 22:55:16', NULL),
(569, 87, '37.785834', '-122.406417', '2019-07-14 22:56:16', '2019-07-14 22:56:16', NULL),
(570, 87, '37.785834', '-122.406417', '2019-07-14 22:57:16', '2019-07-14 22:57:16', NULL),
(571, 87, '37.785834', '-122.406417', '2019-07-14 22:58:16', '2019-07-14 22:58:16', NULL),
(572, 87, '37.785834', '-122.406417', '2019-07-14 22:59:16', '2019-07-14 22:59:16', NULL),
(573, 87, '37.785834', '-122.406417', '2019-07-14 23:00:16', '2019-07-14 23:00:16', NULL),
(574, 87, '37.785834', '-122.406417', '2019-07-14 23:01:16', '2019-07-14 23:01:16', NULL),
(575, 87, '37.785834', '-122.406417', '2019-07-14 23:02:17', '2019-07-14 23:02:17', NULL),
(576, 87, '37.785834', '-122.406417', '2019-07-14 23:03:16', '2019-07-14 23:03:16', NULL),
(577, 149, '24.81472778320312', '46.58485679854485', '2019-07-14 23:41:57', '2019-07-14 23:41:57', NULL),
(578, 149, '24.80944675353197', '46.670173503709', '2019-07-14 23:53:19', '2019-07-14 23:53:19', NULL),
(579, 149, '24.81352393098438', '46.67803315503102', '2019-07-15 00:00:26', '2019-07-15 00:00:26', NULL),
(580, 149, '24.8145338676524', '46.68155332000862', '2019-07-15 00:05:30', '2019-07-15 00:05:30', NULL),
(581, 149, '24.81919489472093', '46.70404067918552', '2019-07-15 00:11:13', '2019-07-15 00:11:13', NULL),
(582, 149, '24.81512451171875', '46.68114662624366', '2019-07-15 00:28:01', '2019-07-15 00:28:01', NULL),
(583, 149, '24.81745910644531', '46.66518873630185', '2019-07-15 00:28:06', '2019-07-15 00:28:06', NULL),
(584, 149, '24.81766860525208', '46.66543072176849', '2019-07-15 03:09:57', '2019-07-15 03:09:57', NULL),
(585, 149, '24.81236267089844', '46.67811494223128', '2019-07-15 03:09:59', '2019-07-15 03:09:59', NULL),
(586, 149, '24.81025453560218', '46.66935889998259', '2019-07-15 03:15:16', '2019-07-15 03:15:16', NULL),
(587, 149, '24.81381194756783', '46.63056930944301', '2019-07-15 03:20:18', '2019-07-15 03:20:18', NULL),
(588, 87, '37.785834', '-122.406417', '2019-07-15 08:27:42', '2019-07-15 08:27:42', NULL),
(589, 87, '37.785834', '-122.406417', '2019-07-15 08:28:40', '2019-07-15 08:28:40', NULL),
(590, 87, '37.785834', '-122.406417', '2019-07-15 08:29:40', '2019-07-15 08:29:40', NULL),
(591, 87, '37.785834', '-122.406417', '2019-07-15 08:30:40', '2019-07-15 08:30:40', NULL),
(592, 87, '37.785834', '-122.406417', '2019-07-15 08:31:40', '2019-07-15 08:31:40', NULL),
(593, 87, '37.785834', '-122.406417', '2019-07-15 08:32:40', '2019-07-15 08:32:40', NULL),
(594, 87, '37.785834', '-122.406417', '2019-07-15 08:33:40', '2019-07-15 08:33:40', NULL),
(595, 87, '37.785834', '-122.406417', '2019-07-15 08:34:40', '2019-07-15 08:34:40', NULL),
(596, 87, '37.785834', '-122.406417', '2019-07-15 08:35:40', '2019-07-15 08:35:40', NULL),
(597, 87, '37.785834', '-122.406417', '2019-07-15 08:36:40', '2019-07-15 08:36:40', NULL),
(598, 87, '37.785834', '-122.406417', '2019-07-15 08:37:40', '2019-07-15 08:37:40', NULL),
(599, 87, '37.785834', '-122.406417', '2019-07-15 08:38:40', '2019-07-15 08:38:40', NULL),
(600, 87, '37.785834', '-122.406417', '2019-07-15 08:39:40', '2019-07-15 08:39:40', NULL),
(601, 87, '37.785834', '-122.406417', '2019-07-15 08:40:40', '2019-07-15 08:40:40', NULL),
(602, 87, '37.785834', '-122.406417', '2019-07-15 08:41:40', '2019-07-15 08:41:40', NULL),
(603, 87, '37.785834', '-122.406417', '2019-07-15 08:42:40', '2019-07-15 08:42:40', NULL),
(604, 87, '37.785834', '-122.406417', '2019-07-15 08:43:40', '2019-07-15 08:43:40', NULL),
(605, 87, '37.785834', '-122.406417', '2019-07-15 08:44:40', '2019-07-15 08:44:40', NULL),
(606, 87, '37.785834', '-122.406417', '2019-07-15 08:45:40', '2019-07-15 08:45:40', NULL),
(607, 87, '37.785834', '-122.406417', '2019-07-15 08:46:40', '2019-07-15 08:46:40', NULL),
(608, 87, '37.785834', '-122.406417', '2019-07-15 08:47:40', '2019-07-15 08:47:40', NULL),
(609, 87, '37.785834', '-122.406417', '2019-07-15 08:48:40', '2019-07-15 08:48:40', NULL),
(610, 87, '37.785834', '-122.406417', '2019-07-15 08:49:40', '2019-07-15 08:49:40', NULL),
(611, 87, '37.785834', '-122.406417', '2019-07-15 08:50:40', '2019-07-15 08:50:40', NULL),
(612, 87, '37.785834', '-122.406417', '2019-07-15 08:51:40', '2019-07-15 08:51:40', NULL),
(613, 87, '37.785834', '-122.406417', '2019-07-15 08:52:40', '2019-07-15 08:52:40', NULL),
(614, 87, '37.785834', '-122.406417', '2019-07-15 08:53:40', '2019-07-15 08:53:40', NULL),
(615, 87, '37.785834', '-122.406417', '2019-07-15 08:54:40', '2019-07-15 08:54:40', NULL),
(616, 87, '37.785834', '-122.406417', '2019-07-15 08:55:40', '2019-07-15 08:55:40', NULL),
(617, 87, '37.785834', '-122.406417', '2019-07-15 08:56:40', '2019-07-15 08:56:40', NULL),
(618, 87, '37.785834', '-122.406417', '2019-07-15 08:57:40', '2019-07-15 08:57:40', NULL),
(619, 87, '37.785834', '-122.406417', '2019-07-15 08:58:40', '2019-07-15 08:58:40', NULL),
(620, 87, '37.785834', '-122.406417', '2019-07-15 08:59:40', '2019-07-15 08:59:40', NULL),
(621, 87, '37.785834', '-122.406417', '2019-07-15 09:00:40', '2019-07-15 09:00:40', NULL),
(622, 87, '37.785834', '-122.406417', '2019-07-17 12:10:13', '2019-07-17 12:10:13', NULL),
(623, 87, '37.785834', '-122.406417', '2019-07-17 12:11:11', '2019-07-17 12:11:11', NULL),
(624, 87, '37.785834', '-122.406417', '2019-07-23 08:07:16', '2019-07-23 08:07:16', NULL),
(625, 87, '37.785834', '-122.406417', '2019-07-23 08:37:51', '2019-07-23 08:37:51', NULL),
(626, 87, '37.785834', '-122.406417', '2019-07-23 08:38:51', '2019-07-23 08:38:51', NULL),
(627, 82, '29.186454245099150', '48.041311205322255', '2019-08-05 21:54:54', '2019-08-05 21:54:54', NULL),
(628, 82, '29.186454245099150', '48.041311205322255', '2019-08-08 10:15:13', '2019-08-08 10:15:13', NULL),
(629, 82, '29.186454245099150', '48.041311205322255', '2019-08-14 10:15:40', '2019-08-14 10:15:40', NULL);

-- --------------------------------------------------------

--
-- بنية الجدول `events`
--

CREATE TABLE `events` (
  `id` int(11) NOT NULL,
  `office_id` int(11) NOT NULL,
  `title` varchar(300) CHARACTER SET utf8mb4 DEFAULT NULL,
  `type` enum('events','meetings','other_events') COLLATE utf8_unicode_ci NOT NULL,
  `start_date` date DEFAULT NULL,
  `start_time` time DEFAULT NULL,
  `end_date` date DEFAULT NULL,
  `end_time` time DEFAULT NULL,
  `details` text CHARACTER SET utf8mb4,
  `created_at` timestamp NOT NULL DEFAULT CURRENT_TIMESTAMP,
  `updated_at` timestamp NULL DEFAULT NULL,
  `deleted_at` timestamp NULL DEFAULT NULL
) ENGINE=MyISAM DEFAULT CHARSET=utf8 COLLATE=utf8_unicode_ci;

-- --------------------------------------------------------

--
-- بنية الجدول `expenses`
--

CREATE TABLE `expenses` (
  `id` int(11) NOT NULL,
  `office_id` int(11) NOT NULL,
  `project_id` int(11) DEFAULT NULL,
  `aspect_expense_id` int(11) NOT NULL,
  `reference_number` varchar(50) DEFAULT NULL,
  `expense_date` date NOT NULL,
  `total_amount` double NOT NULL,
  `expense_details` text CHARACTER SET utf8mb4,
  `expense_office_details` text CHARACTER SET utf8mb4,
  `responsible_lawyer` int(11) NOT NULL,
  `expense_status` enum('draft','certified','canceled') NOT NULL DEFAULT 'draft',
  `created_at` timestamp NOT NULL DEFAULT CURRENT_TIMESTAMP,
  `updated_at` timestamp NULL DEFAULT NULL,
  `deleted_at` timestamp NULL DEFAULT NULL
) ENGINE=InnoDB DEFAULT CHARSET=latin1;

--
-- إرجاع أو استيراد بيانات الجدول `expenses`
--

INSERT INTO `expenses` (`id`, `office_id`, `project_id`, `aspect_expense_id`, `reference_number`, `expense_date`, `total_amount`, `expense_details`, `expense_office_details`, `responsible_lawyer`, `expense_status`, `created_at`, `updated_at`, `deleted_at`) VALUES
(1, 176, 3, 1, '3452352359', '2020-03-09', 200, NULL, NULL, 188, 'certified', '2020-03-18 18:38:28', '2020-03-31 14:39:12', '2020-03-31 14:39:12'),
(2, 176, 2, 3, '234234', '2020-03-12', 450, NULL, NULL, 188, 'certified', '2020-03-18 18:38:54', '2020-03-31 14:39:12', '2020-03-31 14:39:12'),
(3, 176, 3, 4, NULL, '2020-03-13', 150, NULL, NULL, 189, 'certified', '2020-03-18 18:46:08', '2020-03-31 14:39:12', '2020-03-31 14:39:12'),
(4, 176, 2, 2, NULL, '2020-03-07', 5555, NULL, NULL, 189, 'draft', '2020-03-31 12:36:50', '2020-03-31 14:29:08', '2020-03-31 14:29:08'),
(5, 176, 7, 2, NULL, '2020-03-07', 3333, NULL, NULL, 188, 'draft', '2020-03-31 13:15:42', '2020-03-31 14:29:08', '2020-03-31 14:29:08'),
(6, 176, 7, 2, '4545454', '2020-03-12', 45454, NULL, NULL, 188, 'draft', '2020-03-31 13:21:24', '2020-03-31 14:39:12', '2020-03-31 14:39:12'),
(7, 176, 3, 1, NULL, '2020-02-01', 55, NULL, NULL, 188, 'draft', '2020-03-31 14:25:39', '2020-03-31 14:29:08', '2020-03-31 14:29:08'),
(8, 176, 3, 3, NULL, '2020-03-07', 4000, NULL, NULL, 189, 'draft', '2020-03-31 14:26:35', '2020-03-31 14:29:08', '2020-03-31 14:29:08'),
(9, 176, 3, 2, NULL, '2020-03-01', 111, NULL, NULL, 189, 'draft', '2020-03-31 14:27:55', '2020-03-31 14:29:08', '2020-03-31 14:29:08'),
(10, 176, 3, 1, NULL, '2020-03-07', 4000, NULL, NULL, 189, 'draft', '2020-03-31 14:28:48', '2020-03-31 14:32:44', '2020-03-31 14:32:44'),
(11, 176, 3, 1, NULL, '2020-03-07', 4000, NULL, NULL, 189, 'draft', '2020-03-31 14:28:50', '2020-03-31 14:32:44', '2020-03-31 14:32:44'),
(12, 176, 3, 1, NULL, '2020-03-07', 4000, NULL, NULL, 189, 'draft', '2020-03-31 14:28:50', '2020-03-31 14:32:44', '2020-03-31 14:32:44'),
(13, 176, 3, 1, NULL, '2020-03-07', 4000, NULL, NULL, 189, 'draft', '2020-03-31 14:28:50', '2020-03-31 14:32:44', '2020-03-31 14:32:44'),
(14, 176, 3, 1, NULL, '2020-03-07', 4000, NULL, NULL, 189, 'draft', '2020-03-31 14:28:50', '2020-03-31 14:32:44', '2020-03-31 14:32:44'),
(15, 176, 3, 1, NULL, '2020-03-07', 4000, NULL, NULL, 189, 'draft', '2020-03-31 14:28:51', '2020-03-31 14:38:59', '2020-03-31 14:38:59'),
(16, 176, 2, 1, '', '2020-03-07', 4000, '', '', 188, 'draft', '2020-03-31 14:36:41', '2020-03-31 14:38:59', '2020-03-31 14:38:59'),
(17, 176, 2, 1, '', '2020-03-07', 4000, '', '', 188, 'draft', '2020-03-31 14:36:42', '2020-03-31 14:38:59', '2020-03-31 14:38:59'),
(18, 176, 2, 1, '', '2020-03-07', 4000, '', '', 188, 'draft', '2020-03-31 14:36:42', '2020-03-31 14:38:59', '2020-03-31 14:38:59'),
(19, 176, 2, 1, '', '2020-03-07', 4000, '', '', 188, 'draft', '2020-03-31 14:36:43', '2020-03-31 14:38:59', '2020-03-31 14:38:59'),
(20, 176, 2, 1, '', '2020-03-06', 4000, '', '', 188, 'draft', '2020-03-31 14:40:07', '2020-03-31 14:55:57', '2020-03-31 14:55:57'),
(21, 176, 2, 1, '', '2020-03-06', 4000, '', '', 188, 'draft', '2020-03-31 14:40:12', '2020-03-31 14:55:57', '2020-03-31 14:55:57'),
(22, 176, 2, 1, '', '2020-03-06', 4000, '', '', 188, 'draft', '2020-03-31 14:55:20', '2020-03-31 14:55:57', '2020-03-31 14:55:57'),
(23, 176, 2, 1, '', '2020-03-06', 4000, '', '', 188, 'draft', '2020-03-31 14:55:21', '2020-03-31 14:55:57', '2020-03-31 14:55:57'),
(24, 176, 2, 1, '', '2020-03-06', 4000, '', '', 188, 'draft', '2020-03-31 14:55:21', '2020-03-31 14:55:57', '2020-03-31 14:55:57'),
(25, 176, 2, 1, '', '2020-03-06', 4000, '', '', 188, 'draft', '2020-03-31 14:55:21', '2020-03-31 14:56:06', '2020-03-31 14:56:06'),
(26, 176, 2, 1, '', '2020-03-06', 4000, '', '', 188, 'draft', '2020-03-31 14:55:21', '2020-03-31 14:56:06', '2020-03-31 14:56:06'),
(27, 176, 2, 1, '', '2020-03-06', 4000, '', '', 188, 'draft', '2020-03-31 14:55:21', '2020-03-31 14:56:06', '2020-03-31 14:56:06'),
(28, 176, 2, 1, '', '2020-03-06', 4000, '', '', 188, 'draft', '2020-03-31 14:55:24', '2020-03-31 14:56:06', '2020-03-31 14:56:06'),
(29, 176, 2, 2, NULL, '2020-03-07', 3500, 'aa', 'bb', 188, 'canceled', '2020-03-31 14:56:37', '2020-04-05 10:57:37', NULL),
(30, 176, 7, 3, '5345345', '2020-02-01', 7777, 'aa', 'bb', 188, 'draft', '2020-03-31 15:00:24', '2020-04-01 13:24:09', '2020-04-01 13:24:09'),
(31, 176, 21, 1, NULL, '2020-04-30', 4000, 'وصف المصروف', NULL, 192, 'draft', '2020-04-02 18:08:11', '2020-04-02 18:08:11', NULL),
(32, 176, 21, 1, NULL, '2020-04-04', 22, NULL, NULL, 189, 'draft', '2020-04-05 13:53:23', '2020-04-05 13:53:23', NULL),
(33, 176, 21, 1, NULL, '2020-04-04', 22, NULL, NULL, 189, 'draft', '2020-04-05 13:53:28', '2020-04-05 13:53:28', NULL),
(34, 176, 21, 1, NULL, '2020-04-03', 33, NULL, NULL, 189, 'draft', '2020-04-05 14:09:44', '2020-04-05 14:09:44', NULL),
(35, 176, 21, 1, NULL, '2020-04-03', 33, NULL, NULL, 189, 'draft', '2020-04-05 14:09:44', '2020-04-05 14:09:44', NULL),
(36, 176, 21, 1, NULL, '2020-04-03', 33, NULL, NULL, 189, 'draft', '2020-04-05 14:09:44', '2020-04-05 14:09:44', NULL),
(37, 176, 21, 1, NULL, '2020-04-03', 33, NULL, NULL, 189, 'draft', '2020-04-05 14:09:44', '2020-04-05 14:09:44', NULL),
(38, 176, 21, 1, NULL, '2020-04-03', 33, NULL, NULL, 189, 'draft', '2020-04-05 14:09:44', '2020-04-05 14:09:44', NULL),
(39, 176, 21, 1, NULL, '2020-04-03', 33, NULL, NULL, 189, 'draft', '2020-04-05 14:09:44', '2020-04-05 14:09:44', NULL),
(40, 176, 2, 1, '', '2020-04-04', 4000, '', '', 188, 'draft', '2020-04-05 15:20:54', '2020-04-05 15:20:54', NULL),
(41, 176, 4, 1, '', '2020-04-04', 3500, '', '', 188, 'draft', '2020-04-05 15:23:45', '2020-04-05 15:23:45', NULL),
(42, 176, 21, 1, NULL, '2019-11-02', 1.111111111111111e15, NULL, NULL, 188, 'draft', '2020-04-05 16:21:03', '2020-04-05 16:21:03', NULL);

-- --------------------------------------------------------

--
-- بنية الجدول `fields`
--

CREATE TABLE `fields` (
  `id` int(11) NOT NULL,
  `office_id` int(11) NOT NULL,
  `type` enum('input','checkbox','textarea') NOT NULL,
  `name` varchar(300) CHARACTER SET utf8mb4 NOT NULL,
  `required` enum('yes','no') DEFAULT NULL,
  `apply_to` enum('this_project','all_projects') DEFAULT NULL,
  `created_at` timestamp NOT NULL DEFAULT CURRENT_TIMESTAMP,
  `updated_at` timestamp NULL DEFAULT NULL,
  `deleted_at` timestamp NULL DEFAULT NULL
) ENGINE=InnoDB DEFAULT CHARSET=latin1;

--
-- إرجاع أو استيراد بيانات الجدول `fields`
--

INSERT INTO `fields` (`id`, `office_id`, `type`, `name`, `required`, `apply_to`, `created_at`, `updated_at`, `deleted_at`) VALUES
(40, 176, 'input', 'عنوان العميل', 'yes', 'this_project', '2020-04-01 12:50:51', '2020-04-01 12:50:51', NULL),
(41, 176, 'textarea', 'ملاحظات اخرى', 'no', 'this_project', '2020-04-01 12:51:13', '2020-04-01 12:51:13', NULL);

-- --------------------------------------------------------

--
-- بنية الجدول `flats_fees`
--

CREATE TABLE `flats_fees` (
  `id` int(11) NOT NULL,
  `office_id` int(11) NOT NULL,
  `project_id` int(11) NOT NULL,
  `description` text CHARACTER SET utf8mb4,
  `date` date DEFAULT NULL,
  `price` float NOT NULL,
  `created_at` timestamp NOT NULL DEFAULT CURRENT_TIMESTAMP,
  `updated_at` timestamp NULL DEFAULT NULL,
  `deleted_at` timestamp NULL DEFAULT NULL
) ENGINE=InnoDB DEFAULT CHARSET=latin1;

--
-- إرجاع أو استيراد بيانات الجدول `flats_fees`
--

INSERT INTO `flats_fees` (`id`, `office_id`, `project_id`, `description`, `date`, `price`, `created_at`, `updated_at`, `deleted_at`) VALUES
(2, 176, 3, 'مبالغ مقطوعة تتعلق بإستشارة العميل', '2020-03-07', 400, '2020-03-18 18:44:07', '2020-03-18 18:44:07', NULL),
(3, 176, 2, 'مبالغ مقطوعة تتعلق بقضية العميل', '2020-03-07', 250, '2020-03-18 18:44:58', '2020-03-18 18:44:58', NULL),
(4, 176, 4, '3434343', '2020-03-03', 454456, '2020-03-29 15:31:12', '2020-03-29 15:31:12', NULL),
(5, 176, 7, 'قرطاسية11', '2020-03-07', 533, '2020-03-31 13:17:11', '2020-03-31 13:17:11', NULL),
(6, 176, 2, 'قرطاسية8', '2020-03-07', 1330, '2020-03-31 14:58:18', '2020-03-31 14:58:18', NULL),
(7, 176, 2, 'قرطاسية وإحتياجات أخرى #2', '2020-03-21', 1330, '2020-03-31 14:59:17', '2020-03-31 14:59:17', NULL),
(8, 176, 21, NULL, '2020-04-04', 6666, '2020-04-05 14:13:15', '2020-04-05 14:13:15', NULL),
(9, 176, 21, 'قرطاسية وإحتياجات أخرى', '2020-04-04', 22, '2020-04-05 14:13:30', '2020-04-05 14:13:30', NULL),
(10, 176, 2, 'قرطاسية وإحتياجات أخرى', '2020-04-04', 1330, '2020-04-05 15:27:06', '2020-04-05 15:27:06', NULL),
(11, 176, 2, 'مصاريف نقل', '2020-04-04', 22, '2020-04-05 15:27:23', '2020-04-05 15:27:23', NULL);

-- --------------------------------------------------------

--
-- بنية الجدول `helps`
--

CREATE TABLE `helps` (
  `id` int(11) NOT NULL,
  `status` enum('active','not_active') COLLATE utf8_unicode_ci NOT NULL DEFAULT 'active',
  `created_at` timestamp NOT NULL DEFAULT CURRENT_TIMESTAMP,
  `updated_at` timestamp NULL DEFAULT NULL,
  `deleted_at` timestamp NULL DEFAULT NULL
) ENGINE=MyISAM DEFAULT CHARSET=utf8 COLLATE=utf8_unicode_ci;

--
-- إرجاع أو استيراد بيانات الجدول `helps`
--

INSERT INTO `helps` (`id`, `status`, `created_at`, `updated_at`, `deleted_at`) VALUES
(1, 'active', '2018-06-25 05:43:06', '2018-07-05 16:39:42', NULL),
(2, 'active', '2018-06-25 05:43:11', '2018-07-03 12:28:35', NULL),
(3, 'active', '2018-06-25 05:59:08', '2018-07-05 16:39:42', NULL);

-- --------------------------------------------------------

--
-- بنية الجدول `help_translations`
--

CREATE TABLE `help_translations` (
  `id` int(11) NOT NULL,
  `help_id` int(11) NOT NULL,
  `locale` varchar(11) COLLATE utf8_unicode_ci NOT NULL,
  `question` varchar(255) COLLATE utf8_unicode_ci NOT NULL,
  `answer` text COLLATE utf8_unicode_ci NOT NULL,
  `created_at` timestamp NOT NULL DEFAULT CURRENT_TIMESTAMP,
  `updated_at` timestamp NULL DEFAULT NULL,
  `deleted_at` timestamp NULL DEFAULT NULL
) ENGINE=MyISAM DEFAULT CHARSET=utf8 COLLATE=utf8_unicode_ci;

--
-- إرجاع أو استيراد بيانات الجدول `help_translations`
--

INSERT INTO `help_translations` (`id`, `help_id`, `locale`, `question`, `answer`, `created_at`, `updated_at`, `deleted_at`) VALUES
(1, 1, 'en', 'Help section test, the first question?', 'Help section test, the first question Help section test, the first question Help section test, the first question Help section test, the first question Help section test, the first question Help section test, the first question Help section test, the first question Help section test, the first question Help section test, the first question Help section test, the first question Help section test, the first question ', '2018-06-25 05:43:41', NULL, NULL),
(2, 1, 'ar', 'إختبار لقسم المساعدة، السؤال الأول؟', 'إختبار لقسم المساعدة، السؤال الأول إختبار لقسم المساعدة، السؤال الأول إختبار لقسم المساعدة، السؤال الأول إختبار لقسم المساعدة، السؤال الأول إختبار لقسم المساعدة، السؤال الأول إختبار لقسم المساعدة، السؤال الأول إختبار لقسم المساعدة، السؤال الأول إختبار لقسم المساعدة، السؤال الأول إختبار لقسم المساعدة، السؤال الأول إختبار لقسم المساعدة، السؤال الأول إختبار لقسم المساعدة، السؤال الأول إختبار لقسم المساعدة، السؤال الأول إختبار لقسم المساعدة، السؤال الأول إختبار لقسم المساعدة، السؤال الأول إختبار لقسم المساعدة، السؤال الأول إختبار لقسم المساعدة، السؤال الأول إختبار لقسم المساعدة، السؤال الأول إختبار لقسم المساعدة، السؤال الأول إختبار لقسم المساعدة، السؤال الأول إختبار لقسم المساعدة، السؤال الأول ', '2018-06-25 05:43:44', NULL, NULL),
(3, 2, 'en', 'Help section test, the second question?', 'Help section test, the second question Help section test, the second question Help section test, the second question Help section test, the second question Help section test, the second question Help section test, the second question Help section test, the second question Help section test, the second question Help section test, the second question Help section test, the second question Help section test, the second question Help section test, the second question Help section test, the second question Help section test, the second question Help section test, the second question Help section test, the second question Help section test, the second question Help section test, the second question ', '2018-06-25 05:44:11', NULL, NULL),
(4, 2, 'ar', 'إختبار لقسم المساعدة، السؤال الثاني؟', 'إختبار لقسم المساعدة، السؤال الثاني إختبار لقسم المساعدة، السؤال الثاني إختبار لقسم المساعدة، السؤال الثاني إختبار لقسم المساعدة، السؤال الثاني إختبار لقسم المساعدة، السؤال الثاني إختبار لقسم المساعدة، السؤال الثاني إختبار لقسم المساعدة، السؤال الثاني إختبار لقسم المساعدة، السؤال الثاني إختبار لقسم المساعدة، السؤال الثاني إختبار لقسم المساعدة، السؤال الثاني إختبار لقسم المساعدة، السؤال الثاني إختبار لقسم المساعدة، السؤال الثاني إختبار لقسم المساعدة، السؤال الثاني إختبار لقسم المساعدة، السؤال الثاني إختبار لقسم المساعدة، السؤال الثاني إختبار لقسم المساعدة، السؤال الثاني إختبار لقسم المساعدة، السؤال الثاني إختبار لقسم المساعدة، السؤال الثاني إختبار لقسم المساعدة، السؤال الثاني إختبار لقسم المساعدة، السؤال الثاني إختبار لقسم المساعدة، السؤال الثاني إختبار لقسم المساعدة، السؤال الثاني إختبار لقسم المساعدة، السؤال الثاني ', '2018-06-25 05:44:15', NULL, NULL),
(5, 3, 'en', 'Help section test, the third question?', 'Help section test, the third question Help section test, the third question Help section test, the third question Help section test, the third question Help section test, the third question Help section test, the third question Help section test, the third question Help section test, the third question Help section test, the third question Help section test, the third question Help section test, the third question Help section test, the third question Help section test, the third question Help section test, the third question ', '2018-06-25 05:59:32', NULL, NULL),
(6, 3, 'ar', 'إختبار لقسم المساعدة، السؤال الثالث؟', 'إختبار لقسم المساعدة، السؤال الثالث إختبار لقسم المساعدة، السؤال الثالث إختبار لقسم المساعدة، السؤال الثالث إختبار لقسم المساعدة، السؤال الثالث إختبار لقسم المساعدة، السؤال الثالث إختبار لقسم المساعدة، السؤال الثالث إختبار لقسم المساعدة، السؤال الثالث إختبار لقسم المساعدة، السؤال الثالث إختبار لقسم المساعدة، السؤال الثالث إختبار لقسم المساعدة، السؤال الثالث إختبار لقسم المساعدة، السؤال الثالث إختبار لقسم المساعدة، السؤال الثالث إختبار لقسم المساعدة، السؤال الثالث إختبار لقسم المساعدة، السؤال الثالث إختبار لقسم المساعدة، السؤال الثالث إختبار لقسم المساعدة، السؤال الثالث إختبار لقسم المساعدة، السؤال الثالث إختبار لقسم المساعدة، السؤال الثالث إختبار لقسم المساعدة، السؤال الثالث ', '2018-06-25 05:59:36', NULL, NULL);

-- --------------------------------------------------------

--
-- بنية الجدول `invoices`
--

CREATE TABLE `invoices` (
  `id` int(11) NOT NULL,
  `office_id` int(11) NOT NULL,
  `client_id` int(11) DEFAULT NULL,
  `project_id` int(11) DEFAULT NULL,
  `invoice_number` varchar(50) CHARACTER SET utf8mb4 DEFAULT NULL,
  `vat_status` enum('yes','no') DEFAULT NULL,
  `vat` double DEFAULT NULL,
  `release_date` date DEFAULT NULL,
  `claim_date` date DEFAULT NULL,
  `office_address` text CHARACTER SET utf8mb4,
  `client_address` text CHARACTER SET utf8mb4,
  `final_total` double DEFAULT NULL,
  `discount_status` enum('yes','no') DEFAULT 'yes',
  `discount_name` varchar(300) CHARACTER SET utf8mb4 DEFAULT NULL,
  `discount_type_id` int(11) DEFAULT NULL,
  `discount_amount` double DEFAULT NULL,
  `responsible_lawyer` int(11) NOT NULL,
  `status` enum('draft','approved','canceled','paid_all','paid_part') DEFAULT 'draft',
  `created_at` timestamp NOT NULL DEFAULT CURRENT_TIMESTAMP ON UPDATE CURRENT_TIMESTAMP,
  `updated_at` timestamp NULL DEFAULT NULL,
  `deleted_at` timestamp NULL DEFAULT NULL
) ENGINE=InnoDB DEFAULT CHARSET=latin1;

--
-- إرجاع أو استيراد بيانات الجدول `invoices`
--

INSERT INTO `invoices` (`id`, `office_id`, `client_id`, `project_id`, `invoice_number`, `vat_status`, `vat`, `release_date`, `claim_date`, `office_address`, `client_address`, `final_total`, `discount_status`, `discount_name`, `discount_type_id`, `discount_amount`, `responsible_lawyer`, `status`, `created_at`, `updated_at`, `deleted_at`) VALUES
(1, 176, 1, 2, '00001', 'yes', 5, '2020-03-05', '2020-03-13', 'جدة - البنك العقاري', 'الخبر - مكتبة جرير', 1300, 'no', NULL, NULL, NULL, 176, 'approved', '2020-03-18 14:02:04', '2020-03-18 19:02:04', '2020-03-18 19:02:04'),
(2, 176, 1, 2, '00001', 'yes', 5, '2020-03-11', '2020-03-12', 'الخبر - المكتبة العامة', 'الدمام - البنك العقاري', 1300, 'no', NULL, NULL, NULL, 176, 'approved', '2020-03-18 19:03:46', '2020-03-18 19:03:46', NULL),
(3, 176, 1, 4, '00002', NULL, NULL, '2020-03-04', '2020-03-04', NULL, NULL, 2323, 'no', NULL, NULL, NULL, 176, 'draft', '2020-03-30 12:04:19', '2020-03-30 17:04:19', '2020-03-30 17:04:19'),
(4, 176, 1, 3, '00003', 'yes', 5, '2020-03-11', '2020-03-17', 'Kahf', 'Kahf', 600, 'yes', 'test', 1, 33, 176, 'draft', '2020-03-30 14:06:05', '2020-03-30 14:06:05', NULL),
(5, 176, 1, 3, '00003', NULL, NULL, '2020-03-07', '2020-03-21', NULL, NULL, 670, 'no', NULL, NULL, NULL, 176, 'draft', '2020-03-31 12:24:15', '2020-03-31 12:24:15', NULL),
(6, 176, 1, 7, '00004', NULL, NULL, '2020-03-01', '2020-03-07', NULL, NULL, 444, 'no', NULL, NULL, NULL, 176, 'approved', '2020-04-05 10:26:53', '2020-04-05 15:26:53', NULL),
(7, 176, 1, 3, '00005', 'yes', 5, '2020-02-01', '2020-02-01', '24123123', '111', 450, 'no', NULL, NULL, NULL, 176, 'approved', '2020-03-31 13:55:34', '2020-03-31 13:55:34', NULL),
(8, 176, 1, 21, '00006', NULL, NULL, '2020-04-02', '2020-04-10', NULL, NULL, 22, 'no', NULL, NULL, NULL, 176, 'draft', '2020-04-05 12:22:33', '2020-04-05 12:22:33', NULL),
(9, 176, 1, 21, '00007', NULL, NULL, '2020-04-04', '2020-04-04', NULL, NULL, 150, 'no', NULL, NULL, NULL, 176, 'draft', '2020-04-05 09:32:33', '2020-04-05 14:32:33', '2020-04-05 14:32:33'),
(10, 176, 1, 21, '00008', NULL, NULL, '2020-04-04', '2020-04-04', NULL, NULL, 150, 'no', NULL, NULL, NULL, 176, 'draft', '2020-04-05 09:32:33', '2020-04-05 14:32:33', '2020-04-05 14:32:33'),
(11, 176, 1, 21, '00009', NULL, NULL, '2020-04-04', '2020-04-04', NULL, NULL, 150, 'no', NULL, NULL, NULL, 176, 'draft', '2020-04-05 09:32:33', '2020-04-05 14:32:33', '2020-04-05 14:32:33'),
(12, 176, 1, 21, '00010', NULL, NULL, '2020-04-04', '2020-04-04', NULL, NULL, 150, 'no', NULL, NULL, NULL, 176, 'draft', '2020-04-05 09:32:33', '2020-04-05 14:32:33', '2020-04-05 14:32:33'),
(13, 176, 1, 21, '00011', NULL, NULL, '2020-04-04', '2020-04-04', NULL, NULL, 150, 'no', NULL, NULL, NULL, 176, 'draft', '2020-04-05 09:32:33', '2020-04-05 14:32:33', '2020-04-05 14:32:33'),
(14, 176, 1, 21, '00012', NULL, NULL, '2020-04-04', '2020-04-04', NULL, NULL, 150, 'no', NULL, NULL, NULL, 176, 'draft', '2020-04-05 09:32:42', '2020-04-05 14:32:42', '2020-04-05 14:32:42'),
(15, 176, 1, 21, '00007', NULL, NULL, '2020-04-04', '2020-04-04', NULL, NULL, 670, 'no', NULL, NULL, NULL, 176, 'draft', '2020-04-05 14:35:36', '2020-04-05 14:35:36', NULL);

-- --------------------------------------------------------

--
-- بنية الجدول `invoices_expenses`
--

CREATE TABLE `invoices_expenses` (
  `id` int(11) NOT NULL,
  `invoice_id` int(11) NOT NULL,
  `expense_id` int(11) NOT NULL,
  `created_at` timestamp NOT NULL DEFAULT CURRENT_TIMESTAMP,
  `updated_at` timestamp NULL DEFAULT NULL,
  `deleted_at` timestamp NULL DEFAULT NULL
) ENGINE=InnoDB DEFAULT CHARSET=latin1;

--
-- إرجاع أو استيراد بيانات الجدول `invoices_expenses`
--

INSERT INTO `invoices_expenses` (`id`, `invoice_id`, `expense_id`, `created_at`, `updated_at`, `deleted_at`) VALUES
(1, 1, 2, '2020-03-18 13:58:29', NULL, NULL),
(2, 2, 2, '2020-03-18 14:03:46', NULL, NULL),
(3, 4, 1, '2020-03-30 09:06:05', NULL, NULL),
(4, 4, 3, '2020-03-30 09:06:05', NULL, NULL),
(5, 7, 1, '2020-03-31 08:55:34', NULL, NULL);

-- --------------------------------------------------------

--
-- بنية الجدول `invoices_flats_fees`
--

CREATE TABLE `invoices_flats_fees` (
  `id` int(11) NOT NULL,
  `invoice_id` int(11) NOT NULL,
  `flat_fee_id` int(11) NOT NULL,
  `created_at` timestamp NOT NULL DEFAULT CURRENT_TIMESTAMP,
  `updated_at` timestamp NULL DEFAULT NULL,
  `deleted_at` timestamp NULL DEFAULT NULL
) ENGINE=InnoDB DEFAULT CHARSET=latin1;

--
-- إرجاع أو استيراد بيانات الجدول `invoices_flats_fees`
--

INSERT INTO `invoices_flats_fees` (`id`, `invoice_id`, `flat_fee_id`, `created_at`, `updated_at`, `deleted_at`) VALUES
(1, 1, 3, '2020-03-18 13:58:29', NULL, NULL),
(2, 2, 3, '2020-03-18 14:03:46', NULL, NULL);

-- --------------------------------------------------------

--
-- بنية الجدول `invoices_hours`
--

CREATE TABLE `invoices_hours` (
  `id` int(11) NOT NULL,
  `invoice_id` int(11) NOT NULL,
  `hour_id` int(11) NOT NULL,
  `created_at` timestamp NOT NULL DEFAULT CURRENT_TIMESTAMP,
  `updated_at` timestamp NULL DEFAULT NULL,
  `deleted_at` timestamp NULL DEFAULT NULL
) ENGINE=InnoDB DEFAULT CHARSET=latin1;

--
-- إرجاع أو استيراد بيانات الجدول `invoices_hours`
--

INSERT INTO `invoices_hours` (`id`, `invoice_id`, `hour_id`, `created_at`, `updated_at`, `deleted_at`) VALUES
(1, 1, 2, '2020-03-18 13:58:29', NULL, NULL),
(2, 2, 2, '2020-03-18 14:03:46', NULL, NULL),
(3, 4, 3, '2020-03-30 09:06:05', NULL, NULL),
(4, 7, 3, '2020-03-31 08:55:34', NULL, NULL);

-- --------------------------------------------------------

--
-- بنية الجدول `invoices_invoices_outputs`
--

CREATE TABLE `invoices_invoices_outputs` (
  `id` int(11) NOT NULL,
  `invoice_id` int(11) NOT NULL,
  `invoice_output_id` int(11) NOT NULL,
  `created_at` timestamp NOT NULL DEFAULT CURRENT_TIMESTAMP,
  `updated_at` timestamp NULL DEFAULT NULL,
  `deleted_at` timestamp NULL DEFAULT NULL
) ENGINE=InnoDB DEFAULT CHARSET=latin1;

--
-- إرجاع أو استيراد بيانات الجدول `invoices_invoices_outputs`
--

INSERT INTO `invoices_invoices_outputs` (`id`, `invoice_id`, `invoice_output_id`, `created_at`, `updated_at`, `deleted_at`) VALUES
(1, 1, 1, '2020-03-18 13:58:29', NULL, NULL),
(2, 2, 1, '2020-03-18 14:03:46', NULL, NULL),
(3, 7, 1, '2020-03-31 08:55:34', NULL, NULL);

-- --------------------------------------------------------

--
-- بنية الجدول `invoices_outputs`
--

CREATE TABLE `invoices_outputs` (
  `id` int(11) NOT NULL,
  `status` enum('active','not_active') NOT NULL DEFAULT 'active',
  `created_at` timestamp NOT NULL DEFAULT CURRENT_TIMESTAMP,
  `updated_at` timestamp NULL DEFAULT NULL,
  `deleted_at` timestamp NULL DEFAULT NULL
) ENGINE=InnoDB DEFAULT CHARSET=latin1;

--
-- إرجاع أو استيراد بيانات الجدول `invoices_outputs`
--

INSERT INTO `invoices_outputs` (`id`, `status`, `created_at`, `updated_at`, `deleted_at`) VALUES
(1, 'active', '2019-12-25 13:18:10', NULL, NULL),
(2, 'active', '2019-12-25 13:18:14', NULL, NULL),
(3, 'active', '2020-01-06 08:25:17', NULL, NULL),
(4, 'active', '2020-01-06 08:25:25', NULL, NULL),
(5, 'active', '2020-02-27 08:43:14', NULL, NULL);

-- --------------------------------------------------------

--
-- بنية الجدول `invoice_output_translations`
--

CREATE TABLE `invoice_output_translations` (
  `id` int(30) NOT NULL,
  `invoice_output_id` int(30) NOT NULL,
  `locale` varchar(30) NOT NULL,
  `name` varchar(300) CHARACTER SET utf8mb4 NOT NULL,
  `created_at` timestamp NOT NULL DEFAULT CURRENT_TIMESTAMP,
  `updated_at` timestamp NULL DEFAULT NULL,
  `deleted_at` timestamp NULL DEFAULT NULL
) ENGINE=InnoDB DEFAULT CHARSET=latin1;

--
-- إرجاع أو استيراد بيانات الجدول `invoice_output_translations`
--

INSERT INTO `invoice_output_translations` (`id`, `invoice_output_id`, `locale`, `name`, `created_at`, `updated_at`, `deleted_at`) VALUES
(5, 1, 'ar', 'جميع الحقول', '2020-01-06 08:33:05', NULL, NULL),
(6, 1, 'en', 'All fields', '2020-01-06 08:33:05', NULL, NULL),
(7, 2, 'ar', 'البيانات الأساسية', '2020-01-06 08:33:40', NULL, NULL),
(8, 2, 'en', 'basic information', '2020-01-06 08:33:40', NULL, NULL),
(9, 3, 'ar', 'الساعات', '2020-01-06 08:34:12', NULL, NULL),
(10, 3, 'en', 'Hours', '2020-01-06 08:34:12', NULL, NULL),
(11, 4, 'ar', 'المصروفات', '2020-01-06 08:34:49', NULL, NULL),
(12, 4, 'en', 'Expenses', '2020-01-06 08:34:49', NULL, NULL),
(13, 5, 'ar', 'المبالغ المقطوعة', '2020-02-27 08:44:12', NULL, NULL),
(14, 5, 'en', 'Flats Fees', '2020-02-27 08:44:12', NULL, NULL);

-- --------------------------------------------------------

--
-- بنية الجدول `languages`
--

CREATE TABLE `languages` (
  `id` int(11) NOT NULL,
  `lang` varchar(300) COLLATE utf8_unicode_ci NOT NULL,
  `flag` varchar(225) COLLATE utf8_unicode_ci DEFAULT NULL,
  `created_at` timestamp NOT NULL DEFAULT CURRENT_TIMESTAMP,
  `updated_at` timestamp NOT NULL DEFAULT '0000-00-00 00:00:00',
  `deleted_at` timestamp NULL DEFAULT NULL
) ENGINE=InnoDB DEFAULT CHARSET=utf8 COLLATE=utf8_unicode_ci;

--
-- إرجاع أو استيراد بيانات الجدول `languages`
--

INSERT INTO `languages` (`id`, `lang`, `flag`, `created_at`, `updated_at`, `deleted_at`) VALUES
(1, 'en', 'uploads/language/m.png', '2017-10-18 10:36:27', '0000-00-00 00:00:00', NULL),
(2, 'ar', 'uploads/language/s.png', '2017-10-18 10:36:38', '0000-00-00 00:00:00', NULL);

-- --------------------------------------------------------

--
-- بنية الجدول `language_translations`
--

CREATE TABLE `language_translations` (
  `id` int(11) NOT NULL,
  `language_id` int(11) NOT NULL,
  `locale` varchar(300) COLLATE utf8_unicode_ci NOT NULL,
  `name` varchar(300) COLLATE utf8_unicode_ci NOT NULL,
  `created_at` timestamp NOT NULL DEFAULT CURRENT_TIMESTAMP,
  `updated_at` timestamp NOT NULL DEFAULT '0000-00-00 00:00:00',
  `deleted_at` timestamp NULL DEFAULT NULL
) ENGINE=InnoDB DEFAULT CHARSET=utf8 COLLATE=utf8_unicode_ci ROW_FORMAT=COMPACT;

--
-- إرجاع أو استيراد بيانات الجدول `language_translations`
--

INSERT INTO `language_translations` (`id`, `language_id`, `locale`, `name`, `created_at`, `updated_at`, `deleted_at`) VALUES
(1, 1, 'en', 'English', '2017-10-19 08:04:44', '0000-00-00 00:00:00', NULL),
(2, 1, 'ar', 'إنجليزي', '2017-10-19 08:04:44', '0000-00-00 00:00:00', NULL),
(3, 2, 'en', 'Arabic', '2017-10-19 08:05:27', '0000-00-00 00:00:00', NULL),
(4, 2, 'ar', 'عربي', '2017-10-19 08:05:27', '0000-00-00 00:00:00', NULL);

-- --------------------------------------------------------

--
-- بنية الجدول `lawsuits`
--

CREATE TABLE `lawsuits` (
  `id` int(30) NOT NULL,
  `status` enum('active','not_active') NOT NULL,
  `created_at` timestamp NOT NULL DEFAULT CURRENT_TIMESTAMP,
  `updated_at` timestamp NULL DEFAULT NULL,
  `deleted_at` timestamp NULL DEFAULT NULL
) ENGINE=InnoDB DEFAULT CHARSET=latin1;

--
-- إرجاع أو استيراد بيانات الجدول `lawsuits`
--

INSERT INTO `lawsuits` (`id`, `status`, `created_at`, `updated_at`, `deleted_at`) VALUES
(1, 'active', '2019-10-26 07:26:00', '2020-02-03 05:07:03', '2020-02-03 05:07:03'),
(2, 'active', '2019-10-26 07:26:00', '2020-02-03 05:07:00', '2020-02-03 05:07:00'),
(3, 'active', '2019-10-26 07:26:06', '2020-02-03 05:06:57', '2020-02-03 05:06:57'),
(4, 'active', '2019-10-26 07:26:06', '2020-02-03 05:07:06', '2020-02-03 05:07:06'),
(5, 'active', '2019-10-26 07:26:11', '2020-02-03 05:06:50', '2020-02-03 05:06:50'),
(6, 'active', '2019-10-26 07:26:11', '2020-02-03 05:06:53', '2020-02-03 05:06:53'),
(7, 'active', '2019-10-26 07:26:17', '2020-02-03 05:06:46', '2020-02-03 05:06:46'),
(8, 'active', '2019-10-26 07:26:17', '2020-02-03 05:06:44', '2020-02-03 05:06:44'),
(9, 'active', '2019-10-26 07:26:22', '2020-02-03 05:06:41', '2020-02-03 05:06:41'),
(10, 'active', '2019-11-03 09:54:17', '2019-11-03 09:55:44', '2019-11-03 09:55:44'),
(11, 'active', '2020-02-03 05:07:45', '2020-02-03 05:07:45', NULL),
(12, 'active', '2020-02-03 05:08:16', '2020-02-03 05:08:16', NULL),
(13, 'active', '2020-02-03 05:08:34', '2020-02-03 05:08:34', NULL),
(14, 'active', '2020-02-03 05:08:56', '2020-02-03 05:08:56', NULL),
(15, 'active', '2020-03-24 14:33:45', '2020-03-24 14:35:09', '2020-03-24 14:35:09'),
(16, 'active', '2020-03-25 14:22:01', '2020-03-25 14:22:20', '2020-03-25 14:22:20'),
(17, 'active', '2020-03-25 14:22:07', '2020-03-25 14:22:39', '2020-03-25 14:22:39');

-- --------------------------------------------------------

--
-- بنية الجدول `lawsuit_translations`
--

CREATE TABLE `lawsuit_translations` (
  `id` int(30) NOT NULL,
  `lawsuit_id` int(30) NOT NULL,
  `locale` varchar(30) NOT NULL,
  `name` varchar(300) CHARACTER SET utf8mb4 NOT NULL,
  `created_at` timestamp NOT NULL DEFAULT CURRENT_TIMESTAMP,
  `updated_at` timestamp NULL DEFAULT NULL,
  `deleted_at` timestamp NULL DEFAULT NULL
) ENGINE=InnoDB DEFAULT CHARSET=latin1;

--
-- إرجاع أو استيراد بيانات الجدول `lawsuit_translations`
--

INSERT INTO `lawsuit_translations` (`id`, `lawsuit_id`, `locale`, `name`, `created_at`, `updated_at`, `deleted_at`) VALUES
(1, 1, 'ar', 'تأمين', '2019-10-26 07:27:25', NULL, NULL),
(2, 1, 'en', 'insurance', '2019-10-26 07:27:25', NULL, NULL),
(3, 2, 'ar', 'وصايا', '2019-10-26 07:28:02', NULL, NULL),
(4, 2, 'en', 'Commandments', '2019-10-26 07:28:02', NULL, NULL),
(5, 3, 'ar', 'دعوة بسبب الإخلال بعقد', '2019-10-26 07:28:42', NULL, NULL),
(6, 3, 'en', 'Call for breach of contract', '2019-10-26 07:28:42', NULL, NULL),
(7, 4, 'ar', 'تجارية بيع أو شراء', '2019-10-26 07:29:18', NULL, NULL),
(8, 4, 'en', 'Commercial sale or purchase', '2019-10-26 07:29:18', NULL, NULL),
(9, 5, 'ar', 'زواج', '2019-10-26 07:29:45', NULL, NULL),
(10, 5, 'en', 'marriage', '2019-10-26 07:29:45', NULL, NULL),
(11, 6, 'ar', 'طلاق', '2019-10-26 07:30:13', NULL, NULL),
(12, 6, 'en', 'divorce', '2019-10-26 07:30:13', NULL, NULL),
(13, 7, 'ar', 'عشائرية', '2019-10-26 07:30:45', NULL, NULL),
(14, 7, 'en', 'Clan', '2019-10-26 07:30:45', NULL, NULL),
(15, 8, 'ar', 'شرعية', '2019-10-26 07:31:13', NULL, NULL),
(16, 8, 'en', 'legitimacy', '2019-10-26 07:31:13', NULL, NULL),
(17, 9, 'ar', 'جنائية', '2019-10-26 07:31:41', NULL, NULL),
(18, 9, 'en', 'Criminal', '2019-10-26 07:31:41', NULL, NULL),
(19, 10, 'en', '11111', '2019-11-03 09:54:17', '2019-11-03 09:54:39', NULL),
(20, 10, 'ar', '3333333333', '2019-11-03 09:54:17', '2019-11-03 09:54:39', NULL),
(21, 11, 'en', 'Personal Conditions', '2020-02-03 05:07:47', '2020-02-03 05:07:47', NULL),
(22, 11, 'ar', 'أحوال شخصية', '2020-02-03 05:07:47', '2020-02-03 05:07:47', NULL),
(23, 12, 'en', 'Labor', '2020-02-03 05:08:16', '2020-02-03 05:08:16', NULL),
(24, 12, 'ar', 'عمالية', '2020-02-03 05:08:16', '2020-02-03 05:08:16', NULL),
(25, 13, 'en', 'Administrative', '2020-02-03 05:08:34', '2020-02-03 05:08:34', NULL),
(26, 13, 'ar', 'إدارية', '2020-02-03 05:08:34', '2020-02-03 05:08:34', NULL),
(27, 14, 'en', 'General Court', '2020-02-03 05:08:56', '2020-02-03 05:08:56', NULL),
(28, 14, 'ar', 'محكمة العامة', '2020-02-03 05:08:56', '2020-02-03 05:08:56', NULL),
(29, 15, 'en', '00', '2020-03-24 14:33:45', '2020-03-24 14:34:02', NULL),
(30, 15, 'ar', '11', '2020-03-24 14:33:45', '2020-03-24 14:34:02', NULL),
(31, 16, 'en', '3333', '2020-03-25 14:22:01', '2020-03-25 14:22:01', NULL),
(32, 16, 'ar', '444', '2020-03-25 14:22:01', '2020-03-25 14:22:01', NULL),
(33, 17, 'en', '6666', '2020-03-25 14:22:07', '2020-03-25 14:22:07', NULL),
(34, 17, 'ar', '6565', '2020-03-25 14:22:07', '2020-03-25 14:22:28', NULL);

-- --------------------------------------------------------

--
-- بنية الجدول `migrations`
--

CREATE TABLE `migrations` (
  `id` int(10) UNSIGNED NOT NULL,
  `migration` varchar(255) COLLATE utf8mb4_unicode_ci NOT NULL,
  `batch` int(11) NOT NULL
) ENGINE=InnoDB DEFAULT CHARSET=utf8mb4 COLLATE=utf8mb4_unicode_ci;

--
-- إرجاع أو استيراد بيانات الجدول `migrations`
--

INSERT INTO `migrations` (`id`, `migration`, `batch`) VALUES
(1, '2016_06_01_000001_create_oauth_auth_codes_table', 1),
(2, '2016_06_01_000002_create_oauth_access_tokens_table', 1),
(3, '2016_06_01_000003_create_oauth_refresh_tokens_table', 1),
(4, '2016_06_01_000004_create_oauth_clients_table', 1),
(5, '2016_06_01_000005_create_oauth_personal_access_clients_table', 1);

-- --------------------------------------------------------

--
-- بنية الجدول `notes`
--

CREATE TABLE `notes` (
  `id` int(11) NOT NULL,
  `note` text CHARACTER SET utf8mb4 NOT NULL,
  `note_date` date NOT NULL,
  `noteable_id` int(11) NOT NULL,
  `noteable_type` varchar(150) NOT NULL,
  `created_at` timestamp NOT NULL DEFAULT CURRENT_TIMESTAMP,
  `updated_at` timestamp NULL DEFAULT NULL,
  `deleted_at` timestamp NULL DEFAULT NULL
) ENGINE=InnoDB DEFAULT CHARSET=latin1;

--
-- إرجاع أو استيراد بيانات الجدول `notes`
--

INSERT INTO `notes` (`id`, `note`, `note_date`, `noteable_id`, `noteable_type`, `created_at`, `updated_at`, `deleted_at`) VALUES
(1, 'ملاحظة تتعلق بالعميل عبد الله احمد محمد #1', '2020-03-20', 1, 'App\\Models\\Client', '2020-03-18 18:28:24', '2020-03-18 18:28:24', NULL),
(2, 'ملاحظة تتعلق بالعميل عبد الله احمد محمد #2', '2020-03-21', 1, 'App\\Models\\Client', '2020-03-18 18:28:36', '2020-03-18 18:28:36', NULL),
(3, 'ملاحظة تتعلق بالعميل عبد الله احمد محمد #3', '2020-03-26', 1, 'App\\Models\\Client', '2020-03-18 18:28:48', '2020-03-18 18:28:48', NULL),
(4, 'ملاحظة تتعلق بالمشروع', '2020-03-13', 3, 'App\\Models\\Project', '2020-03-18 18:46:30', '2020-03-18 18:46:30', NULL),
(5, 'This is a test note to be added to this client', '2020-03-06', 3, 'App\\Models\\Client', '2020-03-29 12:01:04', '2020-03-29 12:04:19', '2020-03-29 12:04:19'),
(6, 'This is a test note to be added to this client', '2020-03-06', 3, 'App\\Models\\Client', '2020-03-29 12:01:06', '2020-03-29 12:04:23', '2020-03-29 12:04:23'),
(7, 'This is a test note to be added to this client', '2020-03-06', 3, 'App\\Models\\Client', '2020-03-29 12:01:09', '2020-03-29 12:01:09', NULL),
(8, 'This is a test note to be added to this client', '2020-03-06', 3, 'App\\Models\\Client', '2020-03-29 12:01:09', '2020-03-29 12:01:09', NULL),
(9, 'This is a test note to be added to this client', '2020-03-06', 3, 'App\\Models\\Client', '2020-03-29 12:01:09', '2020-03-29 12:04:27', '2020-03-29 12:04:27'),
(10, 'fdgfdgd', '2020-03-13', 4, 'App\\Models\\Client', '2020-03-29 12:03:43', '2020-03-29 12:03:43', NULL),
(11, 'fdgfdgd', '2020-03-13', 4, 'App\\Models\\Client', '2020-03-29 12:03:44', '2020-03-29 12:03:44', NULL),
(12, 'fdgfdgd', '2020-03-13', 4, 'App\\Models\\Client', '2020-03-29 12:03:44', '2020-03-29 12:03:44', NULL),
(13, 'fdgfdgd', '2020-03-13', 4, 'App\\Models\\Client', '2020-03-29 12:03:44', '2020-03-29 12:03:44', NULL),
(14, 'fdgfdgd', '2020-03-13', 4, 'App\\Models\\Client', '2020-03-29 12:03:44', '2020-03-29 12:03:44', NULL),
(15, 'fdgfdgd', '2020-03-13', 4, 'App\\Models\\Client', '2020-03-29 12:03:44', '2020-03-29 12:03:44', NULL),
(16, 'fdgfdgd', '2020-03-13', 4, 'App\\Models\\Client', '2020-03-29 12:03:45', '2020-03-29 12:03:45', NULL),
(17, 'fdgfdgd', '2020-03-13', 4, 'App\\Models\\Client', '2020-03-29 12:03:45', '2020-03-29 12:03:45', NULL),
(18, 'fdgfdgd', '2020-03-13', 4, 'App\\Models\\Client', '2020-03-29 12:03:45', '2020-03-29 12:03:45', NULL),
(19, 'fdgfdgd', '2020-03-13', 4, 'App\\Models\\Client', '2020-03-29 12:03:45', '2020-03-29 12:03:45', NULL),
(20, 'fdgfdgd', '2020-03-13', 4, 'App\\Models\\Client', '2020-03-29 12:03:45', '2020-03-29 12:03:45', NULL),
(21, 'fdgfdgd', '2020-03-13', 4, 'App\\Models\\Client', '2020-03-29 12:03:45', '2020-03-29 12:03:45', NULL),
(22, 'fdgfdgd', '2020-03-13', 4, 'App\\Models\\Client', '2020-03-29 12:03:46', '2020-03-29 12:03:46', NULL),
(23, 'fdgfdgd', '2020-03-13', 4, 'App\\Models\\Client', '2020-03-29 12:03:46', '2020-03-29 12:03:46', NULL),
(24, 'fdgfdgd', '2020-03-13', 4, 'App\\Models\\Client', '2020-03-29 12:03:46', '2020-03-29 12:03:46', NULL),
(25, 'test', '2020-03-06', 4, 'App\\Models\\Project', '2020-03-29 15:23:48', '2020-03-29 15:23:48', NULL),
(26, 'test', '2020-03-06', 4, 'App\\Models\\Project', '2020-03-29 15:23:48', '2020-03-29 15:23:48', NULL),
(27, 'test', '2020-03-06', 4, 'App\\Models\\Project', '2020-03-29 15:23:49', '2020-03-29 15:23:49', NULL),
(28, 'test', '2020-03-06', 4, 'App\\Models\\Project', '2020-03-29 15:23:49', '2020-03-29 15:23:49', NULL),
(29, 'sdsds', '1970-01-01', 4, 'App\\Models\\Project', '2020-03-29 15:28:44', '2020-03-29 15:28:44', NULL),
(30, 'sdsds', '1970-01-01', 4, 'App\\Models\\Project', '2020-03-29 15:28:45', '2020-03-29 15:28:45', NULL),
(31, 'sdsds', '2020-03-12', 4, 'App\\Models\\Project', '2020-03-29 15:28:46', '2020-03-29 15:28:46', NULL),
(32, 'sdsds', '2020-03-12', 4, 'App\\Models\\Project', '2020-03-29 15:28:47', '2020-03-29 15:28:47', NULL),
(33, 'مراجعة الدائرة القانونية بخصوص بعض الإستفسارات فيما يخص هذه القضية ولإستكمال بعض الأوراق', '2020-03-05', 31, 'App\\Models\\Client', '2020-03-31 12:45:31', '2020-03-31 12:45:31', NULL),
(34, 'مراجعة الدائرة القانونية بخصوص بعض الإستفسارات فيما يخص هذه القضية ولإستكمال بعض الأوراق', '2020-03-07', 7, 'App\\Models\\Project', '2020-03-31 13:17:26', '2020-03-31 13:17:26', NULL),
(35, '1', '2020-04-11', 32, 'App\\Models\\Client', '2020-04-05 11:53:33', '2020-04-05 11:54:04', '2020-04-05 11:54:04'),
(36, 'ملاحظة إختبار للنظام ليوم الأربعاء 25 ديسمبر', '2020-04-01', 32, 'App\\Models\\Client', '2020-04-05 13:55:26', '2020-04-05 13:55:57', '2020-04-05 13:55:57'),
(37, 'ملاحظة إختبار للنظام ليوم الأربعاء 25 ديسمبر', '2020-04-01', 32, 'App\\Models\\Client', '2020-04-05 13:55:27', '2020-04-05 13:56:03', '2020-04-05 13:56:03'),
(38, 'ملاحظة إختبار للنظام ليوم الأربعاء 25 ديسمبر', '2020-04-01', 32, 'App\\Models\\Client', '2020-04-05 13:55:27', '2020-04-05 13:56:08', '2020-04-05 13:56:08'),
(39, 'ملاحظة إختبار للنظام ليوم الأربعاء 25 ديسمبر', '2020-04-01', 32, 'App\\Models\\Client', '2020-04-05 13:55:27', '2020-04-05 13:56:18', '2020-04-05 13:56:18'),
(40, 'ملاحظة إختبار للنظام ليوم الأربعاء 25 ديسمبر', '2020-04-01', 32, 'App\\Models\\Client', '2020-04-05 13:55:27', '2020-04-05 13:56:13', '2020-04-05 13:56:13'),
(41, 'ملاحظة إختبار للنظام ليوم الأربعاء 25 ديسمبر', '2020-04-01', 32, 'App\\Models\\Client', '2020-04-05 13:55:28', '2020-04-05 13:56:27', '2020-04-05 13:56:27'),
(42, 'ملاحظة إختبار للنظام ليوم الأربعاء 25 ديسمبر', '2020-04-01', 32, 'App\\Models\\Client', '2020-04-05 13:55:28', '2020-04-05 13:56:33', '2020-04-05 13:56:33'),
(43, 'ملاحظة إختبار للنظام ليوم الأربعاء 25 ديسمبر', '2020-04-01', 32, 'App\\Models\\Client', '2020-04-05 13:55:28', '2020-04-05 13:56:37', '2020-04-05 13:56:37'),
(44, 'ملاحظة إختبار للنظام ليوم الأربعاء 25 ديسمبر', '2020-04-01', 32, 'App\\Models\\Client', '2020-04-05 13:55:29', '2020-04-05 13:56:24', '2020-04-05 13:56:24'),
(45, '3333333333333', '2020-04-03', 32, 'App\\Models\\Client', '2020-04-05 13:57:58', '2020-04-05 13:58:20', '2020-04-05 13:58:20'),
(46, 'ملاحظة إختبار للنظام ليوم الأربعاء 25 ديسمبر', '2020-04-02', 21, 'App\\Models\\Project', '2020-04-05 14:13:45', '2020-04-05 14:13:45', NULL);

-- --------------------------------------------------------

--
-- بنية الجدول `notifications`
--

CREATE TABLE `notifications` (
  `id` int(11) NOT NULL,
  `user_id` int(11) DEFAULT NULL,
  `message` text COLLATE utf8_unicode_ci NOT NULL,
  `created_at` timestamp NOT NULL DEFAULT CURRENT_TIMESTAMP,
  `updated_at` timestamp NULL DEFAULT NULL,
  `deleted_at` timestamp NULL DEFAULT NULL
) ENGINE=MyISAM DEFAULT CHARSET=utf8 COLLATE=utf8_unicode_ci;

--
-- إرجاع أو استيراد بيانات الجدول `notifications`
--

INSERT INTO `notifications` (`id`, `user_id`, `message`, `created_at`, `updated_at`, `deleted_at`) VALUES
(1, 16, 'efwefewfewfg', '2018-08-28 12:50:52', '2018-08-28 12:50:52', NULL),
(2, 16, 'eddqdeqd', '2018-08-28 12:53:36', '2018-08-28 12:53:36', NULL),
(3, 16, 'fsfvfsfvsfv', '2018-08-28 12:59:29', '2019-04-09 07:28:33', '2019-04-09 07:28:33'),
(4, 16, 'tgtththth', '2018-08-28 12:59:37', '2018-08-28 12:59:37', NULL),
(28, NULL, 'test from c panel', '2019-04-09 07:27:49', '2019-04-09 07:27:49', NULL),
(29, NULL, 'سيبلاتن', '2019-04-11 20:46:32', '2019-04-11 20:46:32', NULL),
(30, NULL, 'شس', '2019-04-17 18:32:07', '2019-04-24 21:58:04', '2019-04-24 21:58:04'),
(31, NULL, 'test by emad', '2019-04-24 21:58:19', '2019-04-24 21:58:19', NULL),
(32, NULL, 'اهلا', '2019-06-25 21:59:57', '2019-06-25 21:59:57', NULL),
(33, NULL, 'zxczxczxczxczxc', '2019-09-05 06:32:27', '2019-09-05 06:32:27', NULL),
(34, NULL, 'czxczxczxc', '2019-09-05 06:32:32', '2019-09-05 06:32:32', NULL),
(35, NULL, 'zczxc', '2019-09-05 06:32:35', '2019-09-05 06:32:35', NULL),
(36, NULL, 'zczxc', '2019-09-05 06:32:35', '2019-09-05 06:32:35', NULL),
(37, NULL, 'asds444444', '2019-09-05 06:36:06', '2019-09-30 13:52:55', '2019-09-30 13:52:55'),
(38, NULL, 'hyhyhy', '2019-09-05 06:37:46', '2019-09-05 06:40:46', '2019-09-05 06:40:46'),
(39, NULL, 'nabil tayeh', '2019-09-05 06:38:07', '2019-09-05 06:40:29', '2019-09-05 06:40:29'),
(40, NULL, 'test by nabil', '2019-10-17 05:32:28', '2019-10-17 05:32:28', NULL);

-- --------------------------------------------------------

--
-- بنية الجدول `notify`
--

CREATE TABLE `notify` (
  `id` int(11) NOT NULL,
  `user_id` int(11) NOT NULL,
  `product_id` int(11) NOT NULL,
  `created_at` timestamp NOT NULL DEFAULT CURRENT_TIMESTAMP,
  `updated_at` timestamp NULL DEFAULT NULL,
  `deleted_at` timestamp NULL DEFAULT NULL,
  `status` enum('active','not_active') COLLATE utf8_unicode_ci NOT NULL DEFAULT 'active'
) ENGINE=MyISAM DEFAULT CHARSET=utf8 COLLATE=utf8_unicode_ci;

--
-- إرجاع أو استيراد بيانات الجدول `notify`
--

INSERT INTO `notify` (`id`, `user_id`, `product_id`, `created_at`, `updated_at`, `deleted_at`, `status`) VALUES
(1, 33, 2, '2018-05-13 11:30:01', '2018-05-13 11:30:01', NULL, 'active'),
(3, 34, 6, '2018-05-13 13:08:38', '2018-05-13 13:08:38', NULL, 'active'),
(4, 51, 3, '2018-06-07 17:36:21', '2018-06-07 17:36:21', NULL, 'active'),
(5, 51, 3, '2018-06-08 03:21:30', '2018-06-08 03:21:30', NULL, 'active'),
(6, 52, 3, '2018-06-08 03:21:35', '2018-06-08 03:21:35', NULL, 'active'),
(7, 51, 3, '2018-06-08 05:09:51', '2018-06-08 05:09:51', NULL, 'active'),
(8, 52, 3, '2018-06-08 05:10:02', '2018-06-08 05:10:02', NULL, 'active'),
(9, 34, 3, '2018-06-24 14:16:47', '2018-06-24 14:16:47', NULL, 'active'),
(10, 34, 3, '2018-06-24 18:24:04', '2018-06-24 18:24:04', NULL, 'active'),
(11, 34, 3, '2018-06-25 12:46:07', '2018-06-25 12:46:07', NULL, 'active'),
(12, 50, 3, '2018-06-27 16:09:28', '2018-06-27 16:09:28', NULL, 'active'),
(13, 50, 3, '2018-06-27 17:45:20', '2018-06-27 17:45:20', NULL, 'active'),
(14, 50, 3, '2018-06-30 16:05:43', '2018-06-30 16:05:43', NULL, 'active'),
(15, 54, 3, '2018-06-30 16:07:29', '2018-06-30 16:07:29', NULL, 'active'),
(16, 54, 3, '2018-06-30 16:07:50', '2018-06-30 16:07:50', NULL, 'active'),
(17, 54, 3, '2018-06-30 16:09:29', '2018-06-30 16:09:29', NULL, 'active'),
(18, 54, 3, '2018-07-01 13:51:17', '2018-07-01 13:51:17', NULL, 'active'),
(19, 54, 3, '2018-07-01 14:15:30', '2018-07-01 14:15:30', NULL, 'active'),
(20, 54, 3, '2018-07-02 00:18:14', '2018-07-02 00:18:14', NULL, 'active'),
(21, 52, 3, '2018-07-04 13:20:34', '2018-07-04 13:20:34', NULL, 'active'),
(22, 52, 3, '2018-07-04 13:33:23', '2018-07-04 13:33:23', NULL, 'active'),
(23, 52, 3, '2018-07-04 13:33:53', '2018-07-04 13:33:53', NULL, 'active'),
(24, 52, 3, '2018-07-04 13:33:54', '2018-07-04 13:33:54', NULL, 'active'),
(25, 54, 3, '2018-07-05 14:12:06', '2018-07-05 14:12:06', NULL, 'active');

-- --------------------------------------------------------

--
-- بنية الجدول `oauth_access_tokens`
--

CREATE TABLE `oauth_access_tokens` (
  `id` varchar(100) COLLATE utf8mb4_unicode_ci NOT NULL,
  `user_id` int(11) DEFAULT NULL,
  `client_id` int(11) NOT NULL,
  `name` varchar(191) COLLATE utf8mb4_unicode_ci DEFAULT NULL,
  `scopes` text COLLATE utf8mb4_unicode_ci,
  `revoked` tinyint(1) NOT NULL,
  `created_at` timestamp NULL DEFAULT NULL,
  `updated_at` timestamp NULL DEFAULT NULL,
  `expires_at` datetime DEFAULT NULL
) ENGINE=InnoDB DEFAULT CHARSET=utf8mb4 COLLATE=utf8mb4_unicode_ci;

--
-- إرجاع أو استيراد بيانات الجدول `oauth_access_tokens`
--

INSERT INTO `oauth_access_tokens` (`id`, `user_id`, `client_id`, `name`, `scopes`, `revoked`, `created_at`, `updated_at`, `expires_at`) VALUES
('00275775df9bbe4c16158c71d3adfc39e6af73b59b79d058c4b0f0da555c805c446294b7d8c72fd9', 83, 1, 'mobile', '[]', 0, '2019-05-30 22:20:37', '2019-05-30 22:20:37', '2020-05-30 15:20:37'),
('005cec35d18f283b8ee77e6ac83aca3bcfe6c294d6aa2f033c9929a485cfecb894ce7913d0ad1ba7', 87, 1, 'mobile', '[]', 0, '2019-06-23 18:23:36', '2019-06-23 18:23:36', '2020-06-23 11:23:36'),
('00a91a6138ad70ff636cc73b265434de3eddf8001e097a9e7057fd14b288deb6a9556303814d1f3b', 88, 1, 'mobile', '[]', 0, '2019-06-18 16:37:31', '2019-06-18 16:37:31', '2020-06-18 09:37:31'),
('00ca746b5546b534f975f3d6410f530cc4bde9a95bf90ee901f997d2bd45682690945d92d8a19048', 84, 1, 'mobile', '[]', 0, '2019-06-03 19:14:13', '2019-06-03 19:14:13', '2020-06-03 12:14:13'),
('00e18c9275f41d92d2fc9c8aa96364c8f9998ba79edee16d104b0b17c68b92aacd1769af42e6cb0f', 100, 1, 'mobile', '[]', 0, '2019-07-14 18:09:12', '2019-07-14 18:09:12', '2020-07-14 11:09:12'),
('00e6072948079ce76a39b51850e04bdd22ff573533eceb05d452cd2ebab81565a76165072c22f154', 2, 1, 'mobile', '[]', 0, '2018-07-26 13:19:53', '2018-07-26 13:19:53', '2019-07-26 08:19:53'),
('0122e19987edde3f02b37490428f7294cbd35c1c1601acb2117cae6b29a2efb33175e82c6587ca43', 59, 1, 'mobile', '[]', 0, '2019-04-29 00:57:37', '2019-04-29 00:57:37', '2020-04-28 19:57:37'),
('019ab7f80622a5cd79961e1b99d33c496bca04f0a940d802aedaa6159454cb1412ba30c8d204a8db', 110, 1, 'mobile', '[]', 0, '2019-06-26 22:08:32', '2019-06-26 22:08:32', '2020-06-26 15:08:32'),
('0238178dd221cd9328ed7d35387c9741343cbaf3bab2b7b06cdce52a6485b465fec38bc92d226617', 4, 1, 'mobile', '[]', 1, '2018-08-19 12:54:07', '2018-08-19 12:54:07', '2019-08-19 07:54:07'),
('026ba612cc83bb3547dfc56fdc09e2b6b3829ec67533e1feaa4ccb373ba9ae915508d316842c212f', 81, 1, 'mobile', '[]', 0, '2019-07-30 17:52:08', '2019-07-30 17:52:08', '2020-07-30 10:52:08'),
('035e327bdb3c41a21b127385b88300ac0802ff07448e9f9c8d262714e68dc6cf4f048d69e70502e0', 100, 1, 'mobile', '[]', 0, '2019-06-30 22:12:28', '2019-06-30 22:12:28', '2020-06-30 15:12:28'),
('036da0907ad7e7e4ac12ee5551ac399c7fe045d4ebcae1a13a9f4d2d71b31837c6208c3751314dab', 9, 1, 'mobile', '[]', 1, '2018-09-03 14:02:56', '2018-09-03 14:02:56', '2019-09-03 09:02:56'),
('03e018181064cfb88dfc9ab4528ee135a9a244959f6a4fba1d7f3139ef2acdaf5f4a11435fd4237a', 87, 1, 'mobile', '[]', 0, '2019-08-08 20:58:22', '2019-08-08 20:58:22', '2020-08-08 13:58:22'),
('042c2831fde5093f5a1007aa7aebabe0082362049ebec06ff0d7ee106d5d588792f7aaf37e8f8c1c', 181, 1, 'mobile', '[]', 0, '2019-09-09 06:27:00', '2019-09-09 06:27:00', '2020-09-09 09:27:00'),
('045f865424ad54518ad862d57cd98ca5ffb0b68043b7e153b8f77226f94092031a73375951c48976', 12, 1, 'mobile', '[]', 0, '2018-09-19 11:08:55', '2018-09-19 11:08:55', '2019-09-19 06:08:55'),
('050d7212e0b41493bf4a3b370adc8d6bed1472c3d38f57e4e6518802f228510027aeafb9996e5d52', 59, 1, 'mobile', '[]', 0, '2019-04-22 13:45:36', '2019-04-22 13:45:36', '2020-04-22 08:45:36'),
('05751c7ee1db20b240108b2fb6a93681e103da1cc8cc9250887c591db3783f65055c77cca7aab921', 4, 1, 'mobile', '[]', 1, '2018-09-26 12:32:37', '2018-09-26 12:32:37', '2019-09-26 07:32:37'),
('059b865e2a4557209155980c72e26bf5474d54c65cfb0ac9dcf0239ecd6226ee908ddebcc85c0ce1', 100, 1, 'mobile', '[]', 0, '2019-07-10 21:57:22', '2019-07-10 21:57:22', '2020-07-10 14:57:22'),
('0602f9b29d481f7923127713a125838c0f452fdc86b74bb7034340ae4bf9fa24ec4a9f8a86e9458e', 87, 1, 'mobile', '[]', 0, '2019-08-20 17:26:05', '2019-08-20 17:26:05', '2020-08-20 10:26:05'),
('064194d3ea0659de833b4bbda0128a7e438db061ce5b67440ee5e6ee388ca95c248d262ca9e3c6e1', 77, 1, 'mobile', '[]', 0, '2019-04-30 14:43:34', '2019-04-30 14:43:34', '2020-04-30 09:43:34'),
('06b7f2ca8307635232fa65bf380eb4d88d8ac7157abb34eb8dc25e502ce779194712787b3f9a4be8', 55, 1, 'mobile', '[]', 0, '2019-04-17 19:33:05', '2019-04-17 19:33:05', '2020-04-17 14:33:05'),
('0711c8cdc633c42244d5e91b3e88fbd70134a426847feef039ad4a68b7937e948233888ff6a2e9f5', 4, 1, 'mobile', '[]', 1, '2018-09-22 13:06:03', '2018-09-22 13:06:03', '2019-09-22 08:06:03'),
('07124b7c8d7e3c59d0f399513e43ba3843ca7b8f1bfff6bc1947909151fde3b0a9a647809c6447bf', 154, 1, 'mobile', '[]', 0, '2019-07-15 23:03:23', '2019-07-15 23:03:23', '2020-07-15 16:03:23'),
('071764b7b39d7063893af04d4e2b505af340b256fa44ba5f5662366b843a3cfd9da9dc43965d1a6e', 81, 1, 'mobile', '[]', 1, '2019-05-02 08:56:59', '2019-05-02 08:56:59', '2020-05-02 11:56:59'),
('0770a9317fb898e5364281f38fb1aa2c6847c36f8865c2d7fb3fd06085bdb0431a41bcb171c0d1e9', 84, 1, 'mobile', '[]', 0, '2019-06-19 18:23:54', '2019-06-19 18:23:54', '2020-06-19 11:23:54'),
('0777d0204749a44bba462325a645976e368fd63ca82b89476076fdcf1ef7bf6c8144226fcb8a10a2', 100, 1, 'mobile', '[]', 0, '2019-07-10 22:41:21', '2019-07-10 22:41:21', '2020-07-10 15:41:21'),
('07c2f84af49cf715cc829aad33466d2bce2d3dd8dcbb709e254b08d0bf913dbb7e9f4b7c652ebcdd', 4, 1, 'mobile', '[]', 1, '2018-09-06 17:01:38', '2018-09-06 17:01:38', '2019-09-06 12:01:38'),
('0832ed741382af8360a60fde35657b52a829f3c0bbcc47460c092f4b27539ef7bbad3d46e5993a61', 84, 1, 'mobile', '[]', 0, '2019-06-10 21:22:03', '2019-06-10 21:22:03', '2020-06-10 14:22:03'),
('08e3e3555b3327d20c9a8d37d685ae2871aee12cb71fc0255cb3462bae779d3f1c9022c931dd49b9', 87, 1, 'mobile', '[]', 0, '2019-08-12 16:44:19', '2019-08-12 16:44:19', '2020-08-12 09:44:19'),
('0983bd65484d19d966d18de144aa3346d5bcc2dfccdab6c7af15f8be89638a165c59661740de0e44', 5, 1, 'mobile', '[]', 0, '2018-09-18 18:40:53', '2018-09-18 18:40:53', '2019-09-18 13:40:53'),
('09eebba95d178071b802f8361c7b77cf2b769d8fb4e796aeb33e0d0025a597c02b6c4f54aa1834bf', 100, 1, 'mobile', '[]', 0, '2019-07-10 19:00:36', '2019-07-10 19:00:36', '2020-07-10 12:00:36'),
('0a0c9f52664e3c4e6c0e0576b00dce4005d3cbd390c7626e32a4bb4caa68ebf23c8d7b8f06149f8e', 75, 1, 'mobile', '[]', 0, '2019-04-29 03:34:23', '2019-04-29 03:34:23', '2020-04-28 22:34:23'),
('0abc5d5b73eabdf04e80c315bcbbc21dfa41689fbadf094f3851a1b7b71b58ea63183d6a98cf4337', 4, 1, 'mobile', '[]', 1, '2018-09-18 18:24:17', '2018-09-18 18:24:17', '2019-09-18 13:24:17'),
('0b5351dcc8c26bdc43e889d3d8e77de6d1b8b23aa413be3d6effa37ac0b4f346bfe0ae86f2eede4d', 107, 1, 'mobile', '[]', 0, '2019-06-20 21:35:26', '2019-06-20 21:35:26', '2020-06-20 14:35:26'),
('0b6d185f3cfdd991e8ee3106e0490c70900b4267c09c94061997159f1defeb518a0161be47228a2e', 81, 1, 'mobile', '[]', 0, '2019-07-31 05:45:27', '2019-07-31 05:45:27', '2020-07-30 22:45:27'),
('0be03b6282fcac214c9e119cd659d0bf804620b71f02704a539a7979458c2c19f8ab5a0174e99fbf', 2, 1, 'mobile', '[]', 1, '2018-08-12 11:51:53', '2018-08-12 11:51:53', '2019-08-12 06:51:53'),
('0c6b20d9c87649d81a989e85d2d87616308e64c8dd3d83cf0ee03d93c72c7393f957c765024eb288', 4, 1, 'mobile', '[]', 1, '2018-09-05 11:00:08', '2018-09-05 11:00:08', '2019-09-05 06:00:08'),
('0c93514257360c38a50717768f8f65a50bd2ef31bc78ae6bae2923ec3bdb08fbf1ca2527de72efbd', 5, 1, 'mobile', '[]', 1, '2018-08-30 15:44:29', '2018-08-30 15:44:29', '2019-08-30 10:44:29'),
('0ce543fc3dc0badd81f5350f57e0d102355e9e1e4ab74318c7d203dd013a573d83b670904d73e947', 76, 1, 'mobile', '[]', 0, '2019-04-30 15:21:46', '2019-04-30 15:21:46', '2020-04-30 10:21:46'),
('0cf8f361ec41960fadd60a238c17e10c7324d54eff38bdf7d8210cf88ff4ecba673f329c29e378ee', 4, 1, 'mobile', '[]', 0, '2018-09-03 12:15:03', '2018-09-03 12:15:03', '2019-09-03 07:15:03'),
('0d3d5d5d291de172edb5224a19342211a392737c1b902592b42ecc1934426243b302b5696ec222d6', 87, 1, 'mobile', '[]', 0, '2019-08-12 03:26:01', '2019-08-12 03:26:01', '2020-08-11 20:26:01'),
('0d606dcaf4bf962fad6416a2113ca0bd38ac26c85cb9d9c8e86faf80e2e005c416dada14d1d53f63', 7, 1, 'mobile', '[]', 1, '2018-09-19 11:26:34', '2018-09-19 11:26:34', '2019-09-19 06:26:34'),
('0d7fafa5df59956d25cdf8acbfde28ef375563a45d38f73abd22e40db93666115c04d9cc79bdd6cd', 100, 1, 'mobile', '[]', 0, '2019-06-19 21:58:14', '2019-06-19 21:58:14', '2020-06-19 14:58:14'),
('0db847e3840d7d1b73cc44b5fb3e52cd1bc5dfecf46910f0745098c5591f213f08472bd96bed62dc', 151, 1, 'mobile', '[]', 0, '2019-07-14 15:58:34', '2019-07-14 15:58:34', '2020-07-14 08:58:34'),
('0e02db95dfffc485fb5960b9968e44e9591d2c325e2147cfeb6e2862e5a762a7997d31f48850b83f', 87, 1, 'mobile', '[]', 0, '2019-08-08 22:25:47', '2019-08-08 22:25:47', '2020-08-08 15:25:47'),
('0e911c9c5eaec0f894f75df1f30f5c2ba7b556a617820c782cd9c0bff75a01c5b3efab440a96fe1e', 78, 1, 'mobile', '[]', 0, '2019-05-02 08:34:26', '2019-05-02 08:34:26', '2020-05-02 11:34:26'),
('0ebabba6522b8bfc20ae24c0ef1bc9652c8251b67aa9451e63b93b4c6f7b3984063cb6f22325b038', 5, 1, 'mobile', '[]', 0, '2018-08-30 15:31:24', '2018-08-30 15:31:24', '2019-08-30 10:31:24'),
('0f60e1251b4190c82a349586eb3bd26f60bc77d55930e759f38926ce9d20694772ed9cf85351402e', 4, 1, 'mobile', '[]', 1, '2018-09-05 10:54:55', '2018-09-05 10:54:55', '2019-09-05 05:54:55'),
('10b86109d8bedfdac04eb02051e240272624644a8104c2c27c30d6f81fc1c98cbc67b45820892212', 7, 1, 'mobile', '[]', 0, '2018-08-26 13:10:38', '2018-08-26 13:10:38', '2019-08-26 08:10:38'),
('10eb7bde5527b24c6236f3173041ddda3d74b5cc767a7510ecd06582ec584e3c90781c662039afad', 4, 1, 'mobile', '[]', 0, '2018-09-25 17:22:22', '2018-09-25 17:22:22', '2019-09-25 12:22:22'),
('111ef53b1e6f0864bd2e2c21d3f0beaec80f011f6cab7f7876f4c03983288574467e9898f2c63490', 84, 1, 'mobile', '[]', 0, '2019-06-23 22:07:19', '2019-06-23 22:07:19', '2020-06-23 15:07:19'),
('119286737e6f850c00d3c36c0c9578523fc8326eb466857155f2031a8aa477176b8c7edc17a3db5c', 67, 1, 'mobile', '[]', 0, '2019-04-28 14:50:54', '2019-04-28 14:50:54', '2020-04-28 09:50:54'),
('11c51af7bcaf8a32085e0be5955687af16115bc939b5268e2ede933935a7036b449b3f070a706ceb', 142, 1, 'mobile', '[]', 0, '2019-07-10 18:48:21', '2019-07-10 18:48:21', '2020-07-10 11:48:21'),
('124e49d832061c94cfdd9b9bab3cc2247f86e2bbae9b6036f74590a0499becfad56cf7ffa4209a4a', 5, 1, 'mobile', '[]', 1, '2018-09-18 18:25:23', '2018-09-18 18:25:23', '2019-09-18 13:25:23'),
('1259e78c81f6b8522c97eae76b6f01719d3e6422d84cfc81cd0b98cff71a5393a8da356daebd9d0b', 87, 1, 'mobile', '[]', 0, '2019-08-14 01:13:15', '2019-08-14 01:13:15', '2020-08-13 18:13:15'),
('12ea5553cff51ec47cd954fcc5fabb27aac809e85d0c47c4277f22604d8915fea199eac29561e3bb', 111, 1, 'mobile', '[]', 0, '2019-06-26 22:15:31', '2019-06-26 22:15:31', '2020-06-26 15:15:31'),
('12f63d269911532bfb24a427ab5132526131ed0d3acb286c5508eec29ced851b5b8e76413f210946', 119, 1, 'mobile', '[]', 0, '2019-06-30 18:04:35', '2019-06-30 18:04:35', '2020-06-30 11:04:35'),
('134f445438e778850e4d8c36bb94880baa361048e4fce625891c04335f3f934b9bcade1cd7240647', 87, 1, 'mobile', '[]', 0, '2019-08-08 22:23:16', '2019-08-08 22:23:16', '2020-08-08 15:23:16'),
('1355dad18630d05a0307438e66eb9dba65d753dbdbbcb5d68b96a60b55e88e1ee7f18bfcc8a89e80', 12, 1, 'mobile', '[]', 0, '2018-09-27 12:53:56', '2018-09-27 12:53:56', '2019-09-27 07:53:56'),
('1403c874b0aaea906e493d5d75bd28731c37a2feaf08b81b4441e5980179d610c0c33f18b4b85dd5', 8, 1, 'mobile', '[]', 1, '2018-09-22 12:55:24', '2018-09-22 12:55:24', '2019-09-22 07:55:24'),
('1455a325c3293009204de5f33e8c5a4fe88fe90271c8aac4c29328fabdd30bff70c28141dcaffb27', 87, 1, 'mobile', '[]', 0, '2019-08-14 01:08:20', '2019-08-14 01:08:20', '2020-08-13 18:08:20'),
('146cb4106eaaad7a22cffa71797831429233747c530f5c03cadc23ad795b92cce3287b1354ba8c38', 4, 1, 'mobile', '[]', 1, '2018-09-25 18:20:01', '2018-09-25 18:20:01', '2019-09-25 13:20:01'),
('157677fdd70518e9b778913ae6c8ee881890781c94062b38a1326de5ecc9b4e5bd44321c17497c1c', 130, 1, 'mobile', '[]', 0, '2019-06-30 19:32:35', '2019-06-30 19:32:35', '2020-06-30 12:32:35'),
('15a647d9a56a259046385b689c9bc214ace09615a6e85db6b83f7def977caab1d2c958bfb354ca84', 105, 1, 'mobile', '[]', 0, '2019-06-19 19:59:11', '2019-06-19 19:59:11', '2020-06-19 12:59:11'),
('15d6f175d0865ce5c8eaefb95ab879bcab4e8a6a8f73bfabc00a9ac1367d7ce98ff603dd7802f599', 4, 1, 'mobile', '[]', 1, '2018-08-12 13:50:38', '2018-08-12 13:50:38', '2019-08-12 08:50:38'),
('1746c181cff7d5d6af734a64caa2c4f2e00473cb8e8a0a64f82be151953ea71cbfe2d54153fe3ca3', 86, 1, 'mobile', '[]', 0, '2019-06-13 21:35:59', '2019-06-13 21:35:59', '2020-06-13 14:35:59'),
('1746ed931f866ea70918d66525636230bc264a06ae35554208b9a84c02433ae66ce3306a9a58f8b5', 7, 1, 'mobile', '[]', 1, '2018-08-28 17:18:21', '2018-08-28 17:18:21', '2019-08-28 12:18:21'),
('186781c8c1d28629cfb64e7b24c5f2c4dd919417d3a3fabb495c6ebd0433ed2b5f7f94fc65845edc', 95, 1, 'mobile', '[]', 0, '2019-06-30 16:16:11', '2019-06-30 16:16:11', '2020-06-30 09:16:11'),
('186d0e7299bd90e5ed4bd321e71c757ac2a3f6e404ee9df46e17a7d527bab2330310d049dbaf37cc', 7, 1, 'mobile', '[]', 0, '2018-08-26 13:05:45', '2018-08-26 13:05:45', '2019-08-26 08:05:45'),
('18733c6f87acec263f4a6d22796ba7289e0d28b3b76b559c8ebc42c26dceb9f1e3a2e9e239f859d8', 7, 1, 'mobile', '[]', 1, '2018-09-19 15:09:01', '2018-09-19 15:09:01', '2019-09-19 10:09:01'),
('1999eedf23c761fb5c135b5ca3c52aba6575b3376a613fd7cd449f564bb259e9f1270804f3045c6e', 4, 1, 'mobile', '[]', 1, '2018-09-27 12:48:31', '2018-09-27 12:48:31', '2019-09-27 07:48:31'),
('1a133cd80f2aacaa6a0257bad14326d0a07270032ff0b028b67cd1d9c019d8d2dec51f02377d5c8e', 87, 1, 'mobile', '[]', 0, '2019-07-10 15:45:49', '2019-07-10 15:45:49', '2020-07-10 08:45:49'),
('1a9ec64f6c4b9a9e108668b4aa1b979460b07ea0b5dd313f9bf0c22010e350ddbf2b807c08503883', 107, 1, 'mobile', '[]', 0, '2019-07-04 21:35:35', '2019-07-04 21:35:35', '2020-07-04 14:35:35'),
('1ad9a4731710aed14dd06b8645a670cb5845ecf64bc7685f93bb1d79f6bc5c74f9c205c4901d5031', 145, 1, 'mobile', '[]', 0, '2019-07-11 02:56:12', '2019-07-11 02:56:12', '2020-07-10 19:56:12'),
('1b7ccae674c3fd7dfe177ef0d9a673ae161efad350b416c5a12f75fae5bb40689dbabfbb48be246e', 84, 1, 'mobile', '[]', 0, '2019-06-02 17:37:58', '2019-06-02 17:37:58', '2020-06-02 10:37:58'),
('1c4361b8d7556293a01223ff30345cc2a19e61b03a5f9a5c8438add6d1aaeba82519d78d89276358', 8, 1, 'mobile', '[]', 1, '2018-08-26 15:27:36', '2018-08-26 15:27:36', '2019-08-26 10:27:36'),
('1c51c3ebc7a3ef59000082918d99c19a66bfe87d81918f4f95dbf5988b9efd8a42bcf6cf04a50dd6', 87, 1, 'mobile', '[]', 0, '2019-06-20 19:54:22', '2019-06-20 19:54:22', '2020-06-20 12:54:22'),
('1c55549830bc229ea02a0a17baa45ff569c71b1cc98f1546c919e3a63ab6deef88c16a5c5e3735a7', 87, 1, 'mobile', '[]', 0, '2019-08-16 18:36:51', '2019-08-16 18:36:51', '2020-08-16 11:36:51'),
('1cbc84008433ab36dca0d8c8af0cb96588fdb970c73788f0cc0464569c16bb763847d124a904fbfb', 85, 1, 'mobile', '[]', 0, '2019-06-12 17:45:30', '2019-06-12 17:45:30', '2020-06-12 10:45:30'),
('1cd0194b6647a7eab2385fbc61892e473b95708a92554c816d7258d15d708d887059cbc15f9a4f19', 87, 1, 'mobile', '[]', 0, '2019-07-14 21:00:26', '2019-07-14 21:00:26', '2020-07-14 14:00:26'),
('1cd3306eea0e14bb481122a9b9ec2bb0f9653a35e40e6f8955ed3f8bcd0cedb4cbc94e3b4d749a51', 76, 1, 'mobile', '[]', 0, '2019-04-29 15:13:26', '2019-04-29 15:13:26', '2020-04-29 10:13:26'),
('1d099f8233a7ba6d91adff7447845194476025ef878434be18290ce838bb416aa661cdacc096a20d', 121, 1, 'mobile', '[]', 0, '2019-06-30 18:14:46', '2019-06-30 18:14:46', '2020-06-30 11:14:46'),
('1db74a965e818479b9f822c5f84a9a43122fd8cd6cee8bb08c2374db79de95b0454dffd71865159a', 2, 1, 'mobile', '[]', 0, '2018-08-07 17:29:31', '2018-08-07 17:29:31', '2019-08-07 12:29:31'),
('1e69b2b35f7a5e40eaffd08ca1f19a3c7a9a65c45b3e16ab5ef298d63bb9143e08b7f982b1077bb7', 87, 1, 'mobile', '[]', 0, '2019-06-20 20:05:32', '2019-06-20 20:05:32', '2020-06-20 13:05:32'),
('1e90711be2943fac89bb8b47dc49b3a3d30d243a6e144078c27bce0da279615bb94eeada60cf294b', 161, 1, 'mobile', '[]', 0, '2019-08-18 05:09:21', '2019-08-18 05:09:21', '2020-08-17 22:09:21'),
('1eadcbe3da5821f60a0ae8f91419d6cabe25ce8dfd6cb8bf3743eb55b50e9ae1838c7358a434c6cf', 87, 1, 'mobile', '[]', 0, '2019-08-12 15:27:16', '2019-08-12 15:27:16', '2020-08-12 08:27:16'),
('1ed233bba5be38ed82b561d050bfc969cbc0f696b8aaeb0042054913ed087ea33ba329b8dc0feab6', 81, 1, 'mobile', '[]', 0, '2019-07-29 02:09:20', '2019-07-29 02:09:20', '2020-07-28 19:09:20'),
('1eea8e6c6592d60da2d884df188d2012e81d94ae0714c836922b023c51515b6c799b6cc0ddaea103', 5, 1, 'mobile', '[]', 0, '2018-08-28 12:50:28', '2018-08-28 12:50:28', '2019-08-28 07:50:28'),
('1f239a5b58cec545386f54e55791429de7d7be2bbcd3823f78726c12127130dee4f22b211ded9f28', 100, 1, 'mobile', '[]', 0, '2019-06-26 22:44:14', '2019-06-26 22:44:14', '2020-06-26 15:44:14'),
('1f6ce3e7fd1c1ec52acefa8fa3c98be837d0b9de60944c320b99edcda0f87bd380519d8a61b7e365', 5, 1, 'mobile', '[]', 1, '2018-08-26 16:17:04', '2018-08-26 16:17:04', '2019-08-26 11:17:04'),
('1f7139c27c9e747275d0fd9ed601936f464e9b28d62805eb881a5c9b56d89ee6f2b53ea8e989c876', 9, 1, 'mobile', '[]', 1, '2018-09-05 11:38:59', '2018-09-05 11:38:59', '2019-09-05 06:38:59'),
('1fcc5e1c8778aa919784815c7397a1ea493bdd1eb0dd5bbfe1c1c102f3127fc939d0c6cb93d64e42', 87, 1, 'mobile', '[]', 0, '2019-08-12 15:29:36', '2019-08-12 15:29:36', '2020-08-12 08:29:36'),
('1fe66a33b62642e6b94477626a63e719eff28dc571f5ba9559f0a96fc614f1ca473d1cb90cf17913', 9, 1, 'mobile', '[]', 0, '2018-09-03 13:53:57', '2018-09-03 13:53:57', '2019-09-03 08:53:57'),
('202e7900659e991450bdbae6553588fd5533e4a27b50d298913f7922eb45644eb1a4ad6f0dc790ea', 81, 1, 'mobile', '[]', 0, '2019-07-29 04:27:47', '2019-07-29 04:27:47', '2020-07-28 21:27:47'),
('203fd4f573824b9f10b44be610e398180341ab2e6f7843b2863c66059d935b5bee870eceda906019', 2, 1, 'mobile', '[]', 0, '2018-08-26 12:24:00', '2018-08-26 12:24:00', '2019-08-26 07:24:00'),
('216f217e8012b88f276f6b65644503dc2dee84d2436e839219fe78e47fa728644d3277b25e4a7eed', 7, 1, 'mobile', '[]', 0, '2018-08-19 15:17:14', '2018-08-19 15:17:14', '2019-08-19 10:17:14'),
('21c5a49bd9e7de647c2a0c50c549aefae106abd195e7bde3523e824deea3440eb56e8af7cc19b369', 8, 1, 'mobile', '[]', 1, '2018-09-19 18:11:13', '2018-09-19 18:11:13', '2019-09-19 13:11:13'),
('21f2d2ba918c1319cc610f2c4e4b3959b81d391821210db6b64eb46d561c5986c7a9d4ae71bffe61', 87, 1, 'mobile', '[]', 0, '2019-08-12 15:58:07', '2019-08-12 15:58:07', '2020-08-12 08:58:07'),
('2229141f05235fda82477805eafd15b9643417181134f4ff2cd60142b5dbf5efe786532533dee4f2', 54, 1, 'mobile', '[]', 0, '2019-04-17 19:31:39', '2019-04-17 19:31:39', '2020-04-17 14:31:39'),
('22e172b5c9445e8b1ba52c62999d1faa6cd185dbf4b1ed4c6b4d59914799369788c240482753d759', 97, 1, 'mobile', '[]', 0, '2019-06-19 17:36:31', '2019-06-19 17:36:31', '2020-06-19 10:36:31'),
('231a8431636ed6bd0d8106eae791bbf085741ce868a84f94b8d29bec576ae2604251a86ff4d733b2', 81, 1, 'mobile', '[]', 0, '2019-07-31 04:35:01', '2019-07-31 04:35:01', '2020-07-30 21:35:01'),
('232d740724de972b84386053505edddc64cb3eae5131c035c15dec70a36f7dcbea019221df8c44bf', 7, 1, 'mobile', '[]', 0, '2018-08-26 13:55:51', '2018-08-26 13:55:51', '2019-08-26 08:55:51'),
('237da10fe79a32b14ef7979302ebb25c03f4b1e4952ad5bb5d26dd8783f9e95fc68fbcadb82c841c', 100, 1, 'mobile', '[]', 0, '2019-07-10 22:28:26', '2019-07-10 22:28:26', '2020-07-10 15:28:26'),
('2383442f410949adc4c3e40bc595af3185a0c1129d37e0ae4d8c36c50e898841c5478581cf0c7776', 100, 1, 'mobile', '[]', 0, '2019-07-10 22:52:10', '2019-07-10 22:52:10', '2020-07-10 15:52:10'),
('23c9a0a3d8abaa80a7d0fdcd4627029c23a06fcda987fd2f5929329d1830a80d926d68f8ed134a08', 100, 1, 'mobile', '[]', 0, '2019-07-10 22:14:19', '2019-07-10 22:14:19', '2020-07-10 15:14:19'),
('24003417d28f58f69397895a84cdbaa9ecf192d5754a88c6371f6e311998e7de5eaf6e75f725b12a', 4, 1, 'mobile', '[]', 0, '2018-09-27 12:44:46', '2018-09-27 12:44:46', '2019-09-27 07:44:46'),
('254538d2752d832b61bb4c891c2e188b333cecddbd1f3e3c853416cc193d32cfe8dda7b9f83b1de7', 4, 1, 'mobile', '[]', 1, '2018-09-22 12:32:28', '2018-09-22 12:32:28', '2019-09-22 07:32:28'),
('254cc184ec13ae9f238ffa178e6a87269dc2290fe1180f27cabeaa996849f87fcf68c61bac828ab3', 142, 1, 'mobile', '[]', 0, '2019-07-10 19:21:47', '2019-07-10 19:21:47', '2020-07-10 12:21:47'),
('25535d1e870ee76cc5c462cac3dd419111e3ec054f2b2e5c6e20ed3ffa1220a1be9813c054380549', 7, 1, 'mobile', '[]', 1, '2018-09-06 16:40:43', '2018-09-06 16:40:43', '2019-09-06 11:40:43'),
('25d64ad60b1fdeac30aa3de830c65e7eb05cc9323291b7f116fe8340d4c14dd6ea6c7a153cf47db1', 87, 1, 'mobile', '[]', 0, '2019-08-08 22:27:00', '2019-08-08 22:27:00', '2020-08-08 15:27:00'),
('25dcbb35971bbf686afd77aaaf14f73022d8228be49ed6f8ea1ea1f65daa8e194f6e45e02d6c184e', 85, 1, 'mobile', '[]', 0, '2019-06-02 17:59:54', '2019-06-02 17:59:54', '2020-06-02 10:59:54'),
('26c892232802df0c8de6e4a54db885647741c8030c9bc02fb689aa42a3d9d15454e1def3c1ae7d0a', 7, 1, 'mobile', '[]', 0, '2018-08-26 13:09:23', '2018-08-26 13:09:23', '2019-08-26 08:09:23'),
('26e1b6c31ef83988a8415114c4ab4bb9d4934815a41257730e287b1930d81c0681db6f0a62eae026', 100, 1, 'mobile', '[]', 0, '2019-07-10 22:37:12', '2019-07-10 22:37:12', '2020-07-10 15:37:12'),
('27372988df13036729d0d71e8bd94784ab787b8396a5509dae029a793637cf3eb478f68692f85790', 87, 1, 'mobile', '[]', 0, '2019-06-20 19:00:10', '2019-06-20 19:00:10', '2020-06-20 12:00:10'),
('277b75ef3330ae41589b9e6ad5c9b7df92a96d4f6cea613cd6c0ef49cae6aac59f8023302b34fae1', 100, 1, 'mobile', '[]', 0, '2019-07-10 22:30:21', '2019-07-10 22:30:21', '2020-07-10 15:30:21'),
('27b252fea85909f17565f1a1b32fcaad2e8776a11ec83638bf4ebeb97b3ec9d70dc1851e6e76f812', 8, 1, 'mobile', '[]', 1, '2018-09-26 12:21:41', '2018-09-26 12:21:41', '2019-09-26 07:21:41'),
('28a75e40c569da2911274904b76d8d3d7b790dde4e59f3b0e71ba66b1f4c45c3f26a7ff2f3c18a9e', 125, 1, 'mobile', '[]', 0, '2019-06-30 18:25:14', '2019-06-30 18:25:14', '2020-06-30 11:25:14'),
('28ef8a9299c2338799841328c1c85caa47b7798291be9f1e855039de34a520890fea05471b32863f', 84, 1, 'mobile', '[]', 0, '2019-06-02 19:04:02', '2019-06-02 19:04:02', '2020-06-02 12:04:02'),
('2966200b4db67b50efa3cbd13e137159648127701945e082ba2114f03f9690e9c8d3577592c06cda', 87, 1, 'mobile', '[]', 0, '2019-08-08 20:53:31', '2019-08-08 20:53:31', '2020-08-08 13:53:31'),
('2a5efa9edd0aa6f2f273756b496b7f53c5a12c58b19e44dcddedea3a30fbc5b0254812f1edff3444', 2, 1, 'mobile', '[]', 0, '2018-08-28 14:46:43', '2018-08-28 14:46:43', '2019-08-28 09:46:43'),
('2a68222101091a430c4edab917f5e2a7d9a19dbddd890c3521e5b3fd3437cc13ce670b83c1cb3978', 87, 1, 'mobile', '[]', 0, '2019-08-12 19:33:40', '2019-08-12 19:33:40', '2020-08-12 12:33:40'),
('2ab1e1565f7c62f2c29a168107a6bb71d54ce95e413fcd726f068dbf99f349770aa1a8d8b05825dc', 59, 1, 'mobile', '[]', 0, '2019-04-24 20:48:18', '2019-04-24 20:48:18', '2020-04-24 15:48:18'),
('2b37aa72a6bed1dd511790a6af560a92f2d467dc7b3e6e05e82b318b715bf6a319e0e1df7f69d443', 8, 1, 'mobile', '[]', 0, '2018-09-25 17:08:01', '2018-09-25 17:08:01', '2019-09-25 12:08:01'),
('2c93ed423ff1b4a0f616048924d7c857bac042f8f4491099f773587cc2d2e14a71ae3be4f6644cb4', 4, 1, 'mobile', '[]', 1, '2018-08-28 15:01:33', '2018-08-28 15:01:33', '2019-08-28 10:01:33'),
('2cf69ee7b912994c0a68b01c5ecf215fe7e2b0bcef33e9de7f51d62c80b39bc7ae9d349f1685f4a4', 81, 1, 'mobile', '[]', 0, '2019-07-30 21:33:25', '2019-07-30 21:33:25', '2020-07-30 14:33:25'),
('2d1230ccb1c5820192f802b230f8c13ebade3769be30fb2b3bbd86f8e4d064df6d11187a1ba96791', 4, 1, 'mobile', '[]', 1, '2018-09-19 11:31:39', '2018-09-19 11:31:39', '2019-09-19 06:31:39'),
('2ddd129882dfbe8d0b24125b82ae233f2fe0f162ac8cbc7925be639818addc9db427c0c8cbec661e', 84, 1, 'mobile', '[]', 0, '2019-06-19 18:21:56', '2019-06-19 18:21:56', '2020-06-19 11:21:56'),
('2df9289142fa3306d36ede8caef89c113e52ae25055cfc7b5291a3e4e158bd1f57b18d51870212a8', 107, 1, 'mobile', '[]', 0, '2019-06-20 19:49:30', '2019-06-20 19:49:30', '2020-06-20 12:49:30'),
('2e6886344692bbd24ee41cae91b84d79280d31e83049a4e67bad049f5a25f51819f7d652e8988085', 87, 1, 'mobile', '[]', 0, '2019-07-14 17:55:07', '2019-07-14 17:55:07', '2020-07-14 10:55:07'),
('2e76acae059b1ffb0af9b4610b52c2a2274fcac2654c12f03d8e7ec985fe02a2ee9908ff0efdab91', 152, 1, 'mobile', '[]', 0, '2019-07-14 16:01:10', '2019-07-14 16:01:10', '2020-07-14 09:01:10'),
('2f56e0fcb304b0cbbdc2dc83a4aced952a8772a4ebb0887a8ee6aafdb2ae436501c8864690ad9a38', 158, 1, 'mobile', '[]', 0, '2019-07-25 18:33:04', '2019-07-25 18:33:04', '2020-07-25 11:33:04'),
('2f96d078b3be1a09bbba17c971a2ebdcb541ee4b6fa779e7da7b776412e650cb3d47d4bcc790da0a', 8, 1, 'mobile', '[]', 1, '2018-09-25 14:59:11', '2018-09-25 14:59:11', '2019-09-25 09:59:11'),
('2fe0e48c2a13b228099e7003daeab7adaa5d5d6848b10f913e2ad0317dfa1506ad389421e5effaf0', 2, 1, 'mobile', '[]', 0, '2018-07-26 13:20:29', '2018-07-26 13:20:29', '2019-07-26 08:20:29'),
('301be7bf224b7f143afbb2bf389d3a1417c9cbdd68161d15c325a8e7b6c7b8089b0f7863ef047326', 134, 1, 'mobile', '[]', 0, '2019-06-30 19:46:48', '2019-06-30 19:46:48', '2020-06-30 12:46:48'),
('30cad29b89d3d7a96d020ab1bc7efdc57e100f50dff9a2611c60898dffc185932bdd6d1b703b3f62', 87, 1, 'mobile', '[]', 0, '2019-08-12 21:10:23', '2019-08-12 21:10:23', '2020-08-12 14:10:23'),
('30d665f651791467cd18aaab91d0a713888b7888aecb5853b507a845a71879f426928f3fe6a9f089', 4, 1, 'mobile', '[]', 1, '2018-09-26 14:03:10', '2018-09-26 14:03:10', '2019-09-26 09:03:10'),
('30e51570d7046ad4fa0352dad2698d784b7ba1fdb05e1ada982663d39c8b164a03a97a626171586a', 82, 1, 'mobile', '[]', 0, '2019-06-17 21:41:03', '2019-06-17 21:41:03', '2020-06-17 14:41:03'),
('3195724e38d0049c5b50b472cd6b62a992d1cbd1d152d2496499e7ee87dea76067cd87f7e675d8cc', 4, 1, 'mobile', '[]', 1, '2018-08-07 17:36:54', '2018-08-07 17:36:54', '2019-08-07 12:36:54'),
('32dd09864c17203c32f6d726e2eb05b389019fd6545769627653a6ea305e8e8bf2a5e5b06840e4c6', 87, 1, 'mobile', '[]', 0, '2019-08-08 21:14:04', '2019-08-08 21:14:04', '2020-08-08 14:14:04'),
('33269bf0f1a6907820614d5a2f16767ecadd48ff416d55c9e6a565c004236c584fc25a1521f4b92e', 132, 1, 'mobile', '[]', 0, '2019-06-30 19:42:04', '2019-06-30 19:42:04', '2020-06-30 12:42:04'),
('3444c1ddd65183a1b5a5241c55eafe4f28087c4de4abcd2d9055da2c9fec129db6e737b064d67780', 7, 1, 'mobile', '[]', 0, '2018-09-20 16:01:56', '2018-09-20 16:01:56', '2019-09-20 11:01:56'),
('34a96cf74d122b2316191e4c938a2cdf417a069922bcfe72b8b71770aa21d34a5878cb689e532af9', 8, 1, 'mobile', '[]', 0, '2018-09-25 14:48:29', '2018-09-25 14:48:29', '2019-09-25 09:48:29'),
('34ac1eb214f0b03e0bbbfa870ad12fbaf9bc9602372ae691466be988830dfee1860f0a3982e75ebb', 4, 1, 'mobile', '[]', 0, '2018-09-26 11:23:39', '2018-09-26 11:23:39', '2019-09-26 06:23:39'),
('34f27d416ee7ec49a45ab7f8cd4f9f30977c388c7ed8b7b7072dba61bcbe29450ed5fcd91777bb21', 84, 1, 'mobile', '[]', 0, '2019-06-12 17:33:42', '2019-06-12 17:33:42', '2020-06-12 10:33:42'),
('350a4d90951c14898610c751cfc3e97b2367d0c7f17d6238765dbfee198e375212da7bbd0327a356', 4, 1, 'mobile', '[]', 1, '2018-09-19 11:27:06', '2018-09-19 11:27:06', '2019-09-19 06:27:06'),
('35f343fe49968caea26c4c84f0a0580aea6d68b376756ec6628dd9d1befe351c68d91387efb10b9f', 16, 1, 'mobile', '[]', 0, '2019-03-28 12:02:25', '2019-03-28 12:02:25', '2020-03-28 14:02:25'),
('36ac436bf8b21eef7cc3d867a69f25c64b099fd60a35a16c27c4b85f749e2513ed33cff484986478', 5, 1, 'mobile', '[]', 1, '2018-08-29 12:46:48', '2018-08-29 12:46:48', '2019-08-29 07:46:48'),
('36e77238262fa5cfc47afd0d02917511cfb30e96b7f6c72cd47423d1bc4732252f5826d453e06494', 107, 1, 'mobile', '[]', 0, '2019-06-20 18:57:51', '2019-06-20 18:57:51', '2020-06-20 11:57:51'),
('36ea4f55992743ca2fb81983df63912d6256c5a4a213b26a21c740ad0b9d275a4f5fa11215aabf76', 100, 1, 'mobile', '[]', 0, '2019-06-20 01:54:52', '2019-06-20 01:54:52', '2020-06-19 18:54:52'),
('36f43bf0fb279c8ea81f67e8c9133e3766cbab82356eda9de3a2d4c8a1eff374b8f14041e88aeb4c', 4, 1, 'mobile', '[]', 1, '2018-09-27 13:10:46', '2018-09-27 13:10:46', '2019-09-27 08:10:46'),
('36f936dbe6fe83b1c61a4c4772e2d66e8ed8a53b0542ae63c10ebcbda11ac666d414f9b41ceecb0e', 81, 1, 'mobile', '[]', 0, '2019-08-20 17:37:54', '2019-08-20 17:37:54', '2020-08-20 10:37:54'),
('370f8da7a092d4e8621e946b73e5d76e2e40e799b4f764df0ae1eefbc73db6f9c3575e5ad7d4c584', 112, 1, 'mobile', '[]', 0, '2019-06-26 22:13:17', '2019-06-26 22:13:17', '2020-06-26 15:13:17'),
('375e33a63cb5c391e41d7a5e444813c8191c8cf8be16673b03dfe4cb4f7ac8de538ccd2e9a243028', 7, 1, 'mobile', '[]', 1, '2018-08-29 17:22:57', '2018-08-29 17:22:57', '2019-08-29 12:22:57'),
('37c356d9821fcb36f97666bc0b81dbfd86d8954f777b4d3da7cbe37ecbb0fe83f1c5ff71755563d1', 87, 1, 'mobile', '[]', 0, '2019-08-08 21:02:49', '2019-08-08 21:02:49', '2020-08-08 14:02:49'),
('37df0301d58fb8ed31c638c79556fa29d2bf30ed30626f6d21ed4096345d58653a79bb394bd2e37e', 81, 1, 'mobile', '[]', 0, '2019-07-31 05:59:11', '2019-07-31 05:59:11', '2020-07-30 22:59:11'),
('3827debb93b4e8e211eceb8856401c63882c0399c7ee86be9654b831024472f1f0a40f4676e9e252', 9, 1, 'mobile', '[]', 0, '2018-09-05 11:00:13', '2018-09-05 11:00:13', '2019-09-05 06:00:13'),
('387af8488565a0af947c77905a68d90b177d7207d030bf5cc12069a2ec9c8acccd5263b8e66efb53', 100, 1, 'mobile', '[]', 0, '2019-07-10 16:28:26', '2019-07-10 16:28:26', '2020-07-10 09:28:26'),
('38b7bbc42547cbb936326147d60fb5dc761a45f301ce853d2537ba8138229893c24c7dbd5d4a793c', 100, 1, 'mobile', '[]', 0, '2019-07-10 20:05:40', '2019-07-10 20:05:40', '2020-07-10 13:05:40'),
('394a2bbe26a26521f879089624288e71a27b756ac350905a122afdf7fb8b706ccdf672d722e3c473', 12, 1, 'mobile', '[]', 0, '2018-09-25 16:15:10', '2018-09-25 16:15:10', '2019-09-25 11:15:10'),
('398446e4821cf5c2c200a466086a2485f54b69db4e0e30e8fff74da3b83e03b06b5118ae40c3f3a2', 4, 1, 'mobile', '[]', 0, '2018-08-08 16:40:00', '2018-08-08 16:40:00', '2019-08-08 11:40:00'),
('398e1dca82e140cf6e1bb79831bd02954bdffe8cd84029f00c17c2f3e988b55ee1a36f3fa31c78eb', 100, 1, 'mobile', '[]', 0, '2019-07-10 22:45:48', '2019-07-10 22:45:48', '2020-07-10 15:45:48'),
('39c220fe65976b67e3a1861e2e1812a8d557086d016d1b9ddac6fb3495fbe578c583738f937d2a8a', 2, 1, 'mobile', '[]', 0, '2018-08-06 15:22:45', '2018-08-06 15:22:45', '2019-08-06 10:22:45'),
('39d4e98d5c2b8d94f30352ce3d5ffe95ce659fc776591f146ad2cbec3284d4017ceebba55abce718', 7, 1, 'mobile', '[]', 1, '2018-09-02 11:10:37', '2018-09-02 11:10:37', '2019-09-02 06:10:37'),
('3a0b698ec6fa2a83623bd39bd870146bfc128c521f52b5bf098477b59a99e1c6d2bfce2230f19fa6', 84, 1, 'mobile', '[]', 0, '2019-06-02 22:34:04', '2019-06-02 22:34:04', '2020-06-02 15:34:04'),
('3a6f5e72254fba36a3ec1dafbbebfefc2f6bbc1827c845f3751cea53a2d7c702dc4c8b3c9dd977d1', 8, 1, 'mobile', '[]', 0, '2018-09-01 12:17:29', '2018-09-01 12:17:29', '2019-09-01 07:17:29'),
('3ace1a6f1aa02fec2d482bd2900337613a766b5e0a8ca9d81f6b07826baab92f82e6b1c0ac8c9c2c', 84, 1, 'mobile', '[]', 0, '2019-06-19 18:50:14', '2019-06-19 18:50:14', '2020-06-19 11:50:14'),
('3b425f8b0e560e77fb8fb2c9aac08015c57868e939ec80fcd0a1bf68c04b7150c22c239017c84352', 17, 1, 'mobile', '[]', 0, '2019-03-25 09:46:20', '2019-03-25 09:46:20', '2020-03-25 11:46:20'),
('3bb2f6d1022178f4226041518e4b836166987399d0c6178c70ccd335ed91a4e955b3fa47fba38448', 77, 1, 'mobile', '[]', 0, '2019-05-01 17:12:38', '2019-05-01 17:12:38', '2020-05-01 12:12:38'),
('3c9e376a72ce3dbbd81727abed6a4680a7fd7c1fbeca2b15224a9d7f6879c7e95a9b411c8e43d1b9', 4, 1, 'mobile', '[]', 1, '2018-08-06 17:11:16', '2018-08-06 17:11:16', '2019-08-06 12:11:16'),
('3cad6374992d90a14908aefffa417945c346c8bba9de2f60d41195528faa1df35867383338ba6809', 139, 1, 'mobile', '[]', 0, '2019-07-04 21:46:08', '2019-07-04 21:46:08', '2020-07-04 14:46:08'),
('3cc6bffac2f682bbb0501b5287598b427063ad544201f2135a753e71c958e5982a5b85decd5c30d0', 87, 1, 'mobile', '[]', 0, '2019-08-16 19:07:09', '2019-08-16 19:07:09', '2020-08-16 12:07:09'),
('3cc944a9c7917151f085a6dc8e1521f4a289919322a6a4f8999ed65cbdba5b2bcf9291742eef7677', 7, 1, 'mobile', '[]', 0, '2018-08-26 13:14:00', '2018-08-26 13:14:00', '2019-08-26 08:14:00'),
('3cf0ea451fe2c74f1b59f01232715f75fb687a2541d3603dadfffe053307003c8900f215f7672516', 4, 1, 'mobile', '[]', 1, '2018-08-06 16:37:22', '2018-08-06 16:37:22', '2019-08-06 11:37:22'),
('3d3f584942f71eacc36caf3af9a052c0d2c6f3293ae33260ef32f5770941b7cbbba75e98bafcbb0e', 122, 1, 'mobile', '[]', 0, '2019-06-30 18:16:34', '2019-06-30 18:16:34', '2020-06-30 11:16:34'),
('3dab0b26a44de00e54fa35818df8be6c01e0b36678dae807e05a04234cd21b0bc28ddc3bdff34132', 66, 1, 'mobile', '[]', 0, '2019-04-28 00:45:46', '2019-04-28 00:45:46', '2020-04-27 19:45:46'),
('3e4191ddd94089fd962ed4da59493c187431ec6d12f60c0f81efb6501ec7709955099cad31187f85', 4, 1, 'mobile', '[]', 0, '2018-09-26 12:32:00', '2018-09-26 12:32:00', '2019-09-26 07:32:00'),
('3ec593b30cdcf24b313a54b5790917a2ccbc823825f1fa860543ef3d3de9a144a4931adfc61149d4', 126, 1, 'mobile', '[]', 0, '2019-06-30 18:45:39', '2019-06-30 18:45:39', '2020-06-30 11:45:39'),
('3ec8e9d83f8b3cccea1fed6f0e050779f96a23b3b99d08ff13e681283f17cb7f8cc5c4f80b016419', 4, 1, 'mobile', '[]', 0, '2018-08-06 16:32:44', '2018-08-06 16:32:44', '2019-08-06 11:32:44'),
('3ef866ac28666d6690e8d240ef180ac69a67e928ed4f10f8715dfb4be763f5f8eb0dbcffa4534ac8', 4, 1, 'mobile', '[]', 0, '2018-08-06 17:41:44', '2018-08-06 17:41:44', '2019-08-06 12:41:44'),
('3f754953d59db2678b68849bfd2a10e0afddf64b4a7eed5b25ceb5ce521958d35333f41ab6dc6ce0', 114, 1, 'mobile', '[]', 0, '2019-06-26 22:37:12', '2019-06-26 22:37:12', '2020-06-26 15:37:12'),
('3fadf0fd565ee3b88fc578ef6a3cee68e1d31607fec5d3e0194490b71e5903c1bc7ac9727b57efaf', 181, 1, 'mobile', '[]', 0, '2019-09-09 09:06:47', '2019-09-09 09:06:47', '2020-09-09 12:06:47'),
('3fdb8d561852d7b4d74cffc7987d7093f47f1f298ccf1486e5ca387797570e133dc66209c27404ef', 77, 1, 'mobile', '[]', 0, '2019-05-01 15:48:44', '2019-05-01 15:48:44', '2020-05-01 10:48:44'),
('400d0d0ff0c2ec1bc02c2954727de7b3ee22a2fd6fef01e9f7688901546e931ecb664c94264f3155', 79, 1, 'mobile', '[]', 0, '2019-05-02 08:44:39', '2019-05-02 08:44:39', '2020-05-02 11:44:39'),
('4089c51e7e34468ebbf1554cd9691933c58a8abd06397be0e67e87f120d5323d89f3b48b0379885d', 111, 1, 'mobile', '[]', 0, '2019-06-26 21:36:23', '2019-06-26 21:36:23', '2020-06-26 14:36:23'),
('4143b989a972992ee948616244e8967874f0947dfafee4f66b1d4e7562959514a6356f5fa99af764', 87, 1, 'mobile', '[]', 0, '2019-08-12 15:53:58', '2019-08-12 15:53:58', '2020-08-12 08:53:58'),
('41c22ac1ebc23d1cf43c7e3976754f7c46acf906ede739dd1daa7b40c62c77b6a9a3fba4fe79a876', 100, 1, 'mobile', '[]', 0, '2019-06-30 22:02:11', '2019-06-30 22:02:11', '2020-06-30 15:02:11'),
('421bd2e91961094022381d146d902170e76e5925c3dee278a6d34a428b1bd774c9b84960bb4800f1', 81, 1, 'mobile', '[]', 0, '2019-07-30 21:35:29', '2019-07-30 21:35:29', '2020-07-30 14:35:29'),
('424dd8b77d2c5019f5149df25040fd46003de7640af5150a6518406e9974503090d1480e6fb0a7eb', 59, 1, 'mobile', '[]', 0, '2019-04-28 14:22:39', '2019-04-28 14:22:39', '2020-04-28 09:22:39'),
('42a1c53d1368c3415ac4cc20af71b1933323cc3370085f3df472342b078aa5491fcef8634f92b773', 84, 1, 'mobile', '[]', 0, '2019-06-27 22:29:34', '2019-06-27 22:29:34', '2020-06-27 15:29:34'),
('42be7477b3523bf6da4afed94fcbf10529c8cfb4df34c5a32d99005882967dc96805820f600a1f0d', 87, 1, 'mobile', '[]', 0, '2019-08-08 22:34:13', '2019-08-08 22:34:13', '2020-08-08 15:34:13'),
('42bec48a2c450d36e1b4b75cf6974211c37b83d6d7210f3542139171404e02b04b05dcfc5cdd1e51', 82, 1, 'mobile', '[]', 0, '2019-06-12 22:08:50', '2019-06-12 22:08:50', '2020-06-12 15:08:50'),
('42f6fdc71bb708569d47d5a31fe1750f1afdbaf83ada4762a50311017ca093fea131177c1c8be7f1', 100, 1, 'mobile', '[]', 0, '2019-06-24 16:40:00', '2019-06-24 16:40:00', '2020-06-24 09:40:00'),
('4410fca7d98dc1d08d82da2753caa81c4456734b390331e41ae83f4309892b60b49dca1c00f1065c', 2, 1, 'mobile', '[]', 0, '2018-08-06 15:14:04', '2018-08-06 15:14:04', '2019-08-06 10:14:04'),
('44ff4f75419a3d3645cb12297920725aad46c9d7a1a8cd0689bde220c438ffadc3521f86fbc09ed5', 65, 1, 'mobile', '[]', 0, '2019-04-27 18:55:32', '2019-04-27 18:55:32', '2020-04-27 13:55:32'),
('45e65e4193afde23fdc47497297a263eb7d0bd5334a6a8eb32378f0ac837e816cd18fe7e7697fd29', 75, 1, 'mobile', '[]', 0, '2019-04-29 03:34:02', '2019-04-29 03:34:02', '2020-04-28 22:34:02'),
('460473304a6d4390a46e7c4b27bf22925787fd817cf58c5caf67cc93cf2b907658e4ee1005a6592e', 4, 1, 'mobile', '[]', 0, '2018-08-06 17:20:21', '2018-08-06 17:20:21', '2019-08-06 12:20:21'),
('46089f77dc30c63f75414ad02624b920c0c165891093fc17d481a8121caf7a8ac452c966e1773fca', 13, 1, 'mobile', '[]', 1, '2018-09-25 15:49:25', '2018-09-25 15:49:25', '2019-09-25 10:49:25'),
('465a4f77a2a2d9332727b98c3cd6b75279f49634b3e30d65fe862ddc7e6736f8395c4f608066e218', 5, 1, 'mobile', '[]', 0, '2018-09-18 18:41:48', '2018-09-18 18:41:48', '2019-09-18 13:41:48'),
('470b1515bcdd8938c836d56919a6bf58e29491e6be15cc2011b9c0caa8157cd94e26cd14a32caf50', 137, 1, 'mobile', '[]', 0, '2019-06-30 20:02:05', '2019-06-30 20:02:05', '2020-06-30 13:02:05'),
('475701e3a87cdbcc0def1de906aa9a046adf502190dc81eccdd9985b1d09afb522dba566434d71d2', 7, 1, 'mobile', '[]', 0, '2018-08-26 13:10:58', '2018-08-26 13:10:58', '2019-08-26 08:10:58'),
('4777796bc804873d3f76294234bd3b3c52a3257112da5384f4cf2902f912f20890e3b1c812ef3972', 81, 1, 'mobile', '[]', 0, '2019-07-31 03:54:24', '2019-07-31 03:54:24', '2020-07-30 20:54:24'),
('4a036196658aaa143283d2f92cffc68da11ff6f8ce6dec0ffd7123789144a73de0327bb400042e0c', 113, 1, 'mobile', '[]', 0, '2019-06-26 22:16:10', '2019-06-26 22:16:10', '2020-06-26 15:16:10'),
('4b261234ab499fd1bb5d8abc5c523c73151e5a51a204b1a8acaf02159d91bf045095a46d3adff711', 2, 1, 'mobile', '[]', 0, '2018-08-08 16:36:29', '2018-08-08 16:36:29', '2019-08-08 11:36:29'),
('4bf279d303953d19233ad337810d3526a5ea8662e4be0e03bf1ffa1864891212d38b2ebc1829f5e1', 4, 1, 'mobile', '[]', 0, '2018-08-06 17:18:58', '2018-08-06 17:18:58', '2019-08-06 12:18:58'),
('4cc632a64e5200dfc0eb530451396350bf4a9c895b08fc4c9a6295fac0ad5e9e8cc54cdce4fabc6d', 67, 1, 'mobile', '[]', 0, '2019-04-28 14:57:30', '2019-04-28 14:57:30', '2020-04-28 09:57:30'),
('4cca1fa61bd6d30aaf41083084183aabf106eb390c47ba3eac97227052ca2c31953b17fe2007fca4', 7, 1, 'mobile', '[]', 0, '2018-08-26 13:51:39', '2018-08-26 13:51:39', '2019-08-26 08:51:39'),
('4d54a56dbd79d59640436052f73ce0f6c5c5d2ce52a7596a9a48b9bbf34bf0578491c11114b1a79b', 81, 1, 'mobile', '[]', 0, '2019-07-29 20:24:14', '2019-07-29 20:24:14', '2020-07-29 13:24:14'),
('4d71780ee81875051c966f006daada6ca8beaa5dd9d28cf679db3110046c65b23f9acd415701c2ae', 4, 1, 'mobile', '[]', 0, '2018-09-26 13:01:52', '2018-09-26 13:01:52', '2019-09-26 08:01:52'),
('4d7ac888dcaf517a1724d0eaaebd709ea0683bff62b0d419cb96c3427369d5e779883686effc677b', 87, 1, 'mobile', '[]', 0, '2019-06-30 21:57:41', '2019-06-30 21:57:41', '2020-06-30 14:57:41'),
('4db132c91649fdef8bd0bde004d88324f0a066951918dfd8bf3064c9fbd62bd609245772ee9153af', 59, 1, 'mobile', '[]', 0, '2019-04-21 18:45:20', '2019-04-21 18:45:20', '2020-04-21 13:45:20'),
('4db79a27d8c83795d0e12b7aa8880ab21a06036d95d9d815e5aee14e8204b87d1df9bb085041a4d4', 4, 1, 'mobile', '[]', 0, '2018-09-06 16:45:32', '2018-09-06 16:45:32', '2019-09-06 11:45:32'),
('4e3e3ea7ec68bc70772a6316c826b9a3b038a276abd3293afbb050c116f6fefe2cdbd8dcd3b22213', 81, 1, 'mobile', '[]', 0, '2019-08-16 18:37:35', '2019-08-16 18:37:35', '2020-08-16 11:37:35'),
('4ed3355f512c8aaa3809d7d9d459fb677ccc15270d41595f4d36256ad3e4ea0ce3ba7801e718f39a', 59, 1, 'mobile', '[]', 0, '2019-04-25 14:35:11', '2019-04-25 14:35:11', '2020-04-25 09:35:11'),
('4f0c9bb7203e96304d364831867e8a258882fac15af72d4c625b2491d8856deb7d6be06e2603f09e', 179, 1, 'mobile', '[]', 0, '2019-09-05 18:01:48', '2019-09-05 18:01:48', '2020-09-05 21:01:48'),
('50854d0acd54f45bd2c2a322c7c317ace54c130d252387586df71e24f4a6be65a24d73eab6ade8f9', 82, 1, 'mobile', '[]', 0, '2019-06-19 21:16:20', '2019-06-19 21:16:20', '2020-06-19 14:16:20'),
('50d33e8ea9371e1b3ba203c9fea9ecdadfed5f294885d9ef28003eadf44a12cc0d91ad5ddd843a45', 100, 1, 'mobile', '[]', 0, '2019-06-19 19:37:29', '2019-06-19 19:37:29', '2020-06-19 12:37:29'),
('50f81461980029ecfc699c432a0c15803ad4131a76a399d0bb9661b126e29f7a5cb4fbebcb28c921', 77, 1, 'mobile', '[]', 0, '2019-04-30 15:21:22', '2019-04-30 15:21:22', '2020-04-30 10:21:22'),
('517668b5a27f9f603adbb1a2f0870db1d2f5a892446730fe8448de2fe61d346a055754d67cc2cabd', 7, 1, 'mobile', '[]', 0, '2018-08-29 17:29:33', '2018-08-29 17:29:33', '2019-08-29 12:29:33'),
('51842a8f7fc2b27389bbed60a971632c340699f43c9a261d735ff3a242e055c2cbb8820ce2f24a67', 7, 1, 'mobile', '[]', 0, '2018-08-26 12:04:24', '2018-08-26 12:04:24', '2019-08-26 07:04:24'),
('522bc83b83c99e81bd81d7548d872733974205b7142dae866554f52dfdf392f5c4de702f39bb1669', 7, 1, 'mobile', '[]', 0, '2018-09-19 17:25:05', '2018-09-19 17:25:05', '2019-09-19 12:25:05'),
('522d54ad5721144d45c97d968ebb4e7f33f62fe74ce6fb566bcd729aceaa337e65f824d9503fa237', 142, 1, 'mobile', '[]', 0, '2019-07-14 16:38:05', '2019-07-14 16:38:05', '2020-07-14 09:38:05'),
('526abe8f478f0f85242be38c78342ce673668cab455605dd65964e9e0ffd0e430ff950be1e87411e', 8, 1, 'mobile', '[]', 0, '2018-09-25 14:46:35', '2018-09-25 14:46:35', '2019-09-25 09:46:35'),
('5297346239ae872e3c0194300efd0478edd885018d78cf8b23c501b1e6d774899f0e77f1e6c0cf83', 82, 1, 'mobile', '[]', 0, '2019-06-19 23:00:54', '2019-06-19 23:00:54', '2020-06-19 16:00:54'),
('52febf634d01cfb16d11550eb4dbde82a2b5314fcb0c2cf7abe51ab7cf7276d3d31451960d93b9fa', 5, 1, 'mobile', '[]', 1, '2018-08-30 15:40:37', '2018-08-30 15:40:37', '2019-08-30 10:40:37'),
('53c647ff62f9f2e0ecef053a145fe5de1c41a5226e74979eef4f6bb12b6688de33a5793d25c1f0de', 87, 1, 'mobile', '[]', 0, '2019-06-30 21:54:15', '2019-06-30 21:54:15', '2020-06-30 14:54:15'),
('53ef909cc0bb093003912dcf0b2bcd04cdd6a7776dd53d07b9cc45db3502e825aa2469770c5c384c', 179, 1, 'mobile', '[]', 0, '2019-09-05 17:45:06', '2019-09-05 17:45:06', '2020-09-05 20:45:06'),
('548864f568cc888a5196071764bb7eb5a7cdccda38d4b90474f8a20875b6fc8494351206a06a5166', 7, 1, 'mobile', '[]', 1, '2018-09-22 13:24:07', '2018-09-22 13:24:07', '2019-09-22 08:24:07'),
('5572fbd4c6b45d779ec1dba0bd9f2250a0cbfdc9100859959ac898755629df1530ba9ef47e31d72f', 4, 1, 'mobile', '[]', 1, '2018-08-19 13:15:43', '2018-08-19 13:15:43', '2019-08-19 08:15:43'),
('559ba14074a866ed7f92a6e44e7da8b7b7fab90ec97cbba1b3b225291dc6480f3554d391ee846dd5', 7, 1, 'mobile', '[]', 0, '2018-09-25 14:44:07', '2018-09-25 14:44:07', '2019-09-25 09:44:07'),
('55a9032a1a7be189bec819f4f083b7c70acdde10bd653f72611241aaaf9b528bfb8a73648a6d29db', 82, 1, 'mobile', '[]', 0, '2019-05-30 20:52:11', '2019-05-30 20:52:11', '2020-05-30 13:52:11'),
('55c8208479cd21262b49880077f88c1b1a0b88b1c939af06678bc3fce76272b23f43d32917346638', 85, 1, 'mobile', '[]', 0, '2019-06-12 16:38:42', '2019-06-12 16:38:42', '2020-06-12 09:38:42'),
('55cd26c2ebf8cb177dd1b97c6c05b3313f238d408fc48eb7d9892158e12520703508640fad19fef8', 117, 1, 'mobile', '[]', 0, '2019-06-30 17:57:15', '2019-06-30 17:57:15', '2020-06-30 10:57:15'),
('55d2d6785586deea9cee1c84330d8a33240a7c5b032786c867c4099d6093ec4b8165c5a8b9be536c', 8, 1, 'mobile', '[]', 1, '2018-08-30 14:29:54', '2018-08-30 14:29:54', '2019-08-30 09:29:54'),
('57f01c73343c19af37113a65a298bfa1f908b1d4fdf3dea16e20235b6ca9826f2713fcba324e3e35', 100, 1, 'mobile', '[]', 0, '2019-07-14 20:50:21', '2019-07-14 20:50:21', '2020-07-14 13:50:21'),
('57f2f6719ae4a5e9f512fdbf3f81b211e7c99db4b63409f7b4e16c8d50f89585befa36358a6ff46d', 100, 1, 'mobile', '[]', 0, '2019-07-08 19:14:43', '2019-07-08 19:14:43', '2020-07-08 12:14:43'),
('584414b1d627c2a0ccdec16f05afc0a6d78cbc70b59f8188e705662784c7c9377aca360fc72395da', 84, 1, 'mobile', '[]', 0, '2019-06-19 18:40:32', '2019-06-19 18:40:32', '2020-06-19 11:40:32'),
('58650acfa6a133097526c56cb7f4851c7c9ab250ea149475c576b259e91a538e3b6ba42187bca666', 81, 1, 'mobile', '[]', 0, '2019-07-31 04:16:52', '2019-07-31 04:16:52', '2020-07-30 21:16:52'),
('587d60fae32cd610565f0395b110330a85968c617b2ba262db0f606011c8f53a5902291f07a821c0', 100, 1, 'mobile', '[]', 0, '2019-06-30 20:35:37', '2019-06-30 20:35:37', '2020-06-30 13:35:37'),
('59edd75025c28601a02f4b6307599f7bd0a78a4ee1b3657fb6ba2e8a8952fc1c9ee6856c15a62900', 84, 1, 'mobile', '[]', 0, '2019-06-11 18:26:16', '2019-06-11 18:26:16', '2020-06-11 11:26:16'),
('5ac008df4046ac806397b4da1d30289692d23275bc5f90328d8070020738a727edfb34bd394bc29d', 100, 1, 'mobile', '[]', 0, '2019-07-11 15:59:03', '2019-07-11 15:59:03', '2020-07-11 08:59:03'),
('5b02ad6c92d5333c5bbcd1953633e066eb5b0051d45d3b18c95814b5886ab5aeb5b5fddf07ff2517', 2, 1, 'mobile', '[]', 0, '2018-08-19 14:09:25', '2018-08-19 14:09:25', '2019-08-19 09:09:25'),
('5b53b0d57a13fa94e9807c3b436f2a4b8dfea38792c05f2abef7d4736387a9e26fcbbe2aea0e523b', 12, 1, 'mobile', '[]', 1, '2018-09-19 11:46:00', '2018-09-19 11:46:00', '2019-09-19 06:46:00'),
('5c4b381e4496015fa72d2687211f0d63752b95cfed098f43a2da92df316ec66a42fb58680c515a24', 81, 1, 'mobile', '[]', 0, '2019-07-30 17:23:32', '2019-07-30 17:23:32', '2020-07-30 10:23:32'),
('5cd762bb12ec3898275c7d0b4a126ca21dd6caf133adf1cedda8f70e70864788ff5a71e6ac4ff074', 129, 1, 'mobile', '[]', 0, '2019-06-30 19:20:50', '2019-06-30 19:20:50', '2020-06-30 12:20:50'),
('5cfe146f4f7e460483c03eb650f41b85ed7c4d68c28d7e1d10ac754a95b9666d009e7828af8cfd62', 4, 1, 'mobile', '[]', 1, '2018-09-25 19:05:23', '2018-09-25 19:05:23', '2019-09-25 14:05:23'),
('5d3510a1a42325aa1fd4a606053c6717fdd2310fb24ca2f6e44bfafaaa7b2c177301588e08fbd03c', 100, 1, 'mobile', '[]', 0, '2019-06-23 22:12:38', '2019-06-23 22:12:38', '2020-06-23 15:12:38'),
('5d44f22e4eaffc1541838fe1c5c10ad41e57f69e795b1b335417e7d201bf70763c43380e20403a41', 4, 1, 'mobile', '[]', 1, '2018-09-22 12:58:30', '2018-09-22 12:58:30', '2019-09-22 07:58:30'),
('5da6d3c7f23650b3b7eeb2987eb940e92b88760bc9c18357dfc235af3ab6ffdd370052b3ec9a5a1c', 88, 1, 'mobile', '[]', 0, '2019-06-18 16:39:30', '2019-06-18 16:39:30', '2020-06-18 09:39:30'),
('5e2f8482f6f6663163b9c6e96cae336ae1a2b04a11fb8e076f23e8b85ad32fe6434ed9b839d94c4d', 14, 1, 'mobile', '[]', 0, '2018-09-25 14:33:24', '2018-09-25 14:33:24', '2019-09-25 09:33:24'),
('5e765f8f40f3155259ffb3962236c8cb3d8bd0c236dccb8ddba2ecc1ba222dc0356b437a1528d757', 100, 1, 'mobile', '[]', 0, '2019-06-25 15:56:09', '2019-06-25 15:56:09', '2020-06-25 08:56:09'),
('5e9839d155b044b7d97f41040b55a91bc2aedb44b2b445470f33b53075b21fc0b138631dd7a251ae', 178, 1, 'mobile', '[]', 0, '2019-09-09 08:12:33', '2019-09-09 08:12:33', '2020-09-09 11:12:33'),
('5e9e47b56c5df78dc751a89e395420a10c7bbf4e3d8a9df30e9a52fca8155934fed861a7c4634975', 81, 1, 'mobile', '[]', 0, '2019-07-30 21:36:25', '2019-07-30 21:36:25', '2020-07-30 14:36:25'),
('5f223fcfcbd2d901cfabc6a29f26893ee111e96a310f093fc69adfd749df68c8290717ca04737c7f', 109, 1, 'mobile', '[]', 0, '2019-06-21 04:51:25', '2019-06-21 04:51:25', '2020-06-20 21:51:25'),
('5f6dc5d50d9b144c9e443aba304b3d1d0cea7bea9c5168d1a38193a6e914f3b6b3fcedbb842e54f4', 100, 1, 'mobile', '[]', 0, '2019-06-20 18:35:42', '2019-06-20 18:35:42', '2020-06-20 11:35:42'),
('5fb9c9f904ca05b3e7237d0615e38b62c332d4f5f6480eac0632fa2cf8448ccdec745f61ccba8db0', 59, 1, 'mobile', '[]', 0, '2019-04-21 18:36:38', '2019-04-21 18:36:38', '2020-04-21 13:36:38'),
('61bfed3bac34570415e82d8c9bc9cfb23509088f933bcc856a5208ae203854a149be934bcd81c9cf', 8, 1, 'mobile', '[]', 0, '2018-09-25 14:45:03', '2018-09-25 14:45:03', '2019-09-25 09:45:03'),
('61c198875c4827dde3d0c57d4b8aa37e15da8956d4308e1a2b5bc2eed67eefe26ab3f0ea3402a766', 87, 1, 'mobile', '[]', 0, '2019-06-25 15:46:58', '2019-06-25 15:46:58', '2020-06-25 08:46:58'),
('61e5660c88b6d7cc56e6aead9bc73928704c592817c821c15c84331a0f612069907d3be69739e831', 4, 1, 'mobile', '[]', 1, '2018-08-29 17:26:26', '2018-08-29 17:26:26', '2019-08-29 12:26:26'),
('6227ec1fb24e18523e97f1e81a6edd3b0720f2e2e7b4eba34033a9a8ee2b9148f9f6ad5a516a220e', 100, 1, 'mobile', '[]', 0, '2019-07-11 15:45:43', '2019-07-11 15:45:43', '2020-07-11 08:45:43'),
('623d739770acfb81b23dcf974f27ce4d5e1d873b7da3f015aae4f418bce3f0f2c23535d4555bd515', 156, 1, 'mobile', '[]', 0, '2019-07-25 03:37:07', '2019-07-25 03:37:07', '2020-07-24 20:37:07'),
('6251cc42154459d628c1089400126cb9467de7236d47a3d4bf2493d011a0bef8aa97690d6c9bf0aa', 107, 1, 'mobile', '[]', 0, '2019-06-20 19:00:26', '2019-06-20 19:00:26', '2020-06-20 12:00:26'),
('62b0f9084739a187ad0bcb42aa4206625acd99c0c8f886b116e82cce389c1fe4ce164bfd1dd60330', 81, 1, 'mobile', '[]', 0, '2019-07-30 21:16:39', '2019-07-30 21:16:39', '2020-07-30 14:16:39'),
('62b889663df4b6561d1a233ce82a684c7b75e914dd242debe2bf1be40b7ba68caf85b1cb594af4f1', 7, 1, 'mobile', '[]', 1, '2018-09-01 12:12:49', '2018-09-01 12:12:49', '2019-09-01 07:12:49'),
('63181e876e8814cebb0df358ca9522842fa42376875cf2650bf0ef5b9fac88bc0ffe3d8cd1fb8c81', 88, 1, 'mobile', '[]', 0, '2019-06-17 16:05:39', '2019-06-17 16:05:39', '2020-06-17 09:05:39'),
('632036e7090325f29754ec57a4e1ed08939be7bbeb62406c63536ffab7ab95416c9ace82415d5fb9', 100, 1, 'mobile', '[]', 0, '2019-06-30 16:09:17', '2019-06-30 16:09:17', '2020-06-30 09:09:17'),
('6334f6fdf729143dd73e32a30b2ef7eb33e711bbc0d77930413bfabdf48b00573903fb88f0c39db3', 84, 1, 'mobile', '[]', 0, '2019-06-12 18:51:15', '2019-06-12 18:51:15', '2020-06-12 11:51:15'),
('636367cb7ca8a1752909a2d9393643fcc6946d56c8805e72d4551f915f9cac34bcab3d366c06dba2', 179, 1, 'mobile', '[]', 0, '2019-09-09 05:39:42', '2019-09-09 05:39:42', '2020-09-09 08:39:42'),
('639b25a70772ca1971155b763beec8d14b4ffbac176ca44168c4bb3fb83964a788e874a8ec8889f8', 12, 1, 'mobile', '[]', 0, '2018-09-19 11:10:56', '2018-09-19 11:10:56', '2019-09-19 06:10:56'),
('63e30b7225d7db0270c451ccb05fcbcbf965118649e8654b64460a5027a8fbfe374ecb7e2875a4e0', 87, 1, 'mobile', '[]', 0, '2019-08-12 20:25:22', '2019-08-12 20:25:22', '2020-08-12 13:25:22'),
('63fcd34ea1ac91292ffb16973611909a4963fd939eb7d2217488bdc10b1e15cd5cd3800670938a86', 86, 1, 'mobile', '[]', 0, '2019-06-13 22:18:21', '2019-06-13 22:18:21', '2020-06-13 15:18:21'),
('659781a7e6de19451af5d9bd8957ec3ca5ad7d2076c1392349cd16424751ab4cab75a2892e31a83d', 87, 1, 'mobile', '[]', 0, '2019-08-12 16:24:23', '2019-08-12 16:24:23', '2020-08-12 09:24:23'),
('6599519ca550bd1fda982a806db9f720b8e726ffba623db15e698bd3dbf5fecb1837d651efb4cd94', 81, 1, 'mobile', '[]', 0, '2019-08-20 19:23:54', '2019-08-20 19:23:54', '2020-08-20 12:23:54'),
('65a5f8afdbc6b91e8adbc537864ef457f9fc698e288ba3420c6c5053e47d167a1669d4daa8c9eb0f', 7, 1, 'mobile', '[]', 0, '2018-09-22 16:16:04', '2018-09-22 16:16:04', '2019-09-22 11:16:04'),
('65c6e75204e0ba8ca167f06a2597b859dc9854a13cc0e11fa8db016fa6154b78dae3140e43bbb063', 160, 1, 'mobile', '[]', 0, '2019-08-16 19:48:36', '2019-08-16 19:48:36', '2020-08-16 12:48:36'),
('6608037da1f8544bda1d331dc9a0f592e7d0176f751b0d3a9a80a211b221221f6cd2b22cd7937936', 87, 1, 'mobile', '[]', 0, '2019-08-12 20:43:38', '2019-08-12 20:43:38', '2020-08-12 13:43:38'),
('6627244d88935ab567afaf719175ae268e322576527b433c900c2e3cf6ce2cc2813c049223341012', 100, 1, 'mobile', '[]', 0, '2019-07-10 22:09:07', '2019-07-10 22:09:07', '2020-07-10 15:09:07'),
('66470f0aa40ef2004d5e6ce3b5cc8086366eff79df4a8f348b37aeff210b812c2f479896e62dd6aa', 5, 1, 'mobile', '[]', 0, '2018-09-18 18:40:42', '2018-09-18 18:40:42', '2019-09-18 13:40:42'),
('668f4a4c046ad816758b182a0a4179b4fb22607ac479fdedd81fefe346437634869d706bf8a018a9', 84, 1, 'mobile', '[]', 0, '2019-06-13 22:23:09', '2019-06-13 22:23:09', '2020-06-13 15:23:09');
INSERT INTO `oauth_access_tokens` (`id`, `user_id`, `client_id`, `name`, `scopes`, `revoked`, `created_at`, `updated_at`, `expires_at`) VALUES
('66fa6b1bd0b17ebd7a93090539f6242a651e85af6bef4fdf7ef856618d2dc54cf9e7be14c0efee80', 8, 1, 'mobile', '[]', 1, '2018-08-30 17:00:07', '2018-08-30 17:00:07', '2019-08-30 12:00:07'),
('6712e2e4c2c5b41b5291b987a89e09786597863ee95e4d2cf6d2994d46277ef8a6d6e97a50e9e2e2', 5, 1, 'mobile', '[]', 1, '2018-09-18 16:49:04', '2018-09-18 16:49:04', '2019-09-18 11:49:04'),
('672840a1801cc522964c6dd7ab897a2c5bf75c1f0f1c8ae849240a2d6711206d20687f60a5b60f44', 100, 1, 'mobile', '[]', 0, '2019-06-30 22:10:02', '2019-06-30 22:10:02', '2020-06-30 15:10:02'),
('67aaf6da6931f63251ecd27a362875638f7d934e73891642482d427100fa65b7d6fab5fa6b93639c', 12, 1, 'mobile', '[]', 1, '2018-09-19 18:11:56', '2018-09-19 18:11:56', '2019-09-19 13:11:56'),
('67d883d8ad13785ecab766c5cd34788a648639b0dfa8c77f912e495c5318a8bd63ba74376f6b993d', 81, 1, 'mobile', '[]', 0, '2019-07-31 06:33:08', '2019-07-31 06:33:08', '2020-07-30 23:33:08'),
('688c331864ba83630d81536fca2d03d495732aff08ac15047d6e6f768d857419ad13cad528c758b7', 4, 1, 'mobile', '[]', 0, '2018-09-27 12:35:49', '2018-09-27 12:35:49', '2019-09-27 07:35:49'),
('68b23429560ca7e731897c4d17b4e2c87efb4db1f226226d31bf4abcbe960c3f49e8b8ab9b88fa58', 4, 1, 'mobile', '[]', 0, '2018-09-02 12:37:36', '2018-09-02 12:37:36', '2019-09-02 07:37:36'),
('69f6458a4970c5ea35f7b30bf6a7e9d640e0e0c8c4193b9bc0841f6d1357170657effce4b126573e', 5, 1, 'mobile', '[]', 1, '2018-08-30 16:09:36', '2018-08-30 16:09:36', '2019-08-30 11:09:36'),
('6a3c33099a2e9bfe40ed7d582fd961092bc4c93c522c2b378dc1f2a0c5281727af49b21fa71f114f', 7, 1, 'mobile', '[]', 1, '2018-09-06 17:00:41', '2018-09-06 17:00:41', '2019-09-06 12:00:41'),
('6a3e91395d7e267903c2991e6bf6f9279c1bff4b7ea9add441d49f44d5b2338cbc88a4d30938b0dc', 58, 1, 'mobile', '[]', 0, '2019-04-21 15:00:27', '2019-04-21 15:00:27', '2020-04-21 10:00:27'),
('6a54b543c8190e03beeb6b1eb4f630acdc50dd4e3e395ec3343bb6143cb6edaa7ea6ecbac992dd91', 7, 1, 'mobile', '[]', 0, '2018-09-18 18:36:54', '2018-09-18 18:36:54', '2019-09-18 13:36:54'),
('6a677e1937c26ecd0477b08ae856b6d7e6bd632bcf490279b0986943083e2456bf8672f842988061', 100, 1, 'mobile', '[]', 0, '2019-07-10 22:33:41', '2019-07-10 22:33:41', '2020-07-10 15:33:41'),
('6a719a328a65e298d06fad226f0bf3d5a9c9cf75ee71fa63e94465e0518cd2148f7b46add3e464ef', 7, 1, 'mobile', '[]', 1, '2018-09-01 18:10:09', '2018-09-01 18:10:09', '2019-09-01 13:10:09'),
('6aee03f3a77d780713048886ac993e5ab36b0b5ac7f75845ebe8ee0bb9ca4c5aae5c0f3b3bc4e5da', 4, 1, 'mobile', '[]', 1, '2018-09-27 13:01:11', '2018-09-27 13:01:11', '2019-09-27 08:01:11'),
('6bb148930a48751913b1c4557656296af77387c679d27644491e7c72c48852515d3d07294220c3d4', 100, 1, 'mobile', '[]', 0, '2019-06-30 22:06:06', '2019-06-30 22:06:06', '2020-06-30 15:06:06'),
('6cfd425f08402132abec805c1f50722b0bc7c39e6cae2e841cbeb977a4aebe9604e9faa7ca3905c0', 81, 1, 'mobile', '[]', 0, '2019-07-29 18:04:33', '2019-07-29 18:04:33', '2020-07-29 11:04:33'),
('6d745a6f4278858c0226c768aab1ccd937cdd80594ea56baccbe5dd46924252918456bb2cefd1c70', 157, 1, 'mobile', '[]', 0, '2019-07-25 18:29:02', '2019-07-25 18:29:02', '2020-07-25 11:29:02'),
('6e3a210f6f9f2e85a9b0a807c93a1516e789ff65be9ef66ba2eb22cbcf804d854d68aab0c2ba5a00', 4, 1, 'mobile', '[]', 1, '2018-09-26 12:22:06', '2018-09-26 12:22:06', '2019-09-26 07:22:06'),
('6e518927d2e9b54fbf429d6a6938ab753e5b3c6950c62f179db5db577375965a0a7be1e655446746', 2, 1, 'mobile', '[]', 0, '2018-08-06 15:21:39', '2018-08-06 15:21:39', '2019-08-06 10:21:39'),
('6ec939a53c171692d78d1bf4b3e084a21c21613b61310589d1197de3c00c0bbce71d415154b12457', 81, 1, 'mobile', '[]', 0, '2019-07-31 05:41:06', '2019-07-31 05:41:06', '2020-07-30 22:41:06'),
('6ee3ab9af806e8fc8304a3e38347cfd50b8425f2cbfba8f81c2b56558f57f48ce7d3713241c84903', 8, 1, 'mobile', '[]', 0, '2018-09-25 17:21:09', '2018-09-25 17:21:09', '2019-09-25 12:21:09'),
('6fc09b814ae3756d5dc105d0d7d85032cbc68134b9c69dc69ef3a9f49ead825655224842e6213432', 100, 1, 'mobile', '[]', 0, '2019-07-03 23:05:17', '2019-07-03 23:05:17', '2020-07-03 16:05:17'),
('6ff42e9c2d92bee94c3f9b3213dd8e896aa3389905bf26d29778ac2d3b9c7d38754bc1c67b9802c8', 4, 1, 'mobile', '[]', 1, '2018-09-27 16:27:41', '2018-09-27 16:27:41', '2019-09-27 11:27:41'),
('716e4883a84334b20fd5e71ff0ddd9aca0db5f4e50ea5452c35cd251a8f8001ffc4f34872f52b3aa', 84, 1, 'mobile', '[]', 0, '2019-06-12 17:44:06', '2019-06-12 17:44:06', '2020-06-12 10:44:06'),
('71883ae4267aeb688741b18effd8a98a4aaed6f142671a2008125e03101032037b10d81002934f54', 100, 1, 'mobile', '[]', 0, '2019-07-10 22:13:01', '2019-07-10 22:13:01', '2020-07-10 15:13:01'),
('71e38bc0a67877bd33c2daf40dcd7651da89186df01436841bbfe1d6533748c033ff0e754ceab1db', 81, 1, 'mobile', '[]', 0, '2019-07-29 18:04:51', '2019-07-29 18:04:51', '2020-07-29 11:04:51'),
('724511f7593dc705b3ff8e609d792870e248eebb1bd5df7e3c213cda12d059f5a5b0b6308e59abef', 4, 1, 'mobile', '[]', 1, '2018-09-19 17:01:36', '2018-09-19 17:01:36', '2019-09-19 12:01:36'),
('7277b97f5c0b27c9ac1eaad33c7504e9e7ae55c3afd44f57ae0285b9ddc71c64f9a7aa9dcc2250b9', 84, 1, 'mobile', '[]', 0, '2019-06-02 18:56:34', '2019-06-02 18:56:34', '2020-06-02 11:56:34'),
('72a3c00b5aa7d49b9c112ac996c6f567e3726231f14dbbe2a1e922c10c4051d8046cfb9c8df558de', 7, 1, 'mobile', '[]', 0, '2018-09-05 15:49:49', '2018-09-05 15:49:49', '2019-09-05 10:49:49'),
('72df767e83f5ae0a6a144f9cbe89780f59264072b406a171dc3a71b3b5eb253717035043c1216e33', 179, 1, 'mobile', '[]', 0, '2019-09-05 17:45:22', '2019-09-05 17:45:22', '2020-09-05 20:45:22'),
('741772f7181f7b853083278da47ddc5ebb8654d0b1e9f9dd268b28b0e97a185b9da663c6b2a505c9', 81, 1, 'mobile', '[]', 0, '2019-07-31 04:02:56', '2019-07-31 04:02:56', '2020-07-30 21:02:56'),
('742b203e4c40b89880285f44ca811680381c8116ab9bd8b342ccbb3fb813b334a99265b490c7bfe8', 14, 1, 'mobile', '[]', 1, '2018-09-23 12:48:34', '2018-09-23 12:48:34', '2019-09-23 07:48:34'),
('74439e1302d952d452cc7e1298776d230f339df363630407f4f87c309682c8fbe4e3095ff7d94297', 155, 1, 'mobile', '[]', 0, '2019-07-25 02:28:42', '2019-07-25 02:28:42', '2020-07-24 19:28:42'),
('745830b3c3cf2c112d2f58a3246ccd4b7a30e1fea8fffaa38293cfd9596b11ff035a8089f13c0f82', 8, 1, 'mobile', '[]', 0, '2018-09-25 14:49:56', '2018-09-25 14:49:56', '2019-09-25 09:49:56'),
('7484bcce021436b32ac010b2f0cf15c5ffc80d78e73139091072dd903de77f8593c211c454a9c025', 100, 1, 'mobile', '[]', 0, '2019-06-20 17:09:11', '2019-06-20 17:09:11', '2020-06-20 10:09:11'),
('74c2c0b175446818e2d10ffcfde6ae835a20593038a9e81efda2474b850a5905b445d7a24f06830c', 81, 1, 'mobile', '[]', 0, '2019-08-08 17:48:16', '2019-08-08 17:48:16', '2020-08-08 10:48:16'),
('75887914e405e635cbdf3c98b94d72561a9bfcd636c558f13d544dd34b2030b9fdfcfc6d46190a23', 77, 1, 'mobile', '[]', 0, '2019-05-01 15:49:05', '2019-05-01 15:49:05', '2020-05-01 10:49:05'),
('75ded119e00262b87c85df252e5bf84a50716f84d7e6bc7a7b08a39cc60e3bf1352088d5c4fdc0f0', 87, 1, 'mobile', '[]', 0, '2019-08-08 22:30:24', '2019-08-08 22:30:24', '2020-08-08 15:30:24'),
('760b7717b3e3829aed86298151415510719653aa79615fd6a667f7a1af04ec5972ea3fea125acfe3', 4, 1, 'mobile', '[]', 1, '2018-08-06 16:58:14', '2018-08-06 16:58:14', '2019-08-06 11:58:14'),
('762d1ace9a320e6e1c6c01b148cb8b6752c6e7ce5cb8e7bfc48b94d4634d312b3e96e9c477dcb5bc', 4, 1, 'mobile', '[]', 0, '2018-09-27 13:10:03', '2018-09-27 13:10:03', '2019-09-27 08:10:03'),
('766c7294410a202040015da91a9326052c7f3583eaa1206dff7d1a2210d576850a3bc7ed90b221cc', 8, 1, 'mobile', '[]', 1, '2018-09-22 16:14:54', '2018-09-22 16:14:54', '2019-09-22 11:14:54'),
('77184e03869d88f306ece36541353d1e0bda4b6c31deb2c28069e5a19e2ca5e6d7addc197497e93c', 82, 1, 'mobile', '[]', 0, '2019-06-12 17:34:53', '2019-06-12 17:34:53', '2020-06-12 10:34:53'),
('7772d2119ce7908684c68dfef22c5a3dacf9aa08695372291904777d8e434526f24d03ae2270aa4a', 87, 1, 'mobile', '[]', 0, '2019-08-12 19:18:30', '2019-08-12 19:18:30', '2020-08-12 12:18:30'),
('785f09cf367da36c3609380c4cbdd832d14531c672782990b6c9a4363dfcd3d5b832b3e03a810e4f', 146, 1, 'mobile', '[]', 0, '2019-07-11 05:23:24', '2019-07-11 05:23:24', '2020-07-10 22:23:24'),
('78a0910c96df8b4cd6bb13efde8699e4ffaf08d7a39ca99f93f1206ad503f4f16ee7e000a050759b', 8, 1, 'mobile', '[]', 1, '2018-09-19 16:39:16', '2018-09-19 16:39:16', '2019-09-19 11:39:16'),
('7917dfe897f8ce6f7bd405163b37f58794fcb6b06b0f6d57e85efb7856c85d768a27e072b4918d6c', 5, 1, 'mobile', '[]', 1, '2018-08-30 15:50:11', '2018-08-30 15:50:11', '2019-08-30 10:50:11'),
('7922986977dd63534f5b9175b1abd04dea2a85efad8567a2fe0e81fad0209b44e474d34f986d98ea', 14, 1, 'mobile', '[]', 1, '2018-09-25 13:25:37', '2018-09-25 13:25:37', '2019-09-25 08:25:37'),
('7991b80761f72b6ada36ed1f18e49fb68aa28a2f8eb02442b32797189043da15478abd70f44143e5', 8, 1, 'mobile', '[]', 0, '2018-09-25 14:44:45', '2018-09-25 14:44:45', '2019-09-25 09:44:45'),
('79a5c1ad73c413c3104629b62c076a6f965de61ff4be2fd9adb8861390b696d3d471c3000f5bdd01', 4, 1, 'mobile', '[]', 1, '2018-09-05 11:46:30', '2018-09-05 11:46:30', '2019-09-05 06:46:30'),
('79a645f8f3efe427ea070bacb5d9c6ca422bf4bf5abe9ce13110998c77802a3ff77b01e26fe0279d', 8, 1, 'mobile', '[]', 1, '2018-09-22 12:54:18', '2018-09-22 12:54:18', '2019-09-22 07:54:18'),
('7b6d49ac0c85bdc42a9f2df9431ee9e58468f077750d5bc551acb5bb78ae7470282a877270df55b3', 8, 1, 'mobile', '[]', 1, '2018-09-26 12:35:52', '2018-09-26 12:35:52', '2019-09-26 07:35:52'),
('7bdf533e72015319c08c00afb7e22cbe802715f18902002aaf6b35306b8aeda955ce7707bc6be746', 87, 1, 'mobile', '[]', 0, '2019-06-30 21:57:41', '2019-06-30 21:57:41', '2020-06-30 14:57:41'),
('7be8e5c0726e29efc6ed404865e275b8170343a5de27415938057dfece3b248565c0bd54ff4c39f8', 100, 1, 'mobile', '[]', 0, '2019-06-20 17:53:08', '2019-06-20 17:53:08', '2020-06-20 10:53:08'),
('7c0b0c6cf9f545ad470f73cb35b375bc6b58fe7687d9385abe269b22885677589892e33a645201f6', 4, 1, 'mobile', '[]', 1, '2018-08-19 14:43:12', '2018-08-19 14:43:12', '2019-08-19 09:43:12'),
('7c6a133c64ad2bb5fe10219f7b051c178891b1ea57d80a5ca783da2888198eb3698db8c2653238d1', 59, 1, 'mobile', '[]', 0, '2019-04-22 17:20:04', '2019-04-22 17:20:04', '2020-04-22 12:20:04'),
('7cb5458da0afa57eacb2f0a00678f65490874cf736962097d1ac4448b93a194bb8924bbd97b7a8d2', 16, 1, 'mobile', '[]', 0, '2019-03-30 13:06:05', '2019-03-30 13:06:05', '2020-03-30 16:06:05'),
('7cca7ccca4f1d199e9a8856a0af51cefb1a9cd70d68b312a2308e667dd50fb2de6ed57a432381dd0', 100, 1, 'mobile', '[]', 0, '2019-06-20 02:14:22', '2019-06-20 02:14:22', '2020-06-19 19:14:22'),
('7d6f4d8d4a467f5ea5270b913fe72192d8912ef3ade6a784429c42e7dd11b37a8043c1875def31d3', 66, 1, 'mobile', '[]', 0, '2019-04-27 22:06:50', '2019-04-27 22:06:50', '2020-04-27 17:06:50'),
('7da403f79ffdec068f816ee7e498509d959ed3b44d4ff6a8d69052cc52d4d91e78dcac2802611cdb', 4, 1, 'mobile', '[]', 0, '2018-08-06 17:40:58', '2018-08-06 17:40:58', '2019-08-06 12:40:58'),
('7df6d29dec84213e863d9a58d1e13f075fcd174017dc39e507093d8566e4ec4bd446b538e6fa5260', 150, 1, 'mobile', '[]', 0, '2019-07-14 15:53:14', '2019-07-14 15:53:14', '2020-07-14 08:53:14'),
('7e404e25a01da19ecbb08628621e51b93df0e09f98a33962efa5b5f5602b0a693ae310b22fca9684', 131, 1, 'mobile', '[]', 0, '2019-06-30 19:37:46', '2019-06-30 19:37:46', '2020-06-30 12:37:46'),
('7eef8b321cb6c27762d02f15242513e0779345f372584cded4f0e6ee247770d0b20ebd9163e6e701', 81, 1, 'mobile', '[]', 0, '2019-07-29 04:12:09', '2019-07-29 04:12:09', '2020-07-28 21:12:09'),
('7f2b870e65005328a2941515f0148da0faa840cb5417466561f8e1178d87293a5848da30a5c8655b', 2, 1, 'mobile', '[]', 0, '2018-08-05 10:43:15', '2018-08-05 10:43:15', '2019-08-05 05:43:15'),
('7fbbb0a4178eaad475772ae43cb025fc7a1a56cdb7a80c01ea8a5f1169760835b57db4c1b0112b4e', 87, 1, 'mobile', '[]', 0, '2019-08-14 01:48:14', '2019-08-14 01:48:14', '2020-08-13 18:48:14'),
('8030efab7f9b3cac7e38d1a711ea62b295b569f66737a5d21d84a2ad1cb5dccbbc7057ff64d908cd', 8, 1, 'mobile', '[]', 0, '2018-08-30 14:22:39', '2018-08-30 14:22:39', '2019-08-30 09:22:39'),
('804146b4d01e29f39b24a9a6bdd9387dea5c303750e631e6fdba1d524cd5f4fa2bf47352408dc084', 87, 1, 'mobile', '[]', 0, '2019-08-08 22:40:20', '2019-08-08 22:40:20', '2020-08-08 15:40:20'),
('8047c296f84ea32f3c82369e1e6a621e43a0ef3f8b03dd3b699631d7d98c686e97bf39e1a17e4a1e', 7, 1, 'mobile', '[]', 0, '2018-08-26 12:01:51', '2018-08-26 12:01:51', '2019-08-26 07:01:51'),
('80f7dffab0323f7fb2028bebc9d4abd54986e6120121ab4f5b8ae0de5ad07708b1950bd912992c8d', 4, 1, 'mobile', '[]', 1, '2018-08-06 16:53:35', '2018-08-06 16:53:35', '2019-08-06 11:53:35'),
('81b56766ec2619fecf1fdb27d7cebb43394cbd161af978a0b3c40225790544a352b75560e0e92a44', 147, 1, 'mobile', '[]', 0, '2019-07-12 00:35:18', '2019-07-12 00:35:18', '2020-07-11 17:35:18'),
('82694c498f402ba9cddd85f99efb7e23ad6e444b08f499dfc4d4fd296891ea5f185170ef6e613036', 100, 1, 'mobile', '[]', 0, '2019-06-19 19:41:14', '2019-06-19 19:41:14', '2020-06-19 12:41:14'),
('82a5d450d5f47185f5e8f072f9ec58e25cf1a6fab6717241ae9c957ed19d7c5fe1fa8c5bba37b459', 81, 1, 'mobile', '[]', 0, '2019-07-29 19:38:51', '2019-07-29 19:38:51', '2020-07-29 12:38:51'),
('8344d7342cd0ca5856b9cee73d635e13a9503b751e891d75fe29d34f34dd152451c63928fb7bc83a', 2, 1, 'mobile', '[]', 0, '2018-08-07 13:23:48', '2018-08-07 13:23:48', '2019-08-07 08:23:48'),
('834c28f442fc6c42cf38cf94933710b24c6f0f8d848a3350846a321f1609310690e5c358a7d02e16', 2, 1, 'mobile', '[]', 1, '2018-08-12 13:40:30', '2018-08-12 13:40:30', '2019-08-12 08:40:30'),
('83aad7c5bf1c1e5b262a8dcbe3cfbdd11532cdba6380728acd973e90cdebea32cf487168aa468819', 82, 1, 'mobile', '[]', 0, '2019-06-12 16:43:31', '2019-06-12 16:43:31', '2020-06-12 09:43:31'),
('848e2d71f0ebafd0be09e77e1ac0d8d9fbd0cc47f64365854a2d7bec75faf5d852b95386070f147e', 84, 1, 'mobile', '[]', 0, '2019-06-13 16:18:20', '2019-06-13 16:18:20', '2020-06-13 09:18:20'),
('84a0fbe9c140a6f77b0424edc919699553ddccd7b61b7c8e71487041244232811bed7a553e0b3eb3', 7, 1, 'mobile', '[]', 0, '2018-09-27 11:08:22', '2018-09-27 11:08:22', '2019-09-27 06:08:22'),
('84a9cfdbd717a966f2bbcbe09e36a852646479bfdd6271c52816f90b86fb58c017679ce6aca3c840', 4, 1, 'mobile', '[]', 0, '2018-08-06 17:33:29', '2018-08-06 17:33:29', '2019-08-06 12:33:29'),
('84b6e71ac587a14b36e317124e887003f5012b370e1fde4d4a83c1baa2d9b7f7034abda5964fca77', 8, 1, 'mobile', '[]', 1, '2018-09-26 12:52:51', '2018-09-26 12:52:51', '2019-09-26 07:52:51'),
('84e2c63da57a5b9af966aa1937c854876745dc291bff6a890aef62d39a8e99c516dbc92da6b6f750', 59, 1, 'mobile', '[]', 0, '2019-04-21 15:37:43', '2019-04-21 15:37:43', '2020-04-21 10:37:43'),
('86394bc153357d933368c8b36bcb8d37482a5d6d8dd9e75befd22bf1cdaf0ca2a1baecd70511449d', 81, 1, 'mobile', '[]', 0, '2019-08-01 18:54:10', '2019-08-01 18:54:10', '2020-08-01 11:54:10'),
('86a00c11bb7fb5b57fc9696122424114bb4ac7af78412bd3d96cab0b2d6e25d626fbbab5aeb60c9e', 4, 1, 'mobile', '[]', 1, '2018-09-27 12:33:12', '2018-09-27 12:33:12', '2019-09-27 07:33:12'),
('86c3a6e032fa56abc66a667d1a2513e97673553d95c897e7e94cab1330c7f1db3c51aed521c84c35', 84, 1, 'mobile', '[]', 0, '2019-06-02 19:05:32', '2019-06-02 19:05:32', '2020-06-02 12:05:32'),
('87c5bdf00bc714d1a836c912c04f899ce9ab27742eb7207f145d47db2aae5696125206e991250cc9', 123, 1, 'mobile', '[]', 0, '2019-06-30 18:21:01', '2019-06-30 18:21:01', '2020-06-30 11:21:01'),
('87c8b602ca2ba83375e115c9262226ec8748659a260b01a427db8606c6e8792c957c2333a0ead4eb', 4, 1, 'mobile', '[]', 0, '2018-09-26 12:42:58', '2018-09-26 12:42:58', '2019-09-26 07:42:58'),
('87de87dd7e933abd1d608ae8a82a6cca457a31fd9cc6185191bf8c155228433b84248f9f00f93435', 2, 1, 'mobile', '[]', 0, '2018-09-06 14:53:28', '2018-09-06 14:53:28', '2019-09-06 09:53:28'),
('87e13143b07ae01f051ea09c2260aa73b12d44774296536db1779fd74e0a4f15f92a350234effc83', 5, 1, 'mobile', '[]', 1, '2018-08-30 15:41:39', '2018-08-30 15:41:39', '2019-08-30 10:41:39'),
('880ef7e6a6aa975bc774f6a38e30b3ec65983d6570c0d865e38007a14714ad283a7c60d7ac05a302', 59, 1, 'mobile', '[]', 0, '2019-04-25 17:22:49', '2019-04-25 17:22:49', '2020-04-25 12:22:49'),
('8891eeb8009fbec9ec51c26aa09fb05e63aa0a6a8c130ae5d7a8d6446706d96e3ac11afc598e1a6e', 143, 1, 'mobile', '[]', 0, '2019-07-10 07:52:49', '2019-07-10 07:52:49', '2020-07-10 00:52:49'),
('88e11631fabafb5f774543cc94b4371dd74704d8d636d3d3bfeab47db843794ae18b0f5988f4d228', 87, 1, 'mobile', '[]', 0, '2019-08-08 22:27:44', '2019-08-08 22:27:44', '2020-08-08 15:27:44'),
('89a7d6950186c986db781e2454c4ba210a6a8a30ccf963b3ce96462891cc1efab7ada9f235169e2c', 100, 1, 'mobile', '[]', 0, '2019-06-24 18:28:38', '2019-06-24 18:28:38', '2020-06-24 11:28:38'),
('89f3978297743fb30fd7f44943b1d21a49b95927f80b6b7ce1d14c80015bd64ace1b437105c2a08b', 107, 1, 'mobile', '[]', 0, '2019-06-26 22:36:00', '2019-06-26 22:36:00', '2020-06-26 15:36:00'),
('89fb8660618433416e9b0bccc7467b48016dc3b06828449771f27febda21e38bc27ffdaeade861d8', 4, 1, 'mobile', '[]', 1, '2018-09-22 13:24:36', '2018-09-22 13:24:36', '2019-09-22 08:24:36'),
('8a552791d0ff3eaee8b26b4a6664f84de544c3fb1ffcf30516a6cb69f9445adb6899cbbd920ea60c', 100, 1, 'mobile', '[]', 0, '2019-06-30 22:18:09', '2019-06-30 22:18:09', '2020-06-30 15:18:09'),
('8a6aa1675c2183054f63866825f01ec4f5d05c7829f2f0f2ed7a9e4cafb1e7e4ed5d932ddd6e9a92', 3, 1, 'mobile', '[]', 0, '2018-07-26 13:11:28', '2018-07-26 13:11:28', '2019-07-26 08:11:28'),
('8a7a5baa9d3aab47c8ec41c020b6c7ecfca519575512edf8440d36e37e012f48e5162df1ed844daa', 164, 1, 'mobile', '[]', 0, '2019-08-20 01:30:29', '2019-08-20 01:30:29', '2020-08-19 18:30:29'),
('8b0968b46ef68e561fded708227737ec93a8862df62aff2665b8eca9539d0e4882c10b6b980ae43e', 85, 1, 'mobile', '[]', 0, '2019-06-09 18:11:36', '2019-06-09 18:11:36', '2020-06-09 11:11:36'),
('8b57d0be2b89895085beaf792248b5f99bb5c861e0ef795347cf3863d48e279019023618a4dcee4c', 9, 1, 'mobile', '[]', 1, '2018-09-03 13:40:52', '2018-09-03 13:40:52', '2019-09-03 08:40:52'),
('8b8c508ea5659bcda553e309d31a31830b6dc456dd81a6f2840cafd9fab74e30f6f4975539b9a003', 8, 1, 'mobile', '[]', 1, '2018-08-26 16:12:22', '2018-08-26 16:12:22', '2019-08-26 11:12:22'),
('8c0e23086e6dd28ab1a5bc4d6d86253724e3e14e602a5cd1e5326657b3a7e752337d8a434e8d919e', 8, 1, 'mobile', '[]', 0, '2018-09-25 14:58:31', '2018-09-25 14:58:31', '2019-09-25 09:58:31'),
('8c14e5c38892dbf9b499db0483a4b1b010c8d788472f9f03000fb89e0ec5ebc0bc6c7c7f81d6e34e', 87, 1, 'mobile', '[]', 0, '2019-07-03 18:42:51', '2019-07-03 18:42:51', '2020-07-03 11:42:51'),
('8c54b9b1112859761f096f205d26e356b58e9c32b5f3359b4d7c65a58d8dc6a55d5b8b00be2138c6', 12, 1, 'mobile', '[]', 1, '2018-09-19 11:27:37', '2018-09-19 11:27:37', '2019-09-19 06:27:37'),
('8c641d7b39d33f89146ab7241f0b068a48247c0a64d1e7a2c03391a26aa854a6a7b411041c15b522', 7, 1, 'mobile', '[]', 1, '2018-09-25 14:44:18', '2018-09-25 14:44:18', '2019-09-25 09:44:18'),
('8d19c2595d0fcfe9a75aaf7983781f7d158a791a10de3d9e1cc2b98039d837a2a0879f687e61738b', 59, 1, 'mobile', '[]', 0, '2019-04-25 17:56:31', '2019-04-25 17:56:31', '2020-04-25 12:56:31'),
('8d4b5b1d6cb3cf6efe7485fd25ebd3ff9850cbbf40dd8e35584959a8891c9f418936ce8ab6cff138', 81, 1, 'mobile', '[]', 0, '2019-07-29 04:18:53', '2019-07-29 04:18:53', '2020-07-28 21:18:53'),
('8d54822d959c7dfa043623028512a4cf036523620e20b88a014a87bf4fc26f14cc4cf66d00d5acf4', 142, 1, 'mobile', '[]', 0, '2019-07-14 17:50:39', '2019-07-14 17:50:39', '2020-07-14 10:50:39'),
('8d5994926f227bce802230d4d737a2628e4cd1da5b00f255c207c7e29dd873d7ed1da1e40e91aa5e', 2, 1, 'mobile', '[]', 0, '2018-08-06 15:22:39', '2018-08-06 15:22:39', '2019-08-06 10:22:39'),
('8d68e44d6ffdce96c47cba4d92f650d5b4710e33bd72e46a5cdfe91b9c9cd8da77bc41fa07cdc1e3', 64, 1, 'mobile', '[]', 0, '2019-04-25 17:39:48', '2019-04-25 17:39:48', '2020-04-25 12:39:48'),
('8df584ade41f06dc3afd1fb71533f3e11d0790da6c7854a763e76218e5bb5e15d1f6a87a85ca08ae', 81, 1, 'mobile', '[]', 0, '2019-08-16 19:08:24', '2019-08-16 19:08:24', '2020-08-16 12:08:24'),
('8e4719d435c4ddfa22ec8a5c843fe55b78570b322645815b05f812cca9f3936dec4c48f70d31ed71', 159, 1, 'mobile', '[]', 0, '2019-07-27 02:25:13', '2019-07-27 02:25:13', '2020-07-26 19:25:13'),
('8e698e4fda5153cda58dbebb18009d16eff7638e3a03afc7f4b8c25f97d97c8026e47e710fc9857c', 12, 1, 'mobile', '[]', 1, '2018-09-19 17:38:34', '2018-09-19 17:38:34', '2019-09-19 12:38:34'),
('8ef396024929943e37509002583fac9761f81844e957b30e71168fb69f453c46f399d1df089daef7', 162, 1, 'mobile', '[]', 0, '2019-08-18 05:17:22', '2019-08-18 05:17:22', '2020-08-17 22:17:22'),
('8f0b620f2a951aa2d884126fe16272185e1b740bf730bcc58768929e1d24462afa21e13c0343c41a', 7, 1, 'mobile', '[]', 0, '2018-08-26 13:10:56', '2018-08-26 13:10:56', '2019-08-26 08:10:56'),
('8fab644225a360de4fd518a444397feeb4592f3d8acb3c103de11b08bcd61d449dd9f20f2364d403', 87, 1, 'mobile', '[]', 0, '2019-06-13 21:48:48', '2019-06-13 21:48:48', '2020-06-13 14:48:48'),
('9064d2811429a62d1cd9b0c5a7c4e34acc0763e7254cf584c735d900eb3877fd6ffcccba8c043e40', 87, 1, 'mobile', '[]', 0, '2019-08-12 16:22:58', '2019-08-12 16:22:58', '2020-08-12 09:22:58'),
('911ce9137a98c25060d816c46f04dd903d7d429b0f02241deefaf0092209881b2fef5afe51e359dc', 7, 1, 'mobile', '[]', 0, '2018-09-27 16:42:12', '2018-09-27 16:42:12', '2019-09-27 11:42:12'),
('917de02d9c2eafa2bbca58171129e84c6953ed29ea5dcb855c1c707a55f2df845cef2e34db99bc6d', 133, 1, 'mobile', '[]', 0, '2019-06-30 19:43:22', '2019-06-30 19:43:22', '2020-06-30 12:43:22'),
('919b674fbec99fdd8d8da83fd37ac9fe2abc432b6e266c754c3c3c594c1120a54df8a48864b0da77', 87, 1, 'mobile', '[]', 0, '2019-08-14 01:08:20', '2019-08-14 01:08:20', '2020-08-13 18:08:20'),
('91f270a740664b772eb63ebd9d140cc6abeb44c6b260cbee8f62c4e94b8d7877197f6a73f38ca59a', 142, 1, 'mobile', '[]', 0, '2019-07-14 17:43:23', '2019-07-14 17:43:23', '2020-07-14 10:43:23'),
('920aa091dbf0ab33bdc30b3508252ce702acf197e1e93ee11737da148f09af56fd09a8e954005128', 2, 1, 'mobile', '[]', 0, '2018-08-06 17:25:24', '2018-08-06 17:25:24', '2019-08-06 12:25:24'),
('926608525662eb148a74676e8f1df0ae72557c19ba618fbc8d9ce883758a03f955b2c50d567aca10', 4, 1, 'mobile', '[]', 0, '2018-09-27 16:31:51', '2018-09-27 16:31:51', '2019-09-27 11:31:51'),
('92d3c959a15ebf1197c96b888a6c751b7fd70289b3fae9a5413790c8a15fe74cecd411ef37d11e19', 4, 1, 'mobile', '[]', 1, '2018-09-25 17:41:54', '2018-09-25 17:41:54', '2019-09-25 12:41:54'),
('933df66e21cbf93fc1f6a0145b3db222dc12848cab0a82830ae1ec10e3ea1c4d5fd6adce83b62c75', 95, 1, 'mobile', '[]', 0, '2019-06-30 16:14:28', '2019-06-30 16:14:28', '2020-06-30 09:14:28'),
('934d913f4ab1ee5bef65ede85dc4d748eee0b0eb62b74d9dd7b1696da65438096fa35cf4fb41b76d', 100, 1, 'mobile', '[]', 0, '2019-07-08 19:15:13', '2019-07-08 19:15:13', '2020-07-08 12:15:13'),
('9387b501fb15b9f393def9c8a66866fb03476285e5188855e3234a0cca10e1c918ce30791c5da8a1', 115, 1, 'mobile', '[]', 0, '2019-06-27 21:16:51', '2019-06-27 21:16:51', '2020-06-27 14:16:51'),
('95322921c7f346dc35e429853d205211e6f4766cc509348ee3fbb49902325db34da28ea5393a003b', 100, 1, 'mobile', '[]', 0, '2019-07-11 16:04:05', '2019-07-11 16:04:05', '2020-07-11 09:04:05'),
('956ba70316ece19161eb1db50ee7b871245ef49848a082e3f75589ff2f5730ebc7d0730846e916fd', 100, 1, 'mobile', '[]', 0, '2019-07-14 17:31:28', '2019-07-14 17:31:28', '2020-07-14 10:31:28'),
('9597e4eac4359863467534f17ecbb7390586d3baeac69c2fb014784ef2ee58de1ba7dbad6d2182a5', 2, 1, 'mobile', '[]', 0, '2018-08-19 16:56:22', '2018-08-19 16:56:22', '2019-08-19 11:56:22'),
('969727b3e1f48a4d1493fd287f9c3c8a470c9fcc39375e4f4c9863142efdf3e2edd2408da4db9494', 4, 1, 'mobile', '[]', 0, '2018-08-29 17:36:49', '2018-08-29 17:36:49', '2019-08-29 12:36:49'),
('96c006817c3a10ad64bd322501321912216eb719053021bb30f5ae1c6a6bea345b5834feebbd9f47', 5, 1, 'mobile', '[]', 0, '2018-08-30 15:31:41', '2018-08-30 15:31:41', '2019-08-30 10:31:41'),
('96c711c2efbc2cb0b7f4cf894bfd54a692eb1a99cbfa8bf19554f29ab57139c0d9d73c169a600a26', 2, 1, 'mobile', '[]', 0, '2018-08-06 15:18:24', '2018-08-06 15:18:24', '2019-08-06 10:18:24'),
('973d6518e070915575bad64db68d026a1bc38201beab1b6cc151ae96381e5bd44a2ce62e2ce08a20', 7, 1, 'mobile', '[]', 1, '2018-09-05 13:23:14', '2018-09-05 13:23:14', '2019-09-05 08:23:14'),
('97de472df4e3ce5b777e8db8fdecc3ac15e9d2e4c6b471112c315ed9c59c5de7955ceba8400d1341', 82, 1, 'mobile', '[]', 0, '2019-06-12 16:02:18', '2019-06-12 16:02:18', '2020-06-12 09:02:18'),
('9852a243df0864d1c20360721aa1f778e8c33bbbe9ae1022cba073f5b73dbcf81a30bc76465d147e', 65, 1, 'mobile', '[]', 0, '2019-04-27 18:57:04', '2019-04-27 18:57:04', '2020-04-27 13:57:04'),
('987f0989fa2ef244b829dab944cba681b5b5fcbe4b57b5efc0a16aa843d1d411c35e61e1920f2103', 2, 1, 'mobile', '[]', 0, '2018-07-30 16:50:52', '2018-07-30 16:50:52', '2019-07-30 11:50:52'),
('98aa8530ce8bd362f47f68c3a01d36546e9586c62252f1888dec0884ec49cfe9e957d7059a98976e', 7, 1, 'mobile', '[]', 0, '2018-08-26 13:25:33', '2018-08-26 13:25:33', '2019-08-26 08:25:33'),
('98e8b42ee7bf1d12693c0704be1ebed797c25620f6dfc3f9263e10554eb40cb62f72f1eb2b5e4053', 82, 1, 'mobile', '[]', 0, '2019-06-12 21:33:45', '2019-06-12 21:33:45', '2020-06-12 14:33:45'),
('98ff40cd8978dca723780c9e9ad8f67700968561d3220bf5e2eeb4c594c31b492ce7023ed6289e2a', 14, 1, 'mobile', '[]', 1, '2018-09-25 14:42:57', '2018-09-25 14:42:57', '2019-09-25 09:42:57'),
('99d4c45b6fd784b20c70a7b7b211cb5bf77fc0feeac8f922b246ddd954639fad907740496f617c97', 106, 1, 'mobile', '[]', 0, '2019-06-19 23:32:31', '2019-06-19 23:32:31', '2020-06-19 16:32:31'),
('9a70705add4730feeb803327825f61820d69f9027412a9955e0c17f64f941bf3a0f9158fefe8e9de', 100, 1, 'mobile', '[]', 0, '2019-06-30 22:15:28', '2019-06-30 22:15:28', '2020-06-30 15:15:28'),
('9af32ebc250efd8c91d89f678b7a20375c87fdd8af13e4747e303a5cf1138f1dbd0edd38f33bdf53', 87, 1, 'mobile', '[]', 0, '2019-08-08 22:18:12', '2019-08-08 22:18:12', '2020-08-08 15:18:12'),
('9cc2de289d4de2d5c276ceed1353d7bb35dacb49f457568f6253c98e2f10587255718b8c49a8ffcc', 100, 1, 'mobile', '[]', 0, '2019-06-19 23:00:25', '2019-06-19 23:00:25', '2020-06-19 16:00:25'),
('9d92930e90c14df0936a308745cc10f2c41f4612719a5e1d0543a6ccd60b8f4910d586d9b7044b9c', 178, 1, 'mobile', '[]', 0, '2019-09-09 08:35:58', '2019-09-09 08:35:58', '2020-09-09 11:35:58'),
('9dda1ce8f4c0970a7b4f758517f0a2d79f80a051d77caaa010c1fe76aacc0051a190ffa46ed2cc07', 8, 1, 'mobile', '[]', 1, '2018-09-19 16:42:41', '2018-09-19 16:42:41', '2019-09-19 11:42:41'),
('9e5b94a59e801ccb578eb4ba6c5dedc23ad1e5b0e09ecaacc62307a0659e6c17fed6d37c1dc59958', 176, 1, 'mobile', '[]', 0, '2019-09-09 05:42:30', '2019-09-09 05:42:30', '2020-09-09 08:42:30'),
('9ea2c292c923131637c3e4d8d39fbfae09783dbcb1b58a4b53e89349273be41183e26e6ef4840546', 82, 1, 'mobile', '[]', 0, '2019-05-19 07:08:54', '2019-05-19 07:08:54', '2020-05-19 10:08:54'),
('9f13cb2a5871349cb3a6822cd02675fec7784d73acc0c3c906674848b2baa9292e6d540008102776', 8, 1, 'mobile', '[]', 0, '2018-09-22 12:23:54', '2018-09-22 12:23:54', '2019-09-22 07:23:54'),
('9f441d4acef5706982403efcb9d23a0154c17b5c8988a5c160955065e9bcec0535f5728ceba58529', 21, 1, 'mobile', '[]', 0, '2019-04-02 06:07:06', '2019-04-02 06:07:06', '2020-04-02 09:07:06'),
('a00a2c7e7cd24c85a621d67a9f6d256549f816d130f7a7fe3098132e10517ab2dd4d9916d712ec87', 100, 1, 'mobile', '[]', 0, '2019-06-20 02:39:49', '2019-06-20 02:39:49', '2020-06-19 19:39:49'),
('a0461e76dc927c599181a4c07cd9319c8b03a0e8884084a2c7e5cb755e3891979eea4d1ab16435a8', 4, 1, 'mobile', '[]', 1, '2018-09-06 16:36:01', '2018-09-06 16:36:01', '2019-09-06 11:36:01'),
('a0650e7f711609c1052a41a16a90fbbfadb8a59a8a6c415f819f30b7af61bc5ebca75e6605b062dd', 100, 1, 'mobile', '[]', 0, '2019-06-20 18:06:10', '2019-06-20 18:06:10', '2020-06-20 11:06:10'),
('a0b2609e8047053bea1362011d9769aa1a7c8816e4b3a0debd908dfe74de9104da5a53bc9a7db9fd', 7, 1, 'mobile', '[]', 0, '2018-08-28 14:47:13', '2018-08-28 14:47:13', '2019-08-28 09:47:13'),
('a1162c88e72184e3b027cdf0e53b974f76ef11119714f8706ff07cfab7de7358bc2140da3a6a6028', 100, 1, 'mobile', '[]', 0, '2019-06-20 02:52:25', '2019-06-20 02:52:25', '2020-06-19 19:52:25'),
('a1771b97f0c69d42246ab963fb0ddec650d803b09e9ae2f3e99ef85c1095ba2b3ff1a50226c1a7e7', 88, 1, 'mobile', '[]', 0, '2019-06-18 16:34:31', '2019-06-18 16:34:31', '2020-06-18 09:34:31'),
('a23acbf2f007edb8d5b4656b8ec98673a4cd34d225613cc8b8f4db2e4881666fdc89309ac96aebb1', 59, 1, 'mobile', '[]', 0, '2019-04-21 18:46:45', '2019-04-21 18:46:45', '2020-04-21 13:46:45'),
('a3303a95e9a0ccdc28a86187ae9203c8e34ba18067a9e91c783e2641aafdac65906d4de020001135', 87, 1, 'mobile', '[]', 0, '2019-08-12 17:02:01', '2019-08-12 17:02:01', '2020-08-12 10:02:01'),
('a3a09a16b73a2ac551e9571c2bd12fcc06d8307dc7e24d5dfa1258d4bb12980e1c0c7e38e7e7f1bc', 7, 1, 'mobile', '[]', 1, '2018-09-06 16:55:49', '2018-09-06 16:55:49', '2019-09-06 11:55:49'),
('a3a44fe4e3cfbf6168ae112ebde693a56c54e26ad208250633557113c2f5284e5da9f855854005a3', 8, 1, 'mobile', '[]', 0, '2018-09-25 14:49:33', '2018-09-25 14:49:33', '2019-09-25 09:49:33'),
('a405c1565a5a2a81f5b798e515278910091bef13bf99fc82d7ef1535297f9c319e66ac041e4ac05c', 82, 1, 'mobile', '[]', 0, '2019-06-20 18:48:30', '2019-06-20 18:48:30', '2020-06-20 11:48:30'),
('a435c6bc7c4be5af55683506a16ff88cbe0820b926b90873ce00ac098f9be7ae749ddac175ab4c43', 4, 1, 'mobile', '[]', 0, '2018-08-29 17:35:37', '2018-08-29 17:35:37', '2019-08-29 12:35:37'),
('a4464b18afa8ccca7d2399c5dd3ef7c2d44e1674ac16e57dab1d809020d7d0b8c6fd72ba44ab7093', 107, 1, 'mobile', '[]', 0, '2019-07-11 18:52:24', '2019-07-11 18:52:24', '2020-07-11 11:52:24'),
('a4631a06ace438cc0080876849d05166cfba2fe8fd92f0f7d27f2dcb88e606bb69e936d8fafd1490', 102, 1, 'mobile', '[]', 0, '2019-06-19 19:49:27', '2019-06-19 19:49:27', '2020-06-19 12:49:27'),
('a483e76b2aa10d23a563ce25b40ae1eebfce93f05752186910f68440d0c5c807270584d8f54d9c00', 7, 1, 'mobile', '[]', 1, '2018-08-26 10:41:01', '2018-08-26 10:41:01', '2019-08-26 05:41:01'),
('a49ac9f70c878227cb660882ed26aee3e7acf3428242b00b95f07380589fb74aab19ebd1f7fb5706', 5, 1, 'mobile', '[]', 0, '2018-08-19 19:02:49', '2018-08-19 19:02:49', '2019-08-19 14:02:49'),
('a5f352e5c844bf43116f478f7925a1b82811de911e48e74a7c225115752a608d0c73f796fe011999', 84, 1, 'mobile', '[]', 0, '2019-06-02 17:19:04', '2019-06-02 17:19:04', '2020-06-02 10:19:04'),
('a635a5be0aa22d73d762b26d549274a5308f47f2ff29969a00dba31a70ec6efaa6b43f8fe2c1eebc', 59, 1, 'mobile', '[]', 0, '2019-04-22 13:48:57', '2019-04-22 13:48:57', '2020-04-22 08:48:57'),
('a63a828aa695c5c8030570b8d9e5d3cd5b711c724069ee7c1ed4381a96fa48e38cc19d848244984f', 16, 1, 'mobile', '[]', 0, '2019-04-02 06:29:29', '2019-04-02 06:29:29', '2020-04-02 09:29:29'),
('a6bd32127857185b6a1a5b72f22c9f006fae30ba828a9a7209fe91dd25c79f4354bd8b3f28135cac', 100, 1, 'mobile', '[]', 0, '2019-07-10 16:09:23', '2019-07-10 16:09:23', '2020-07-10 09:09:23'),
('a792e2f338b37273f87e6a34cdac4dd31fd22923809298a4d22ef5b7cd50bcb970a11d38e58966c0', 100, 1, 'mobile', '[]', 0, '2019-06-19 22:18:47', '2019-06-19 22:18:47', '2020-06-19 15:18:47'),
('a88ea394768661a10162b2ef309413139ae60afc446bcc16c879fca80c3656680c8250f0d88623ed', 87, 1, 'mobile', '[]', 0, '2019-06-27 22:16:04', '2019-06-27 22:16:04', '2020-06-27 15:16:04'),
('a8906a81852264daa4a555e40b6935f65facf49e638cb1267c4cc38fb21fcce6a44c957c9cbd06ef', 4, 1, 'mobile', '[]', 1, '2018-09-27 16:29:55', '2018-09-27 16:29:55', '2019-09-27 11:29:55'),
('a8c8439ff3ddb6173ee1da75f52d1a2c82b8a690ccf6eae9ca3914cb121000647104cbaa364eae1a', 76, 1, 'mobile', '[]', 0, '2019-04-29 15:14:28', '2019-04-29 15:14:28', '2020-04-29 10:14:28'),
('a900dc6f33fe2cc7e62eea9e375a213f5e79dfd1d9ed0577bf25a9e684bb90b34f34dcbf903e3cb6', 4, 1, 'mobile', '[]', 1, '2018-09-02 12:18:02', '2018-09-02 12:18:02', '2019-09-02 07:18:02'),
('a979dbf96fbf59222ad703cd4987d80941195e02dedd5feef67db59e7b3bb826f861cb6c6d2b1f90', 163, 1, 'mobile', '[]', 0, '2019-08-18 05:32:14', '2019-08-18 05:32:14', '2020-08-17 22:32:14'),
('a97d435d7fac6998865fdce56c63c84ee5dd5cebf305a02b7d7c4242f348372bb8dd6b00639cf6a5', 87, 1, 'mobile', '[]', 0, '2019-08-12 02:26:34', '2019-08-12 02:26:34', '2020-08-11 19:26:34'),
('a9d29dcf8c50568238acb5173678af847c131e5eade12e3a23cf0f6185b631448ba0ec4fc0df68b6', 5, 1, 'mobile', '[]', 1, '2018-08-29 13:26:20', '2018-08-29 13:26:20', '2019-08-29 08:26:20'),
('ab1bb5418b6944f4d93bf9ed299dfb3ae5bfee21fe7c879b15bdf17ec6d8d33194507146800586c1', 82, 1, 'mobile', '[]', 0, '2019-06-17 21:37:15', '2019-06-17 21:37:15', '2020-06-17 14:37:15'),
('ab75f1a43920d44bef9b8c8c414bb7bcc23925abeba13a76f0dc871062db7bb9f429ec0b41bea7f5', 116, 1, 'mobile', '[]', 0, '2019-06-30 17:55:27', '2019-06-30 17:55:27', '2020-06-30 10:55:27'),
('abd36b82f61a27e44301c383db84dfa41638139f0f9d599843e7845998cbc899343cbd7cd49b51b5', 87, 1, 'mobile', '[]', 0, '2019-07-14 22:11:09', '2019-07-14 22:11:09', '2020-07-14 15:11:09'),
('ac4e61a26c371d7f5a9d7d553c492aa4f5db47088ab37b4dd455de0ee2bffc8a6aa2f84e191bb384', 84, 1, 'mobile', '[]', 0, '2019-06-02 19:07:40', '2019-06-02 19:07:40', '2020-06-02 12:07:40'),
('ace6dfb6202dbbb2efb693629832f6534f9db5c1c25e82cd9c67b8de90f8f05ce7f63e50984248b1', 88, 1, 'mobile', '[]', 0, '2019-06-18 15:25:32', '2019-06-18 15:25:32', '2020-06-18 08:25:32'),
('ad3c75ca4a9018c455d927287fa032b991a018a52355b680e6ff65eecefa91f99b81409367ec8e88', 7, 1, 'mobile', '[]', 0, '2018-08-26 13:10:45', '2018-08-26 13:10:45', '2019-08-26 08:10:45'),
('ad733b236d5ddab97a7ed87ed77edf09f8a28dd04ddbcc504e0ac1c716cd62378674286de296ec61', 78, 1, 'mobile', '[]', 0, '2019-05-02 08:38:19', '2019-05-02 08:38:19', '2020-05-02 11:38:19'),
('aea92e62ae3d7a6c3d8ee5e43ca4bf07c4f84b4b180b54c9403321ee703fd8be6365f07829ed5f56', 60, 1, 'mobile', '[]', 0, '2019-04-21 17:23:34', '2019-04-21 17:23:34', '2020-04-21 12:23:34'),
('aeff9e34fce07c131180e5e3fae1ba4ceef9bd6e10e9aaa29eac1bcdecf70f7cb2bf0631b2aa3703', 2, 1, 'mobile', '[]', 0, '2018-08-06 17:29:37', '2018-08-06 17:29:37', '2019-08-06 12:29:37'),
('af7e4618c90bff4f4df1cae94f47d1c5f2b3875a5800ed1f77ff1fecd879509e3a6f1cf59e3635a2', 12, 1, 'mobile', '[]', 1, '2018-09-19 11:10:32', '2018-09-19 11:10:32', '2019-09-19 06:10:32'),
('af808f30998c1a8e8822646e1e3d1d97e579c8723d944d0ae08c3ffaf5718cdc9ff13de26f7fd16d', 107, 1, 'mobile', '[]', 0, '2019-06-27 22:32:26', '2019-06-27 22:32:26', '2020-06-27 15:32:26'),
('aff371511ac38818687d9d55b78657781b12e7f09a74b2ba53abbf459452f604904368ec4f9ee51c', 16, 1, 'mobile', '[]', 0, '2019-03-25 09:45:24', '2019-03-25 09:45:24', '2020-03-25 11:45:24'),
('b1299e7c15eb2fcc1006e76d2a84df7aba94d66f252b1393562ebcfc53d8dd82169b1d6c68ea8da3', 81, 1, 'mobile', '[]', 0, '2019-08-20 17:50:50', '2019-08-20 17:50:50', '2020-08-20 10:50:50'),
('b1668f9f983e4abf34cd15ab970db11338b46ec1a1abf00d19217e1ec8efb542ee0d40e3663b5918', 4, 1, 'mobile', '[]', 1, '2018-09-25 18:11:39', '2018-09-25 18:11:39', '2019-09-25 13:11:39'),
('b1fe3eaef0e5d5536b1d68545e1a4c31147b63f80c954ea05e3eebe4dd138c45366e6cf3d678e44f', 87, 1, 'mobile', '[]', 0, '2019-08-18 21:10:09', '2019-08-18 21:10:09', '2020-08-18 14:10:09'),
('b247907e65a85bc261062edd310765a76600bc45bf7168fbcf82cdf58e19e579b3020915a81586d6', 7, 1, 'mobile', '[]', 1, '2018-09-19 15:08:41', '2018-09-19 15:08:41', '2019-09-19 10:08:41'),
('b2726ddb44068696baf2abcf449c889a852929d1f7e35ed9d1cd4ba054768ce9d432b0f9581f228e', 7, 1, 'mobile', '[]', 0, '2018-08-28 17:54:32', '2018-08-28 17:54:32', '2019-08-28 12:54:32'),
('b28c87cd83d60c67b2fd604c4e50857d3f6fc1c008279c09ce9838e509f6fd420cab91e213ebecde', 84, 1, 'mobile', '[]', 0, '2019-06-03 18:14:12', '2019-06-03 18:14:12', '2020-06-03 11:14:12'),
('b2f532f74a1b1422e9b418fc1df5301397807d99e8677baf23e83511c0c7f1387481eb22f9689b57', 2, 1, 'mobile', '[]', 0, '2018-08-12 13:42:23', '2018-08-12 13:42:23', '2019-08-12 08:42:23'),
('b4018582f3a2585e7c5af3768a7165c4050b5c578d2e7493934c1e7c86c774f6e319652233ba237c', 106, 1, 'mobile', '[]', 0, '2019-06-19 23:23:35', '2019-06-19 23:23:35', '2020-06-19 16:23:35'),
('b45330bdf80cae119aa1bcfe1c8a2ad26a795ea198b1e5578940a78770b7ef295c61bc5396e38238', 4, 1, 'mobile', '[]', 1, '2018-08-06 17:01:55', '2018-08-06 17:01:55', '2019-08-06 12:01:55'),
('b45c95d89fa4c8749f6d0246fe3bb15b3a863c7e550a14ce2325202331acb3aef87a12f9007e7fc2', 128, 1, 'mobile', '[]', 0, '2019-06-30 19:06:36', '2019-06-30 19:06:36', '2020-06-30 12:06:36'),
('b46ad9a43332adc6376bc95e77739e631b7f9129d96be9d5508fe8218e14c40993ab6ce8ce146b95', 8, 1, 'mobile', '[]', 0, '2018-09-20 10:27:58', '2018-09-20 10:27:58', '2019-09-20 05:27:58'),
('b4aa102807257ccbde8a10b3c28cb589e2cd3c00671c2ae42a4bdab110ee048329bf08974c1faeae', 5, 1, 'mobile', '[]', 0, '2018-08-29 13:27:54', '2018-08-29 13:27:54', '2019-08-29 08:27:54'),
('b4d99052d4c913f08f3c510b560f39650262bec2af71f65c7bc1a5aca678def06b0bf648c92662fd', 87, 1, 'mobile', '[]', 0, '2019-08-08 20:55:00', '2019-08-08 20:55:00', '2020-08-08 13:55:00'),
('b4e41c2110dc2d028d156abf63327ddb13b9b11a235b8d44970227bd0f53f7c1edf80fb7cc4a88e6', 142, 1, 'mobile', '[]', 0, '2019-07-10 18:54:25', '2019-07-10 18:54:25', '2020-07-10 11:54:25'),
('b56342be17eb6b89e7f63252321cb153765698b7af767a24250dba59dfac454b6d6de034111d859a', 179, 1, 'mobile', '[]', 0, '2019-09-09 09:07:29', '2019-09-09 09:07:29', '2020-09-09 12:07:29'),
('b57cef7e025aa9940f8045ee0b9f2e9815a767d20b50e0e335e70e17ee6b0a698f31e50e36694124', 87, 1, 'mobile', '[]', 0, '2019-08-12 15:51:03', '2019-08-12 15:51:03', '2020-08-12 08:51:03'),
('b61caf1eae315f67acca5f7e0942b42aec2e8ed2720bce2f5a43f9b62cd41d524d015cf5d0c79e7e', 81, 1, 'mobile', '[]', 0, '2019-07-29 19:42:54', '2019-07-29 19:42:54', '2020-07-29 12:42:54'),
('b6a190af7015f5da9f68f57fa818fecc6ddb9e6c97ed90f4da317b3f7e1d412b8303003f185e0cbf', 84, 1, 'mobile', '[]', 0, '2019-06-02 19:13:25', '2019-06-02 19:13:25', '2020-06-02 12:13:25'),
('b78482b264ccfeea5c7d779cee1509c534b7162b4f2cdae2c7693dc2f20e8939a52952c12c84ae4c', 76, 1, 'mobile', '[]', 0, '2019-04-30 15:58:04', '2019-04-30 15:58:04', '2020-04-30 10:58:04'),
('b7b1b6b12bb1d0ba667662e8d0e922885f5d98e4873b9ede9a61eb2b74e6dcff0b39478e9f1d0925', 4, 1, 'mobile', '[]', 0, '2018-09-25 17:06:40', '2018-09-25 17:06:40', '2019-09-25 12:06:40'),
('b7dd4747d55eb031af4bef0d2427e6ba4bb9f1e02f15db3a56a8d5cb6370a23389ea7cba1126d07e', 14, 1, 'mobile', '[]', 0, '2018-09-25 14:42:40', '2018-09-25 14:42:40', '2019-09-25 09:42:40'),
('b7f286af59310770b038337848beea837b6a4eed4e99a8144b3365b2f57badecc6ae12a4d7c73bba', 7, 1, 'mobile', '[]', 0, '2018-08-26 13:14:59', '2018-08-26 13:14:59', '2019-08-26 08:14:59'),
('b8207accec1d7105b46eed814db13e1a1d3010f4ed6aa6267a6033662b326556e6dbb9d000c5a3af', 7, 1, 'mobile', '[]', 1, '2018-09-02 16:22:52', '2018-09-02 16:22:52', '2019-09-02 11:22:52'),
('b8786f51ca6c799593c5fdb2414a65407328655c8ddb7696a6f54b912747dd872e75b08cbc61d89a', 4, 1, 'mobile', '[]', 0, '2018-08-06 17:01:08', '2018-08-06 17:01:08', '2019-08-06 12:01:08'),
('b99ff5af47c31c2e0f0e2c750ac04f404ed9d5dec5fe59a663a65eecafa5271ecb9df3df723f3c13', 4, 1, 'mobile', '[]', 1, '2018-09-05 12:12:02', '2018-09-05 12:12:02', '2019-09-05 07:12:02'),
('bb2b083b7d001b11fbf66ac72835b3ca6bd08e869053b52cc9190b354b43a5328edede1991c24650', 100, 1, 'mobile', '[]', 0, '2019-06-23 22:12:50', '2019-06-23 22:12:50', '2020-06-23 15:12:50'),
('bb6489d34cc2c4a7c517f9c90af15f1d90e470b20ee26c1aec58f9b1411fdd09c4b02351fe0c18cd', 181, 1, 'mobile', '[]', 0, '2019-09-09 06:29:11', '2019-09-09 06:29:11', '2020-09-09 09:29:11'),
('bb72cef3910e224ae3df4c373531cd516c3e780482dd0f7f19ec86a79628b68fdc8b491d0f2fb39b', 107, 1, 'mobile', '[]', 0, '2019-07-11 18:55:18', '2019-07-11 18:55:18', '2020-07-11 11:55:18'),
('bbd2c8a7659c64b3c04d17a5e8538173752ecee1c105eaeda908d828fa814343d0177d27a2388b72', 87, 1, 'mobile', '[]', 0, '2019-08-12 21:14:41', '2019-08-12 21:14:41', '2020-08-12 14:14:41'),
('bbdeca07f2e5ba238095ca724d8c8c089c16bb7e3797999f1084793aae776e8e9d9249301941d11a', 61, 1, 'mobile', '[]', 0, '2019-04-22 15:39:36', '2019-04-22 15:39:36', '2020-04-22 10:39:36'),
('bc05f93aad43e33e5f393c6f9a5996cdaf307cc682740d653e5018ed1aa838aa19bf03ac3a5c41d6', 20, 1, 'mobile', '[]', 0, '2019-04-02 06:01:08', '2019-04-02 06:01:08', '2020-04-02 09:01:08'),
('bc38f6bf0e7400580730d49f906d571897fc8a1251b5b6b53707e974b06df394da8cc94e4bfce630', 107, 1, 'mobile', '[]', 0, '2019-07-11 19:09:23', '2019-07-11 19:09:23', '2020-07-11 12:09:23'),
('bc760120cee782ee07901ba3571f74fda8f16ac6f6935c3675e58d2b7dd7ed9349b9d5e69891b07d', 8, 1, 'mobile', '[]', 0, '2018-08-26 18:52:04', '2018-08-26 18:52:04', '2019-08-26 13:52:04'),
('bc9c31de75dbe2607838f6a136a1e6b1a93194f4511186c676ba091265b5d49b7f1e0c15c99469e9', 8, 1, 'mobile', '[]', 0, '2018-09-25 14:47:39', '2018-09-25 14:47:39', '2019-09-25 09:47:39'),
('bd3504abf9d9dad5738b16466bcfad4b6fb1f410ae6a99e3cdf3e59b0a3a93f910849b23d88d0786', 4, 1, 'mobile', '[]', 0, '2018-08-06 17:20:52', '2018-08-06 17:20:52', '2019-08-06 12:20:52'),
('bd84ad6f105451f0cfeb7747f60417aedb1cf0848cc5e507deb7ed1d93d78a5c80463c51da122408', 82, 1, 'mobile', '[]', 0, '2019-06-20 17:04:46', '2019-06-20 17:04:46', '2020-06-20 10:04:46'),
('bd95dc3417f8f31a0396be31f8907ab1d4427fae4d17011e435725cec7a9dcd0f5ac75db6c9cae4a', 99, 1, 'mobile', '[]', 0, '2019-06-19 17:42:53', '2019-06-19 17:42:53', '2020-06-19 10:42:53'),
('bdc529c98a5190b4e5e3f385ab114f461d5d1a6a9a8767f325202d90e42c336ed3f23f44e6fe5c69', 100, 1, 'mobile', '[]', 0, '2019-07-14 17:52:34', '2019-07-14 17:52:34', '2020-07-14 10:52:34'),
('bdd555119aab34afacc55e58241d6ecd9c58b4d4938ceb2a1f55eca19e814b19ce796b51ac072a23', 5, 1, 'mobile', '[]', 0, '2018-09-18 16:45:49', '2018-09-18 16:45:49', '2019-09-18 11:45:49'),
('bdd8f4b230b946ecc0fbaea2c40ae97a3c32e76008b4ca3f5b43aaec072fdd12e6db37e4da8bef04', 9, 1, 'mobile', '[]', 1, '2018-09-03 14:04:45', '2018-09-03 14:04:45', '2019-09-03 09:04:45'),
('bde7736288340dfbc4f9f0860441824ac6f8209c8ace1fb1976c38f98b2be1b4b6daa78a438e2640', 8, 1, 'mobile', '[]', 0, '2018-09-19 10:53:27', '2018-09-19 10:53:27', '2019-09-19 05:53:27'),
('bde92bbf3c1f5a6286beec79a2353b67751bf044f1ce18dfa4cb345a4c74f6800029500bab95d91e', 87, 1, 'mobile', '[]', 0, '2019-08-12 19:18:12', '2019-08-12 19:18:12', '2020-08-12 12:18:12'),
('bdff31ea162ebc648f32914fdbe37c90d88e22c45e3fced8e416ab8856f87ca923d160cc73e8a0d2', 5, 1, 'mobile', '[]', 1, '2018-08-29 11:37:44', '2018-08-29 11:37:44', '2019-08-29 06:37:44'),
('be5da16334f865388788d45907275b113e74d9869877a40c3307905706582be10d205edee80aa17a', 140, 1, 'mobile', '[]', 0, '2019-07-08 19:47:29', '2019-07-08 19:47:29', '2020-07-08 12:47:29'),
('be641c4cdc5ed3d78d8b887237a9dedd1d41bac1c49259272ab9a5ed1dfea107bca70f95570de9ba', 87, 1, 'mobile', '[]', 0, '2019-08-08 23:02:12', '2019-08-08 23:02:12', '2020-08-08 16:02:12'),
('bf4fb454054d258640385eaf6f9d47f47ca9b5833cc749d77e7bb38656116c7acd840f3416d42d4f', 11, 1, 'mobile', '[]', 0, '2018-09-05 13:23:41', '2018-09-05 13:23:41', '2019-09-05 08:23:41'),
('bfb5584238deb4a9ad0ae76d2ad344cdd2467c8089a5cb57cddd18a31d7190255cccd4c843ff7bc4', 81, 1, 'mobile', '[]', 0, '2019-07-30 21:36:28', '2019-07-30 21:36:28', '2020-07-30 14:36:28'),
('c1c91376abf5d42fd880de66c0f4bd273eae8b9165b378215d26f4b2ea73917e01887efb6502d837', 84, 1, 'mobile', '[]', 0, '2019-06-09 16:01:37', '2019-06-09 16:01:37', '2020-06-09 09:01:37'),
('c211c2f27becfff68d363a4de13368ebfb575d1f4af54fb6382ba0b9452e902adbd3256cc58778b1', 4, 1, 'mobile', '[]', 1, '2018-08-07 15:16:45', '2018-08-07 15:16:45', '2019-08-07 10:16:45'),
('c27b71bc07df943e56d8b634c73e7cbaf10a24a23b72a6975f670ab1bab71df7fe9bd2dda37a8702', 58, 1, 'mobile', '[]', 0, '2019-04-21 15:01:26', '2019-04-21 15:01:26', '2020-04-21 10:01:26'),
('c2e4307edbe6dd0cbe35a2065812b5f460c1c5378ce19ca5a547eab84d3662ae5aa9586b54857a77', 82, 1, 'mobile', '[]', 0, '2019-06-12 16:35:41', '2019-06-12 16:35:41', '2020-06-12 09:35:41'),
('c337494da22ea292904a88e81b962a1259d0920a991ab93855aee58c3b4276635c7eb250c0e3d88e', 82, 1, 'mobile', '[]', 0, '2019-05-30 21:07:05', '2019-05-30 21:07:05', '2020-05-30 14:07:05'),
('c3a56b391077a5c0db9621fdc648964d096408e16e3901030019186c40672d242d886423ce3bbb69', 8, 1, 'mobile', '[]', 0, '2018-09-19 10:50:54', '2018-09-19 10:50:54', '2019-09-19 05:50:54'),
('c3d45c52cba79907fea9898bf59cd6bb8b83527cbb699a156ab81ce964ba98406fa29ce02b29d255', 12, 1, 'mobile', '[]', 0, '2018-09-25 18:58:09', '2018-09-25 18:58:09', '2019-09-25 13:58:09'),
('c4160b23ed5e59e553fbe23b83b183658abf6ffccb1406cffc91503bc97117df8b45bf750b462e60', 2, 1, 'mobile', '[]', 0, '2018-08-13 11:23:13', '2018-08-13 11:23:13', '2019-08-13 06:23:13'),
('c42df7fbe77e98a0205e59e3be81c61a87d9ade330122e5d9768aa0a5024a69495a55bb5d524bc3d', 4, 1, 'mobile', '[]', 1, '2018-09-27 12:41:57', '2018-09-27 12:41:57', '2019-09-27 07:41:57'),
('c457c34606d55793b7b847d24ad68c75804be7f9f2dc23153c27f098c92f5bbe5f070e44ea2a6070', 2, 1, 'mobile', '[]', 0, '2018-07-26 13:12:23', '2018-07-26 13:12:23', '2019-07-26 08:12:23'),
('c49a2992119163499c0c9b5d4515f8e15100dae8443331eb625fedb7274be8a57a8525536acfe985', 120, 1, 'mobile', '[]', 0, '2019-06-30 18:12:33', '2019-06-30 18:12:33', '2020-06-30 11:12:33'),
('c4fb5a662937161a107cdb5d44ad3d2d64080d299efd25d6726195c77dc7d280700c3de4fb4e3ff4', 81, 1, 'mobile', '[]', 0, '2019-07-30 21:41:16', '2019-07-30 21:41:16', '2020-07-30 14:41:16'),
('c52794ba8ff608dda33bc7e68e56b2176b593d991c67660e4bbd5dccd6e2074ceba705ef521efda7', 4, 1, 'mobile', '[]', 0, '2018-09-02 11:31:31', '2018-09-02 11:31:31', '2019-09-02 06:31:31'),
('c55276f262cdbca9c9fc8caebc7e7453246fd6ec744c3e9750896f58dd170010703e6fd2afd15af3', 87, 1, 'mobile', '[]', 0, '2019-08-12 20:25:22', '2019-08-12 20:25:22', '2020-08-12 13:25:22'),
('c58f84a5f65f636ec91f3d846de2608336625004c8bdab08568df4597d7b456abde92cceabbdef6a', 107, 1, 'mobile', '[]', 0, '2019-06-23 18:33:52', '2019-06-23 18:33:52', '2020-06-23 11:33:52'),
('c5c96e52d74e347d2acb424c833d1672b2429a5e0ef76c2c312ae87fcdb48fde3f5eb1454fad0aa5', 5, 1, 'mobile', '[]', 1, '2018-08-13 16:47:40', '2018-08-13 16:47:40', '2019-08-13 11:47:40'),
('c60ace56a090bd8308df2f5646903463ee474204e9a91c718677a7ce628031466303f4c96c0346bb', 7, 1, 'mobile', '[]', 0, '2018-09-06 12:52:26', '2018-09-06 12:52:26', '2019-09-06 07:52:26'),
('c6a8c62b150c6a5bf6554ee9180fd29152ca047db492df37a74c1c175aedaf4317193cdcfe6e476a', 84, 1, 'mobile', '[]', 0, '2019-06-10 17:31:25', '2019-06-10 17:31:25', '2020-06-10 10:31:25'),
('c6cae9588557ba5a5428e40b27e14f1cc6c97e50b8adeddbac13bd40c5dffa826272634c395ed56b', 101, 1, 'mobile', '[]', 0, '2019-06-19 19:48:18', '2019-06-19 19:48:18', '2020-06-19 12:48:18'),
('c70f18a6fb4f06ff073fe36ccf5b12a1efe0a4d68e343a372ff9f2bd9051027c98e5f4092864d85a', 107, 1, 'mobile', '[]', 0, '2019-06-19 23:34:57', '2019-06-19 23:34:57', '2020-06-19 16:34:57'),
('c78bd41496bf5ef98efbbc4cf38457b51c7ffca500096764e67402bd8fb9a20e333a65f37af81125', 4, 1, 'mobile', '[]', 1, '2018-08-19 14:36:47', '2018-08-19 14:36:47', '2019-08-19 09:36:47'),
('c78ee48124f5bd7aa3ea7eb2e5794d81edffdaa7cd1e6cc363eda5c9844cb78559335462873d0884', 4, 1, 'mobile', '[]', 1, '2018-09-03 12:29:19', '2018-09-03 12:29:19', '2019-09-03 07:29:19'),
('c837f2f1070ac6a177385024bca8b8f1fc7429b9f093341a55c75a24ab721caf37bb8ad26a5e9f9c', 7, 1, 'mobile', '[]', 0, '2018-08-28 16:52:40', '2018-08-28 16:52:40', '2019-08-28 11:52:40'),
('c933808c51fe0f967b287dbc290087a2ec6501c3c74b12ca591463138a4e0c708f512efa2f4f304c', 84, 1, 'mobile', '[]', 0, '2019-06-02 18:14:36', '2019-06-02 18:14:36', '2020-06-02 11:14:36'),
('c982f52225485df118779a28453addc9a2f2d92565c63c1ef4242b7b471f1ac56db4c1801e9b8488', 8, 1, 'mobile', '[]', 1, '2018-09-25 18:19:52', '2018-09-25 18:19:52', '2019-09-25 13:19:52'),
('c9f3c90f9071a4160e66a43e4779e225182273dda995b6ebc1ce22b2f703104855856b9acd3825e1', 81, 1, 'mobile', '[]', 0, '2019-08-08 17:21:58', '2019-08-08 17:21:58', '2020-08-08 10:21:58'),
('ca615aec14cc0cb3820392def6193c0536f55b31982b054cb13b89a8102a520abcdb8488ddc3d771', 81, 1, 'mobile', '[]', 0, '2019-08-07 19:38:26', '2019-08-07 19:38:26', '2020-08-07 12:38:26'),
('ca8f9099cd22349c58270d2cf4eb930cf597165ef9b6afb1bb18a11eb4ab19f613c693de4403ac4e', 4, 1, 'mobile', '[]', 1, '2018-08-29 12:47:15', '2018-08-29 12:47:15', '2019-08-29 07:47:15'),
('ca943a2b8a06110ee8d84d86c73b452a3c04fc0298e94dbad1f4ccde5d4d930af164ac31206b8928', 87, 1, 'mobile', '[]', 0, '2019-06-30 21:53:00', '2019-06-30 21:53:00', '2020-06-30 14:53:00'),
('caeaa4a73047b192ab7cf65b0ca3370e18fa6a087201ab3ef12e61b07669d47daa08353eab90c681', 8, 1, 'mobile', '[]', 1, '2018-09-26 11:32:02', '2018-09-26 11:32:02', '2019-09-26 06:32:02'),
('cb1ef0652ec6ff820d62275c3c1e5ae4120163dbce2ba29e2528ca345db92b05476e1b78cf5d467a', 9, 1, 'mobile', '[]', 0, '2018-09-03 14:04:00', '2018-09-03 14:04:00', '2019-09-03 09:04:00'),
('cbe690d2b742593bac4559d24778bb2366ab5ff1aefb111af630d2f857e5ca7a8859d4ed0f4c8ba4', 57, 1, 'mobile', '[]', 0, '2019-04-21 02:50:08', '2019-04-21 02:50:08', '2020-04-20 21:50:08'),
('cc191e980ffbe5cf4f418e6851cb4841947dd841b05f871aa58cf693e9e326e7db14539c2e2a5968', 85, 1, 'mobile', '[]', 0, '2019-06-03 18:56:40', '2019-06-03 18:56:40', '2020-06-03 11:56:40'),
('ccb16021c31f09e852f480d6aa97c0ebc25070178f80bba2bb15fdf12c9397b8abeeeef0e1c0ddc7', 12, 1, 'mobile', '[]', 1, '2018-09-19 12:05:45', '2018-09-19 12:05:45', '2019-09-19 07:05:45'),
('ccd87a5a5ee9fccdb70525cc057c549c76733dfb745dcb159f43fd6fe354a3a0bb234912538ffda4', 14, 1, 'mobile', '[]', 0, '2018-09-25 16:31:28', '2018-09-25 16:31:28', '2019-09-25 11:31:28'),
('cd05ebc8c4f7f8f0dbc15265e356cffdb9a942286293ed731ba4f889b00514751c376ceebb27266d', 110, 1, 'mobile', '[]', 0, '2019-06-26 23:16:15', '2019-06-26 23:16:15', '2020-06-26 16:16:15'),
('cd0dc58cbe8391c65960aba6c7da37749b3af8a5eabe9c4a84429cac964c2519bb0c757dff8d4e4f', 87, 1, 'mobile', '[]', 0, '2019-08-08 22:28:41', '2019-08-08 22:28:41', '2020-08-08 15:28:41'),
('cd8f89e39a11bfc07e7399e0d1dfa1735a49f7cc7f0d7af9b536e5265a4210021b31f98514eaba3a', 87, 1, 'mobile', '[]', 0, '2019-06-20 18:56:43', '2019-06-20 18:56:43', '2020-06-20 11:56:43'),
('cdff004b22c9f54b215d48e4bc8c626b6d4f1d2c60a8ff9b4dd2dbedbed406f8fa5451cf8c37c3af', 100, 1, 'mobile', '[]', 0, '2019-07-14 19:43:40', '2019-07-14 19:43:40', '2020-07-14 12:43:40'),
('ce5fb74348f967b078af0e2c7276568a784659d03722a2dda1ce8451db2a47202f27a8e897cca893', 84, 1, 'mobile', '[]', 0, '2019-06-12 16:10:39', '2019-06-12 16:10:39', '2020-06-12 09:10:39'),
('cead7a0d8f69427f8b5e99c3df585968f818c31b199caf387fa8fac234160d6bd322090fb51611cb', 87, 1, 'mobile', '[]', 0, '2019-08-12 02:26:34', '2019-08-12 02:26:34', '2020-08-11 19:26:34'),
('cf182d9baed905163f7cfc345c17ae147b3a6d3ca118b3577e39602eac305cd4bd2d1ba6054cf8f5', 138, 1, 'mobile', '[]', 0, '2019-06-30 20:13:11', '2019-06-30 20:13:11', '2020-06-30 13:13:11'),
('d04045f2ce4509013a62f5ab2b55121f557a644824bbd5029a94a9296521108cecbe32eac264b54a', 84, 1, 'mobile', '[]', 0, '2019-06-03 21:02:11', '2019-06-03 21:02:11', '2020-06-03 14:02:11'),
('d16512b937155ff554b8d4ba0a9352ec4de3d0ad8f0f47f3b42fef6a1bb48b5dbd06cf9da95411a6', 75, 1, 'mobile', '[]', 0, '2019-04-29 03:34:49', '2019-04-29 03:34:49', '2020-04-28 22:34:49');
INSERT INTO `oauth_access_tokens` (`id`, `user_id`, `client_id`, `name`, `scopes`, `revoked`, `created_at`, `updated_at`, `expires_at`) VALUES
('d222fec62123c3f60f00adfb41186304cfb5f47cf1382c0f7b8f760177ec6969bb744f5dcbc00307', 5, 1, 'mobile', '[]', 1, '2018-09-19 11:27:24', '2018-09-19 11:27:24', '2019-09-19 06:27:24'),
('d22d563c65f2fe9b1631cc96245d7e749ad86b749f1aec2963f4007e1d3ab20cc5d8013696352fac', 136, 1, 'mobile', '[]', 0, '2019-06-30 20:01:00', '2019-06-30 20:01:00', '2020-06-30 13:01:00'),
('d3b7f34e50f2b98b7d440ac9c5fb3bf69cf348368be6f5f16116812f2cf67d12a09596bbbcb3d748', 2, 1, 'mobile', '[]', 0, '2018-08-12 15:15:35', '2018-08-12 15:15:35', '2019-08-12 10:15:35'),
('d409c1c050f162ceac8be8503ede6fc68f019587cecfd157258cf983b08a677f32c897d1636bd5fb', 84, 1, 'mobile', '[]', 0, '2019-06-13 22:34:28', '2019-06-13 22:34:28', '2020-06-13 15:34:28'),
('d427ed076a78f47fcd22c566cf717d32c64c96a891575f50b83c639d9a86bce4013d68193429dc6d', 7, 1, 'mobile', '[]', 0, '2018-08-26 13:14:47', '2018-08-26 13:14:47', '2019-08-26 08:14:47'),
('d5732a84bf9d18cd93c4b6f246dead5dc4e8bb974c9de0ce39f86f7d852e58cbe8da5ab9835c09c3', 16, 1, 'mobile', '[]', 1, '2019-03-25 10:13:28', '2019-03-25 10:13:28', '2020-03-25 12:13:28'),
('d5c263d2aac29a2fdc1e1f9baf0764a2c75f7b38ac11e0869aec875fff8fc6e2a568fd3de76b7be3', 100, 1, 'mobile', '[]', 0, '2019-06-26 22:47:39', '2019-06-26 22:47:39', '2020-06-26 15:47:39'),
('d5cc3246249b24ba7b622b02b787ce036fe8c8897b3346647c10b793df69bfd207f3a564c63eed71', 82, 1, 'mobile', '[]', 0, '2019-06-10 22:23:13', '2019-06-10 22:23:13', '2020-06-10 15:23:13'),
('d686a864a89ddde201f998ba2c6ead702411cf115418fb881ed92f596b3536add3a4ab08d68f4514', 8, 1, 'mobile', '[]', 1, '2018-09-19 18:15:55', '2018-09-19 18:15:55', '2019-09-19 13:15:55'),
('d6f43d72fbbc6c5946a8f6ec0739d4f95468e9fdf0504cb659c856853317faef9a0427c23b686d75', 4, 1, 'mobile', '[]', 1, '2018-09-02 11:33:08', '2018-09-02 11:33:08', '2019-09-02 06:33:08'),
('d715e4a54d2ba35d7afb58ec6d20fde97e293e5bab823badb116d549fbf865751e745e754f1938b7', 12, 1, 'mobile', '[]', 1, '2018-09-19 11:08:20', '2018-09-19 11:08:20', '2019-09-19 06:08:20'),
('d731ce0963c0fa755cf28873c0a855a7b3085b57f378df0234dbdf8b71abdb8e6fc7af92bf60409e', 5, 1, 'mobile', '[]', 0, '2018-08-30 15:52:28', '2018-08-30 15:52:28', '2019-08-30 10:52:28'),
('d76714564963af1b9b30910f20d26e77399d31545aa95d9c2342704f6f0e734e9343d6810c005e9a', 149, 1, 'mobile', '[]', 0, '2019-07-12 05:18:29', '2019-07-12 05:18:29', '2020-07-11 22:18:29'),
('d7e71cc6c4b7081b695e27865e9181844e0a6f654edb4fe31ea593e8df98a1667ff9999a3f68fa59', 8, 1, 'mobile', '[]', 0, '2018-09-25 14:47:04', '2018-09-25 14:47:04', '2019-09-25 09:47:04'),
('da592519939d4d58b41acade6fd1d04ae6b3ef7f64e6d5281accbee4431fe99523c1303dae605a1a', 100, 1, 'mobile', '[]', 0, '2019-07-10 21:49:46', '2019-07-10 21:49:46', '2020-07-10 14:49:46'),
('db0b1c6408460dc06f8d14ca65a2b6187ffd9f3d6a573570af8a3ee5a9ecf47ebdaa23840ed78f5d', 135, 1, 'mobile', '[]', 0, '2019-06-30 19:47:58', '2019-06-30 19:47:58', '2020-06-30 12:47:58'),
('db44034879d611a8fe523fede6cf859dddfd12c6e4b0f2beafaf21c48dc4eb00f39d7896075d677c', 100, 1, 'mobile', '[]', 0, '2019-06-30 22:05:00', '2019-06-30 22:05:00', '2020-06-30 15:05:00'),
('dc01f0a221b2ba5bf38a2ceae86d9d54541f940e67f15b3d08c6cc1967b8200094e3184b85d5eed2', 179, 1, 'mobile', '[]', 0, '2019-09-05 17:44:58', '2019-09-05 17:44:58', '2020-09-05 20:44:58'),
('dc328788e692582a7953fa589675a8f10cf183a762b4083dc948e0ed0afca00d0b1db45821bfacd5', 100, 1, 'mobile', '[]', 0, '2019-07-10 22:21:31', '2019-07-10 22:21:31', '2020-07-10 15:21:31'),
('dc5124b37c77efb342b7ec62cb0e95e95bc2467ea0788ec371b8836d3d2b5b0c1a53a36c010c39a0', 87, 1, 'mobile', '[]', 0, '2019-08-12 15:25:11', '2019-08-12 15:25:11', '2020-08-12 08:25:11'),
('dcf635c4b408e9e04e89f3683e5c696081329ad53a65bece23d6f2c3398ec1e728980159404c774b', 107, 1, 'mobile', '[]', 0, '2019-07-10 21:42:38', '2019-07-10 21:42:38', '2020-07-10 14:42:38'),
('dd37f804509a5e0f5332a59818cf2726e0c7a220ce4523c49d3602f8417def70f0c43c6c60117225', 19, 1, 'mobile', '[]', 0, '2019-03-25 09:50:51', '2019-03-25 09:50:51', '2020-03-25 11:50:51'),
('dd998ec62c2636ae24c8ac03a4453eace06a5402142fb35d55b9e9d1297680410a613052daaf0e90', 100, 1, 'mobile', '[]', 0, '2019-07-10 22:58:42', '2019-07-10 22:58:42', '2020-07-10 15:58:42'),
('ddac813871b0d1c8bd37c1bbb9d87716d0c0aaba02156ea7e93eb60b93dd7f160a05267a09cde29c', 56, 1, 'mobile', '[]', 0, '2019-04-17 20:53:02', '2019-04-17 20:53:02', '2020-04-17 15:53:02'),
('de29eb9618760ed88c9ff0dd624ccc9680b354fd4e4db8c79cf14a15fa25006c326d0a98b41fa9db', 8, 1, 'mobile', '[]', 1, '2018-09-27 12:02:12', '2018-09-27 12:02:12', '2019-09-27 07:02:12'),
('e00207ae63783b3bc2f9c0ef15d066b1c7246cc0c62e1d67c3a000f2926132d362490402687e4aed', 12, 1, 'mobile', '[]', 1, '2018-09-19 17:33:53', '2018-09-19 17:33:53', '2019-09-19 12:33:53'),
('e0407e94c0f1aaa31489f0c38346c8306e6605c97d3e618f0e30e55a04e43c9a9ba2829546f707d0', 148, 1, 'mobile', '[]', 0, '2019-07-12 04:58:56', '2019-07-12 04:58:56', '2020-07-11 21:58:56'),
('e079e5bffb10a825ff3c6b68933abd41e7cc1e4460b0ebbba9ddce76ec83bdde96438e222112b60b', 4, 1, 'mobile', '[]', 0, '2018-09-06 12:52:14', '2018-09-06 12:52:14', '2019-09-06 07:52:14'),
('e0b0ae07b4f6e04f0fb37087770b5e40ebfe303f975db1533a7e0cae78622b728a8a050753f4095d', 84, 1, 'mobile', '[]', 0, '2019-06-19 19:23:47', '2019-06-19 19:23:47', '2020-06-19 12:23:47'),
('e0cae496b93b570bc378a190ed3cb3c487e539b8114c5222a568d4e6112c11a96a07bc062c16ade1', 9, 1, 'mobile', '[]', 1, '2018-09-03 13:43:17', '2018-09-03 13:43:17', '2019-09-03 08:43:17'),
('e2b84884f59bd5b83daed7562fb1cfcb015957b76a9bd894218c88bc56dc7d3adc7cb1ef884ee509', 87, 1, 'mobile', '[]', 0, '2019-08-08 20:51:14', '2019-08-08 20:51:14', '2020-08-08 13:51:14'),
('e2dcb9852e040b314253a709c28e8056c46c4fa6eea05d5fb80d520e081e7d0947fdfa239b0b75ef', 87, 1, 'mobile', '[]', 0, '2019-06-20 23:14:02', '2019-06-20 23:14:02', '2020-06-20 16:14:02'),
('e343be8f54ff040610a0f90413c7733d88f4f01fbe59debbddd20fa683d3cfdd43acd2af9b52e947', 100, 1, 'mobile', '[]', 0, '2019-06-19 20:00:05', '2019-06-19 20:00:05', '2020-06-19 13:00:05'),
('e39b3ec2c875e25a4a54379d66e78875416782249fb755c7b1ed2da281405a06a97789ed69891c83', 4, 1, 'mobile', '[]', 1, '2018-08-09 17:47:53', '2018-08-09 17:47:53', '2019-08-09 12:47:53'),
('e40e527b12b7f6f7f5e2d503fe8074232ad53eccabbc8c4569f4a92d6d09b37a689a774c4d782d66', 87, 1, 'mobile', '[]', 0, '2019-08-12 16:34:02', '2019-08-12 16:34:02', '2020-08-12 09:34:02'),
('e504eab1d7a29352da60da2e580556d7d4d12381d583b7d86263bfc89dd55dff0e86e0b45abe5754', 87, 1, 'mobile', '[]', 0, '2019-08-08 22:42:15', '2019-08-08 22:42:15', '2020-08-08 15:42:15'),
('e52d73cf2fe39d4a7c747754e8c8b69a01e1e3111b9cb1205e2bd487a252e3b411e619c65d51c94f', 4, 1, 'mobile', '[]', 1, '2018-09-26 12:35:52', '2018-09-26 12:35:52', '2019-09-26 07:35:52'),
('e5cb1c56601abbdf12207516524d43c7d9f12942c51f3c9e37dd435a801df8874ccb75d01de2c314', 5, 1, 'mobile', '[]', 1, '2018-08-30 15:33:57', '2018-08-30 15:33:57', '2019-08-30 10:33:57'),
('e5dfd2d33e3792dfc8c5d5ae39c6c7ffb4eee31c2abfa6b5bdb1d05442ff9c35ed18123cf97e5068', 14, 1, 'mobile', '[]', 0, '2018-09-25 14:42:56', '2018-09-25 14:42:56', '2019-09-25 09:42:56'),
('e60f1e07fffbdaa4244d02b9d124d7288c732e47dfa2498f48a8053a19690bf43319f50667cb7679', 63, 1, 'mobile', '[]', 0, '2019-04-25 17:23:34', '2019-04-25 17:23:34', '2020-04-25 12:23:34'),
('e64c8cf54eb06013c44440736c66501e641df5d6ed485c901e500e74074f6f927425c86599570c84', 4, 1, 'mobile', '[]', 0, '2018-09-27 12:36:48', '2018-09-27 12:36:48', '2019-09-27 07:36:48'),
('e6a26f07c171f00b9220b7e4900c3411ad9e009daad875fa95ca0740e78ea9f8c729750361ab3309', 141, 1, 'mobile', '[]', 0, '2019-07-10 07:20:56', '2019-07-10 07:20:56', '2020-07-10 00:20:56'),
('e75d4a94398a10b278119cd595f4a1e57f53109fb220a9a5b05b257b74d928a79ec183131f305a6a', 8, 1, 'mobile', '[]', 1, '2018-08-26 16:03:35', '2018-08-26 16:03:35', '2019-08-26 11:03:35'),
('e76e3a079e811b92c30803d905be076b980e94d885cd6c164ff59f615f0f6294bc09154c78f00d83', 6, 1, 'mobile', '[]', 0, '2018-08-19 15:04:05', '2018-08-19 15:04:05', '2019-08-19 10:04:05'),
('e7ad3453e3ebe1f01ed1f608a2edbd125cbca6887356f6c1672814534ac8e6c1dc77d639b548c355', 59, 1, 'mobile', '[]', 0, '2019-04-22 15:38:37', '2019-04-22 15:38:37', '2020-04-22 10:38:37'),
('e806e7374f34bbfa82a6960fa11006a293d2c7918b2395450b0f3d6d7583b8bbaf1625ca49c6b985', 142, 1, 'mobile', '[]', 0, '2019-07-10 19:05:37', '2019-07-10 19:05:37', '2020-07-10 12:05:37'),
('e8a3ea9f43bd587e223514a1708e2fc13ba94f226bbe40a486d8447ac48c3a351aa9c7d971783e5b', 111, 1, 'mobile', '[]', 0, '2019-06-26 22:07:30', '2019-06-26 22:07:30', '2020-06-26 15:07:30'),
('e90b3e50b2bd97542e411cd4ca5d6b35e7b230ca56ee183a1ca796e591afe79d1ae89b4f0e1ef44b', 8, 1, 'mobile', '[]', 1, '2018-09-25 19:06:53', '2018-09-25 19:06:53', '2019-09-25 14:06:53'),
('e94861d3b6a6c1b7dd76819fe0aa41069ac12859568f3c165733186959e0ffbdcee9554d563f565d', 59, 1, 'mobile', '[]', 0, '2019-04-21 15:37:19', '2019-04-21 15:37:19', '2020-04-21 10:37:19'),
('e9948e8b7c6ba3eba4bce2613d4b796808374d0b979f593fb6e0d43a4e8ca79e207bf5ed008d3c15', 87, 1, 'mobile', '[]', 0, '2019-07-14 19:40:08', '2019-07-14 19:40:08', '2020-07-14 12:40:08'),
('ea58f24e469533785b9578b6de998819285e749e00b4e25ce20f5272dd22df98ec677fbb388e6e43', 124, 1, 'mobile', '[]', 0, '2019-06-30 18:22:30', '2019-06-30 18:22:30', '2020-06-30 11:22:30'),
('ea73e90086a61676fa625a1c9396716c9ec40d11ce1c721c8a73fc1f9ae5c4617281d6d6504e74d0', 81, 1, 'mobile', '[]', 0, '2019-07-31 04:44:12', '2019-07-31 04:44:12', '2020-07-30 21:44:12'),
('ea7e26372ef3ca376b23c3a1ae17f48a103cd6506fceded30b777cc48881b97c1d04aa267d2d7d71', 4, 1, 'mobile', '[]', 1, '2018-08-13 16:49:02', '2018-08-13 16:49:02', '2019-08-13 11:49:02'),
('eb51f2a429324a540050b5e901082f3ced0d9c57fefe987497493c28301903263c2af6ac45ff75a2', 87, 1, 'mobile', '[]', 0, '2019-07-14 22:10:28', '2019-07-14 22:10:28', '2020-07-14 15:10:28'),
('ebebc66de444a3d2f762933ec137bc011ac1a3e094fa1008c7979f6adaaddb180d6b3882b2324366', 81, 1, 'mobile', '[]', 0, '2019-07-30 21:35:01', '2019-07-30 21:35:01', '2020-07-30 14:35:01'),
('ec0e01999a6608dde6f79c28b455e2f96275b599cd80d4c684840e09978de11f731edc3be2a2bc46', 81, 1, 'mobile', '[]', 0, '2019-07-31 04:37:58', '2019-07-31 04:37:58', '2020-07-30 21:37:58'),
('ed258ca3a4f9ce957aab96bb98cbf04f016c325c3e01add6d4be0565e90f169e9574a2e8f2a87fad', 8, 1, 'mobile', '[]', 0, '2018-09-25 14:54:52', '2018-09-25 14:54:52', '2019-09-25 09:54:52'),
('ed76640dd064097e63014e4286cd565194ae2d09419eb46edcab6d1b2c43069d9c2c5fb3148a9e15', 7, 1, 'mobile', '[]', 0, '2018-08-19 15:13:25', '2018-08-19 15:13:25', '2019-08-19 10:13:25'),
('ed77abb80809d99a3408b276c68c8a17212bdb91c72d694dc5a979b442f408567eef71990bb391df', 84, 1, 'mobile', '[]', 0, '2019-06-13 16:40:06', '2019-06-13 16:40:06', '2020-06-13 09:40:06'),
('ee6245cc990133a23a0e9ab69dce1002fbcb47951b1f1e8edd82e1c25216cc2342eb769b111b9ffc', 10, 1, 'mobile', '[]', 1, '2018-09-05 13:16:37', '2018-09-05 13:16:37', '2019-09-05 08:16:37'),
('ee71d094babb806412b95a3795c9a28076fc9df6de45db7198e8f7b778d0e6ce7fcf576e2c70c774', 87, 1, 'mobile', '[]', 0, '2019-08-08 22:14:16', '2019-08-08 22:14:16', '2020-08-08 15:14:16'),
('ee7f9bb8da57507ba023df377aa6ef7bf93290ef7ccb1dd7fe4c4bbbd0ff18f4ea878f26c6b4bd99', 84, 1, 'mobile', '[]', 0, '2019-06-12 16:35:59', '2019-06-12 16:35:59', '2020-06-12 09:35:59'),
('eeff4614a0ef9b4eeecefdd6973433a3a4f0b9f93272db506ad525b149db2e62d4f53f772625ffa6', 87, 1, 'mobile', '[]', 0, '2019-08-08 20:52:37', '2019-08-08 20:52:37', '2020-08-08 13:52:37'),
('ef8e8b9ec398a7200c9c154328cc6c1a3345d03130b1ec10cb3be10d60a2c9cd52fcc915b3c87720', 7, 1, 'mobile', '[]', 0, '2018-09-01 12:14:47', '2018-09-01 12:14:47', '2019-09-01 07:14:47'),
('efd03bff219dc0037569a0766915fc5ef71c3bc03c65c2d75ab4d76d4443c3f923effd9c63e3657c', 18, 1, 'mobile', '[]', 0, '2019-03-25 09:49:25', '2019-03-25 09:49:25', '2020-03-25 11:49:25'),
('effad2970807e4534e1a720e0a10abe06dc215914fd805c40bd348bb08c50bcbf6fe703599c0abcc', 7, 1, 'mobile', '[]', 0, '2018-08-26 10:31:56', '2018-08-26 10:31:56', '2019-08-26 05:31:56'),
('f037c85a1855a9dcdbe40791cac6cb2b4787df9d8fc4aeb41e723cb77f0f691291b6288afb472fa2', 4, 1, 'mobile', '[]', 0, '2018-08-28 15:09:16', '2018-08-28 15:09:16', '2019-08-28 10:09:16'),
('f045719c97f291e9f2bf8e9786dfea8cf5b54bd5b36750b22239e81f5e3464c4c102bed86d012a1f', 87, 1, 'mobile', '[]', 0, '2019-08-12 16:27:42', '2019-08-12 16:27:42', '2020-08-12 09:27:42'),
('f06b3662037d176e89b4dbe33f70e99f8cf39db9419e5fca7912840f14337f31138e4c6f48cf42e3', 7, 1, 'mobile', '[]', 0, '2018-08-26 13:05:57', '2018-08-26 13:05:57', '2019-08-26 08:05:57'),
('f1f0cb13ee83ae4847f4bf37fb611a6dfa1e682d7e0a6b5141c4fda9bf08ac74e6b79655909878bc', 80, 1, 'mobile', '[]', 0, '2019-05-02 08:46:27', '2019-05-02 08:46:27', '2020-05-02 11:46:27'),
('f1f0d59430326032069165fb690e2eed4b0512fe9a794b6997b87f1ededf160e07a0aacec4d865a4', 178, 1, 'mobile', '[]', 1, '2019-09-09 08:21:41', '2019-09-09 08:21:41', '2020-09-09 11:21:41'),
('f36c04f92c79671f206ef394a9715d03add046275084bd7aacda68bd9825851ec7aac7bfe4b597c7', 107, 1, 'mobile', '[]', 0, '2019-07-08 20:00:01', '2019-07-08 20:00:01', '2020-07-08 13:00:01'),
('f54ff7ccedfb4e6a9e14b58ca0e9962d11c01614d527707aabd0df0624e5bcc5ec17e71bb397cce6', 4, 1, 'mobile', '[]', 1, '2018-09-25 16:52:13', '2018-09-25 16:52:13', '2019-09-25 11:52:13'),
('f55d016b854c3728d69c35e7878ab14769fbc7583cc7f80bd7a3c09e1d1b729004386ec4f02a070f', 96, 1, 'mobile', '[]', 0, '2019-06-19 23:38:56', '2019-06-19 23:38:56', '2020-06-19 16:38:56'),
('f587df4ced0724b4f2ad76479af48e0a0fe860037915a387597c2f0efb1fbe7edaa88afb5df21fc6', 2, 1, 'mobile', '[]', 0, '2018-07-26 13:36:24', '2018-07-26 13:36:24', '2019-07-26 08:36:24'),
('f5e294a7b787dcf254b9b66bf1fbbc7c11a887048da12e21a2e491004b4440cf45ae0d13d40915a2', 81, 1, 'mobile', '[]', 0, '2019-07-29 23:59:10', '2019-07-29 23:59:10', '2020-07-29 16:59:10'),
('f5e6ddd898816f68b32127635ead999995ce40b944016dd6acbec336a9806516c90edeea2661b833', 100, 1, 'mobile', '[]', 0, '2019-06-30 22:31:40', '2019-06-30 22:31:40', '2020-06-30 15:31:40'),
('f610dfa922977572ff406e338462d722e875424c902e0afe6872cc8df6de6a21ed52b77c64e4e47f', 87, 1, 'mobile', '[]', 0, '2019-08-08 23:09:57', '2019-08-08 23:09:57', '2020-08-08 16:09:57'),
('f637103a1337379c53949943c82d61fac13696b2fed5cfa34fcf3b976fe28dca65b7ff884f73dece', 84, 1, 'mobile', '[]', 0, '2019-06-02 16:54:56', '2019-06-02 16:54:56', '2020-06-02 09:54:56'),
('f6cc4d9f82684fa80d8267c599ea3470a06ba4ab1ac50167ac9cf7f0bbed530ab88380c32866b906', 4, 1, 'mobile', '[]', 0, '2018-08-06 17:23:14', '2018-08-06 17:23:14', '2019-08-06 12:23:14'),
('f773f76ed3736b27c1b9e903c6b8162301d95deb9a139c42d6095596dd95e1e859d6f759bdba93e0', 15, 1, 'mobile', '[]', 1, '2018-09-25 13:20:32', '2018-09-25 13:20:32', '2019-09-25 08:20:32'),
('f7ba1c92000df84c2990add79a3885ca01efb8b13eaee5699e38624550110075236be1b7bd7c8fff', 144, 1, 'mobile', '[]', 0, '2019-07-10 16:02:19', '2019-07-10 16:02:19', '2020-07-10 09:02:19'),
('f7c321cf5a7f4e4aa3c27bb993db54ad62d63a7f05f1ceddb71bae9ff1e093662d11b54a0e491909', 8, 1, 'mobile', '[]', 1, '2018-08-30 16:02:36', '2018-08-30 16:02:36', '2019-08-30 11:02:36'),
('f80ec5cd728b995398e9cfbf6faa1ed396655661fc5fc8c27f519b8aa4875a2caf571f293552a50c', 4, 1, 'mobile', '[]', 1, '2018-09-22 12:36:02', '2018-09-22 12:36:02', '2019-09-22 07:36:02'),
('f85bc063d6829396850e8442d43ddd3983f746a253a7c5f70402600e80e92ffe6a711dfc310e5362', 5, 1, 'mobile', '[]', 1, '2018-08-26 15:51:17', '2018-08-26 15:51:17', '2019-08-26 10:51:17'),
('f87d1f59d5de5f39c229a9ed3bb54a28f68374a29f946f2e2898d05eaf8a58556c391db7a4e51626', 4, 1, 'mobile', '[]', 1, '2018-08-09 12:08:38', '2018-08-09 12:08:38', '2019-08-09 07:08:38'),
('f933d4b92103e7989a87aa6e426e57a935a43dc268a57661ecad5831a471550e13ee2fb0945f89a9', 81, 1, 'mobile', '[]', 0, '2019-07-27 02:27:37', '2019-07-27 02:27:37', '2020-07-26 19:27:37'),
('f956c1d9399c51bc5214dd39de7ad993368daf2618c5b6dfc7e53f42a909f3348a70073d07eb5af7', 8, 1, 'mobile', '[]', 0, '2018-09-25 14:48:00', '2018-09-25 14:48:00', '2019-09-25 09:48:00'),
('f9a70c4f1146b3daf0bffb894f34d71a780bb4d35b6033d0f86c0f0bfa6518f2ec80ac1f31a778f0', 8, 1, 'mobile', '[]', 1, '2018-08-26 16:09:44', '2018-08-26 16:09:44', '2019-08-26 11:09:44'),
('fa5f490362c5dc82ab51a21c631f9c1f3fbf77af624e26759c9b45c73938aeda2a239e0812dfedbe', 81, 1, 'mobile', '[]', 0, '2019-07-30 21:38:31', '2019-07-30 21:38:31', '2020-07-30 14:38:31'),
('fa8fabdd693da26db79a8284a50e3e1386b161e20c03131e9b1fffb4ce6cd4bacaea85119922a68f', 81, 1, 'mobile', '[]', 0, '2019-07-29 04:30:10', '2019-07-29 04:30:10', '2020-07-28 21:30:10'),
('fabbf1fbfe8e74b7de45821c70a6b55266f681747eb7ae13ec0c66f3aca822f1535291e4c20ca9ad', 4, 1, 'mobile', '[]', 0, '2018-09-02 11:11:31', '2018-09-02 11:11:31', '2019-09-02 06:11:31'),
('faddf240896685cae614917c41e31dc5582c55cc4afa2b03d603fce005107d6c1d2c0f92e9ddca09', 4, 1, 'mobile', '[]', 1, '2018-09-02 11:08:37', '2018-09-02 11:08:37', '2019-09-02 06:08:37'),
('fb611853fb26d14370f29375c612267f13ba6195214cb769e403f02b709f0c3f7ad78dca0ab726f6', 81, 1, 'mobile', '[]', 0, '2019-07-30 21:11:13', '2019-07-30 21:11:13', '2020-07-30 14:11:13'),
('fbc49a58121979478b821a6e49270510f57b98090dae31bb6be95deef325cd7688559ca5f7f3186a', 82, 1, 'mobile', '[]', 0, '2019-06-10 22:07:06', '2019-06-10 22:07:06', '2020-06-10 15:07:06'),
('fcaa89d4e1d815320880dfdf5a9e9d94fcf4a949aee6737bc1beb81258c317c5c69b39086ef72baa', 81, 1, 'mobile', '[]', 0, '2019-07-30 21:40:08', '2019-07-30 21:40:08', '2020-07-30 14:40:08'),
('fd1f5e483a51bbeec5a8888334706bdd82cc98398fc1a54043c6cc66ea6d80cbf03307fdbfce2b48', 81, 1, 'mobile', '[]', 0, '2019-07-29 20:25:04', '2019-07-29 20:25:04', '2020-07-29 13:25:04'),
('fd6350c760cbd0c80a6cac19d16ea34bccdda3d26aaa599a8b873e777db4ce9e017399e96f9980bf', 100, 1, 'mobile', '[]', 0, '2019-07-10 22:19:20', '2019-07-10 22:19:20', '2020-07-10 15:19:20'),
('fd6afd32c09a6f90193a93190f2bce53072fa11d22f216276bba8384380d86ef14c5bb26803743e1', 4, 1, 'mobile', '[]', 0, '2018-08-19 14:41:08', '2018-08-19 14:41:08', '2019-08-19 09:41:08'),
('fd94662a44d51146ddf8b852ed2413bf848063d521d11cdca2bd7949b1de1afc1ce17b8361f53aa1', 127, 1, 'mobile', '[]', 0, '2019-06-30 18:54:04', '2019-06-30 18:54:04', '2020-06-30 11:54:04'),
('fd982f84fe759b98cb396066c1b271d23a41edf010d2e026ff6a5311c217eb02e83f5fd0940daf25', 153, 1, 'mobile', '[]', 0, '2019-07-14 16:15:33', '2019-07-14 16:15:33', '2020-07-14 09:15:33'),
('fdc6777b9cf1879203e56bfceb0f16d37fbe2dc1f1e0add0066ac168451a6239f76aacc81f5b7bbc', 12, 1, 'mobile', '[]', 1, '2018-09-19 13:52:31', '2018-09-19 13:52:31', '2019-09-19 08:52:31'),
('fe19b78f62d48823fe3a398425ab71e6b4ce66bc406e6a93eee95973137807c92598f1f42b289d13', 98, 1, 'mobile', '[]', 0, '2019-06-19 17:39:57', '2019-06-19 17:39:57', '2020-06-19 10:39:57'),
('fe4ce785f7eb0ae3f6e1e7f3a0eb04dc057e86282857099479a425bd732c48341c890050b66d1be2', 118, 1, 'mobile', '[]', 0, '2019-06-30 18:02:13', '2019-06-30 18:02:13', '2020-06-30 11:02:13'),
('fe921dbf30c360ce0222d00e1174dbf1ee2135d8e657474c2c62692af219586a8e0dbb3cff203ef6', 4, 1, 'mobile', '[]', 1, '2018-08-06 17:07:51', '2018-08-06 17:07:51', '2019-08-06 12:07:51'),
('ff24bd3c4d6b08da45b9d160ec835899e3e99ea899a3066f5e7b5bc31091fc09ff4860653d43f410', 107, 1, 'mobile', '[]', 0, '2019-06-30 21:48:45', '2019-06-30 21:48:45', '2020-06-30 14:48:45'),
('ff266b76a0b1041c68a12046296599d8af863b59423daf62035be30a487e5bc4af72f49c5e71d30b', 110, 1, 'mobile', '[]', 0, '2019-06-26 03:46:48', '2019-06-26 03:46:48', '2020-06-25 20:46:48');

-- --------------------------------------------------------

--
-- بنية الجدول `oauth_auth_codes`
--

CREATE TABLE `oauth_auth_codes` (
  `id` varchar(100) COLLATE utf8mb4_unicode_ci NOT NULL,
  `user_id` int(11) NOT NULL,
  `client_id` int(11) NOT NULL,
  `scopes` text COLLATE utf8mb4_unicode_ci,
  `revoked` tinyint(1) NOT NULL,
  `expires_at` datetime DEFAULT NULL
) ENGINE=InnoDB DEFAULT CHARSET=utf8mb4 COLLATE=utf8mb4_unicode_ci;

-- --------------------------------------------------------

--
-- بنية الجدول `oauth_clients`
--

CREATE TABLE `oauth_clients` (
  `id` int(10) UNSIGNED NOT NULL,
  `user_id` int(11) DEFAULT NULL,
  `name` varchar(191) COLLATE utf8mb4_unicode_ci NOT NULL,
  `secret` varchar(100) COLLATE utf8mb4_unicode_ci NOT NULL,
  `redirect` text COLLATE utf8mb4_unicode_ci NOT NULL,
  `personal_access_client` tinyint(1) NOT NULL,
  `password_client` tinyint(1) NOT NULL,
  `revoked` tinyint(1) NOT NULL,
  `created_at` timestamp NULL DEFAULT NULL,
  `updated_at` timestamp NULL DEFAULT NULL
) ENGINE=InnoDB DEFAULT CHARSET=utf8mb4 COLLATE=utf8mb4_unicode_ci;

--
-- إرجاع أو استيراد بيانات الجدول `oauth_clients`
--

INSERT INTO `oauth_clients` (`id`, `user_id`, `name`, `secret`, `redirect`, `personal_access_client`, `password_client`, `revoked`, `created_at`, `updated_at`) VALUES
(1, NULL, 'Laravel Personal Access Client', 'b5R7r18pfp92zTbIeNbcAEUnUOKAFj4RF26OQBQ9', 'http://localhost', 1, 0, 0, '2018-04-04 05:12:13', '2018-04-04 05:12:13'),
(2, NULL, 'Laravel Password Grant Client', '8FeNSQNGX4ImJ1IScKBaEi1XzD76DFIifSRBjn9j', 'http://localhost', 0, 1, 0, '2018-04-04 05:12:13', '2018-04-04 05:12:13');

-- --------------------------------------------------------

--
-- بنية الجدول `oauth_personal_access_clients`
--

CREATE TABLE `oauth_personal_access_clients` (
  `id` int(10) UNSIGNED NOT NULL,
  `client_id` int(11) NOT NULL,
  `created_at` timestamp NULL DEFAULT NULL,
  `updated_at` timestamp NULL DEFAULT NULL
) ENGINE=InnoDB DEFAULT CHARSET=utf8mb4 COLLATE=utf8mb4_unicode_ci;

--
-- إرجاع أو استيراد بيانات الجدول `oauth_personal_access_clients`
--

INSERT INTO `oauth_personal_access_clients` (`id`, `client_id`, `created_at`, `updated_at`) VALUES
(1, 1, '2018-04-04 05:12:13', '2018-04-04 05:12:13');

-- --------------------------------------------------------

--
-- بنية الجدول `oauth_refresh_tokens`
--

CREATE TABLE `oauth_refresh_tokens` (
  `id` varchar(100) COLLATE utf8mb4_unicode_ci NOT NULL,
  `access_token_id` varchar(100) COLLATE utf8mb4_unicode_ci NOT NULL,
  `revoked` tinyint(1) NOT NULL,
  `expires_at` datetime DEFAULT NULL
) ENGINE=InnoDB DEFAULT CHARSET=utf8mb4 COLLATE=utf8mb4_unicode_ci;

-- --------------------------------------------------------

--
-- بنية الجدول `offices_aspect_expenses`
--

CREATE TABLE `offices_aspect_expenses` (
  `id` int(11) NOT NULL,
  `office_id` int(11) NOT NULL,
  `aspect_expense_id` int(11) NOT NULL,
  `status` enum('active','not_active') NOT NULL DEFAULT 'active',
  `created_at` timestamp NOT NULL DEFAULT CURRENT_TIMESTAMP,
  `updated_at` timestamp NULL DEFAULT NULL,
  `deleted_at` timestamp NULL DEFAULT NULL
) ENGINE=InnoDB DEFAULT CHARSET=latin1;

--
-- إرجاع أو استيراد بيانات الجدول `offices_aspect_expenses`
--

INSERT INTO `offices_aspect_expenses` (`id`, `office_id`, `aspect_expense_id`, `status`, `created_at`, `updated_at`, `deleted_at`) VALUES
(41, 176, 1, 'active', '2020-02-25 13:19:48', '2020-02-26 06:11:50', '2020-02-26 06:11:50'),
(42, 176, 2, 'active', '2020-02-25 13:19:48', '2020-02-26 06:11:50', '2020-02-26 06:11:50'),
(43, 176, 1, 'active', '2020-02-26 08:13:26', '2020-02-26 06:13:52', '2020-02-26 06:13:52'),
(44, 176, 1, 'active', '2020-02-26 08:13:52', NULL, NULL),
(45, 176, 3, 'active', '2020-02-26 08:13:52', NULL, NULL);

-- --------------------------------------------------------

--
-- بنية الجدول `offices_consultations`
--

CREATE TABLE `offices_consultations` (
  `id` int(11) NOT NULL,
  `office_id` int(11) NOT NULL,
  `consultation_id` int(11) NOT NULL,
  `status` enum('active','not_active') NOT NULL DEFAULT 'active',
  `created_at` timestamp NOT NULL DEFAULT CURRENT_TIMESTAMP,
  `updated_at` timestamp NULL DEFAULT NULL,
  `deleted_at` timestamp NULL DEFAULT NULL
) ENGINE=InnoDB DEFAULT CHARSET=latin1;

--
-- إرجاع أو استيراد بيانات الجدول `offices_consultations`
--

INSERT INTO `offices_consultations` (`id`, `office_id`, `consultation_id`, `status`, `created_at`, `updated_at`, `deleted_at`) VALUES
(1, 176, 1, 'active', '2020-02-24 08:02:54', '2020-02-24 10:22:29', '2020-02-24 10:22:29'),
(2, 176, 2, 'active', '2020-02-24 08:02:54', '2020-02-24 10:22:29', '2020-02-24 10:22:29'),
(3, 176, 1, 'active', '2020-02-24 12:22:29', '2020-02-24 10:22:36', '2020-02-24 10:22:36'),
(4, 176, 2, 'active', '2020-02-24 12:22:29', '2020-02-24 10:22:36', '2020-02-24 10:22:36'),
(5, 176, 1, 'active', '2020-02-24 12:22:54', '2020-02-25 02:18:51', '2020-02-25 02:18:51'),
(6, 176, 4, 'active', '2020-02-24 12:22:54', '2020-02-25 02:18:51', '2020-02-25 02:18:51'),
(7, 176, 1, 'active', '2020-02-25 04:18:51', '2020-02-25 04:48:50', '2020-02-25 04:48:50'),
(8, 176, 4, 'active', '2020-02-25 04:18:51', '2020-02-25 04:48:50', '2020-02-25 04:48:50'),
(9, 176, 1, 'active', '2020-02-25 06:48:50', '2020-02-25 04:48:56', '2020-02-25 04:48:56'),
(10, 176, 4, 'active', '2020-02-25 06:48:50', '2020-02-25 04:48:56', '2020-02-25 04:48:56'),
(11, 176, 1, 'active', '2020-02-25 06:48:56', '2020-02-25 04:49:05', '2020-02-25 04:49:05'),
(12, 176, 4, 'active', '2020-02-25 06:48:56', '2020-02-25 04:49:05', '2020-02-25 04:49:05'),
(13, 176, 1, 'active', '2020-02-25 06:49:05', '2020-02-25 05:18:01', '2020-02-25 05:18:01'),
(14, 176, 4, 'active', '2020-02-25 06:49:05', '2020-02-25 05:18:01', '2020-02-25 05:18:01'),
(15, 176, 1, 'active', '2020-02-25 07:18:01', '2020-02-25 05:18:04', '2020-02-25 05:18:04'),
(16, 176, 4, 'active', '2020-02-25 07:18:01', '2020-02-25 05:18:04', '2020-02-25 05:18:04'),
(17, 176, 1, 'active', '2020-02-25 07:18:04', '2020-02-25 05:18:23', '2020-02-25 05:18:23'),
(18, 176, 4, 'active', '2020-02-25 07:18:04', '2020-02-25 05:18:23', '2020-02-25 05:18:23'),
(19, 176, 1, 'active', '2020-02-25 07:18:23', '2020-02-25 05:20:06', '2020-02-25 05:20:06'),
(20, 176, 4, 'active', '2020-02-25 07:18:23', '2020-02-25 05:20:06', '2020-02-25 05:20:06'),
(21, 176, 1, 'active', '2020-02-25 07:20:06', '2020-02-25 05:20:14', '2020-02-25 05:20:14'),
(22, 176, 4, 'active', '2020-02-25 07:20:06', '2020-02-25 05:20:14', '2020-02-25 05:20:14'),
(23, 176, 1, 'active', '2020-02-25 07:20:14', '2020-02-25 05:20:33', '2020-02-25 05:20:33'),
(24, 176, 4, 'active', '2020-02-25 07:20:14', '2020-02-25 05:20:33', '2020-02-25 05:20:33'),
(25, 176, 1, 'active', '2020-02-25 07:20:33', '2020-02-25 05:20:35', '2020-02-25 05:20:35'),
(26, 176, 4, 'active', '2020-02-25 07:20:33', '2020-02-25 05:20:35', '2020-02-25 05:20:35'),
(27, 176, 1, 'active', '2020-02-25 07:20:35', '2020-02-25 05:42:55', '2020-02-25 05:42:55'),
(28, 176, 4, 'active', '2020-02-25 07:20:35', '2020-02-25 05:42:55', '2020-02-25 05:42:55'),
(29, 176, 1, 'active', '2020-02-25 07:42:55', '2020-02-25 05:43:27', '2020-02-25 05:43:27'),
(30, 176, 4, 'active', '2020-02-25 07:42:55', '2020-02-25 05:43:27', '2020-02-25 05:43:27'),
(31, 176, 1, 'active', '2020-02-25 07:43:27', '2020-02-25 05:43:41', '2020-02-25 05:43:41'),
(32, 176, 4, 'active', '2020-02-25 07:43:27', '2020-02-25 05:43:41', '2020-02-25 05:43:41'),
(33, 176, 1, 'active', '2020-02-25 07:43:41', '2020-02-25 05:43:48', '2020-02-25 05:43:48'),
(34, 176, 4, 'active', '2020-02-25 07:43:41', '2020-02-25 05:43:48', '2020-02-25 05:43:48'),
(35, 176, 1, 'active', '2020-02-25 07:43:48', '2020-02-25 05:43:52', '2020-02-25 05:43:52'),
(36, 176, 4, 'active', '2020-02-25 07:43:48', '2020-02-25 05:43:52', '2020-02-25 05:43:52'),
(37, 176, 1, 'active', '2020-02-25 07:43:52', '2020-02-25 05:43:59', '2020-02-25 05:43:59'),
(38, 176, 4, 'active', '2020-02-25 07:43:52', '2020-02-25 05:43:59', '2020-02-25 05:43:59'),
(39, 176, 1, 'active', '2020-02-25 07:43:59', '2020-02-25 07:57:46', '2020-02-25 07:57:46'),
(40, 176, 4, 'active', '2020-02-25 07:43:59', '2020-02-25 07:57:46', '2020-02-25 07:57:46'),
(41, 176, 1, 'active', '2020-02-25 09:57:46', '2020-02-25 07:57:56', '2020-02-25 07:57:56'),
(42, 176, 4, 'active', '2020-02-25 09:57:46', '2020-02-25 07:57:56', '2020-02-25 07:57:56'),
(43, 176, 1, 'active', '2020-02-25 09:57:56', '2020-02-25 08:01:05', '2020-02-25 08:01:05'),
(44, 176, 4, 'active', '2020-02-25 09:57:56', '2020-02-25 08:01:05', '2020-02-25 08:01:05'),
(45, 176, 1, 'active', '2020-02-25 10:01:05', '2020-02-25 10:05:07', '2020-02-25 10:05:07'),
(46, 176, 4, 'active', '2020-02-25 10:01:05', '2020-02-25 10:05:07', '2020-02-25 10:05:07'),
(47, 176, 1, 'active', '2020-02-25 12:05:46', '2020-02-25 10:08:20', '2020-02-25 10:08:20'),
(48, 176, 4, 'active', '2020-02-25 12:05:46', '2020-02-25 10:08:20', '2020-02-25 10:08:20'),
(49, 176, 2, 'active', '2020-02-25 12:09:14', '2020-02-26 08:20:59', '2020-02-26 08:20:59'),
(50, 176, 3, 'active', '2020-02-25 12:09:14', '2020-02-26 08:20:59', '2020-02-26 08:20:59'),
(51, 176, 2, 'active', '2020-02-26 10:21:00', NULL, NULL),
(52, 176, 3, 'active', '2020-02-26 10:21:00', NULL, NULL);

-- --------------------------------------------------------

--
-- بنية الجدول `offices_contenders`
--

CREATE TABLE `offices_contenders` (
  `id` int(11) NOT NULL,
  `office_id` int(11) NOT NULL,
  `contender_id` int(11) NOT NULL,
  `status` enum('active','not_active') NOT NULL DEFAULT 'active',
  `created_at` timestamp NOT NULL DEFAULT CURRENT_TIMESTAMP,
  `updated_at` timestamp NULL DEFAULT NULL,
  `deleted_at` timestamp NULL DEFAULT NULL
) ENGINE=InnoDB DEFAULT CHARSET=latin1;

--
-- إرجاع أو استيراد بيانات الجدول `offices_contenders`
--

INSERT INTO `offices_contenders` (`id`, `office_id`, `contender_id`, `status`, `created_at`, `updated_at`, `deleted_at`) VALUES
(1, 176, 1, 'active', '2020-02-24 07:15:55', '2020-02-24 10:22:29', '2020-02-24 10:22:29'),
(2, 176, 2, 'active', '2020-02-24 07:15:55', '2020-02-24 10:22:29', '2020-02-24 10:22:29'),
(3, 176, 1, 'active', '2020-02-24 12:20:05', '2020-02-24 10:22:29', '2020-02-24 10:22:29'),
(4, 176, 2, 'active', '2020-02-24 12:20:05', '2020-02-24 10:22:29', '2020-02-24 10:22:29'),
(5, 176, 4, 'active', '2020-02-24 12:20:05', '2020-02-24 10:22:29', '2020-02-24 10:22:29'),
(6, 176, 2, 'active', '2020-02-24 12:22:54', '2020-02-25 02:18:51', '2020-02-25 02:18:51'),
(7, 176, 3, 'active', '2020-02-24 12:22:54', '2020-02-25 02:18:51', '2020-02-25 02:18:51'),
(8, 176, 2, 'active', '2020-02-25 04:18:51', '2020-02-25 04:48:50', '2020-02-25 04:48:50'),
(9, 176, 3, 'active', '2020-02-25 04:18:51', '2020-02-25 04:48:50', '2020-02-25 04:48:50'),
(10, 176, 2, 'active', '2020-02-25 06:48:50', '2020-02-25 04:48:56', '2020-02-25 04:48:56'),
(11, 176, 3, 'active', '2020-02-25 06:48:50', '2020-02-25 04:48:56', '2020-02-25 04:48:56'),
(12, 176, 2, 'active', '2020-02-25 06:48:56', '2020-02-25 04:49:05', '2020-02-25 04:49:05'),
(13, 176, 3, 'active', '2020-02-25 06:48:56', '2020-02-25 04:49:05', '2020-02-25 04:49:05'),
(14, 176, 2, 'active', '2020-02-25 06:49:05', '2020-02-25 05:18:01', '2020-02-25 05:18:01'),
(15, 176, 3, 'active', '2020-02-25 06:49:05', '2020-02-25 05:18:01', '2020-02-25 05:18:01'),
(16, 176, 2, 'active', '2020-02-25 07:18:01', '2020-02-25 05:18:04', '2020-02-25 05:18:04'),
(17, 176, 3, 'active', '2020-02-25 07:18:01', '2020-02-25 05:18:04', '2020-02-25 05:18:04'),
(18, 176, 2, 'active', '2020-02-25 07:18:04', '2020-02-25 05:18:23', '2020-02-25 05:18:23'),
(19, 176, 3, 'active', '2020-02-25 07:18:04', '2020-02-25 05:18:23', '2020-02-25 05:18:23'),
(20, 176, 2, 'active', '2020-02-25 07:18:23', '2020-02-25 05:20:06', '2020-02-25 05:20:06'),
(21, 176, 3, 'active', '2020-02-25 07:18:23', '2020-02-25 05:20:06', '2020-02-25 05:20:06'),
(22, 176, 2, 'active', '2020-02-25 07:20:06', '2020-02-25 05:20:14', '2020-02-25 05:20:14'),
(23, 176, 3, 'active', '2020-02-25 07:20:06', '2020-02-25 05:20:14', '2020-02-25 05:20:14'),
(24, 176, 2, 'active', '2020-02-25 07:20:14', '2020-02-25 05:20:33', '2020-02-25 05:20:33'),
(25, 176, 3, 'active', '2020-02-25 07:20:14', '2020-02-25 05:20:33', '2020-02-25 05:20:33'),
(26, 176, 2, 'active', '2020-02-25 07:20:33', '2020-02-25 05:20:35', '2020-02-25 05:20:35'),
(27, 176, 3, 'active', '2020-02-25 07:20:33', '2020-02-25 05:20:35', '2020-02-25 05:20:35'),
(28, 176, 2, 'active', '2020-02-25 07:20:35', '2020-02-25 05:42:55', '2020-02-25 05:42:55'),
(29, 176, 3, 'active', '2020-02-25 07:20:35', '2020-02-25 05:42:55', '2020-02-25 05:42:55'),
(30, 176, 2, 'active', '2020-02-25 07:42:55', '2020-02-25 05:43:27', '2020-02-25 05:43:27'),
(31, 176, 3, 'active', '2020-02-25 07:42:55', '2020-02-25 05:43:27', '2020-02-25 05:43:27'),
(32, 176, 2, 'active', '2020-02-25 07:43:27', '2020-02-25 05:43:40', '2020-02-25 05:43:40'),
(33, 176, 3, 'active', '2020-02-25 07:43:27', '2020-02-25 05:43:40', '2020-02-25 05:43:40'),
(34, 176, 2, 'active', '2020-02-25 07:43:41', '2020-02-25 05:43:48', '2020-02-25 05:43:48'),
(35, 176, 3, 'active', '2020-02-25 07:43:41', '2020-02-25 05:43:48', '2020-02-25 05:43:48'),
(36, 176, 2, 'active', '2020-02-25 07:43:48', '2020-02-25 05:43:52', '2020-02-25 05:43:52'),
(37, 176, 3, 'active', '2020-02-25 07:43:48', '2020-02-25 05:43:52', '2020-02-25 05:43:52'),
(38, 176, 2, 'active', '2020-02-25 07:43:52', '2020-02-25 05:43:59', '2020-02-25 05:43:59'),
(39, 176, 3, 'active', '2020-02-25 07:43:52', '2020-02-25 05:43:59', '2020-02-25 05:43:59'),
(40, 176, 2, 'active', '2020-02-25 07:43:59', '2020-02-25 07:57:46', '2020-02-25 07:57:46'),
(41, 176, 3, 'active', '2020-02-25 07:43:59', '2020-02-25 07:57:46', '2020-02-25 07:57:46'),
(42, 176, 2, 'active', '2020-02-25 09:57:46', '2020-02-25 07:57:56', '2020-02-25 07:57:56'),
(43, 176, 3, 'active', '2020-02-25 09:57:46', '2020-02-25 07:57:56', '2020-02-25 07:57:56'),
(44, 176, 2, 'active', '2020-02-25 09:57:56', '2020-02-25 08:01:05', '2020-02-25 08:01:05'),
(45, 176, 3, 'active', '2020-02-25 09:57:56', '2020-02-25 08:01:05', '2020-02-25 08:01:05'),
(46, 176, 2, 'active', '2020-02-25 10:01:05', '2020-02-25 10:05:07', '2020-02-25 10:05:07'),
(47, 176, 3, 'active', '2020-02-25 10:01:05', '2020-02-25 10:05:07', '2020-02-25 10:05:07'),
(48, 176, 2, 'active', '2020-02-25 12:05:46', '2020-02-25 10:08:20', '2020-02-25 10:08:20'),
(49, 176, 5, 'active', '2020-02-25 12:05:46', '2020-02-25 10:08:20', '2020-02-25 10:08:20'),
(50, 176, 1, 'active', '2020-02-25 12:09:14', '2020-02-26 08:20:59', '2020-02-26 08:20:59'),
(51, 176, 5, 'active', '2020-02-25 12:09:14', '2020-02-26 08:20:59', '2020-02-26 08:20:59'),
(52, 176, 1, 'active', '2020-02-26 10:20:59', NULL, NULL),
(53, 176, 5, 'active', '2020-02-26 10:20:59', NULL, NULL);

-- --------------------------------------------------------

--
-- بنية الجدول `offices_countries`
--

CREATE TABLE `offices_countries` (
  `id` int(11) NOT NULL,
  `office_id` int(11) NOT NULL,
  `country_id` int(11) NOT NULL,
  `status` enum('active','not_active') NOT NULL DEFAULT 'active',
  `created_at` timestamp NULL DEFAULT CURRENT_TIMESTAMP,
  `updated_at` timestamp NULL DEFAULT NULL,
  `deleted_at` timestamp NULL DEFAULT NULL
) ENGINE=InnoDB DEFAULT CHARSET=latin1;

--
-- إرجاع أو استيراد بيانات الجدول `offices_countries`
--

INSERT INTO `offices_countries` (`id`, `office_id`, `country_id`, `status`, `created_at`, `updated_at`, `deleted_at`) VALUES
(1, 176, 6, 'active', '2020-02-23 09:59:24', NULL, NULL);

-- --------------------------------------------------------

--
-- بنية الجدول `offices_discounts_types`
--

CREATE TABLE `offices_discounts_types` (
  `id` int(11) NOT NULL,
  `office_id` int(11) NOT NULL,
  `discount_type_id` int(11) NOT NULL,
  `status` enum('active','not_active') NOT NULL DEFAULT 'active',
  `created_at` timestamp NOT NULL DEFAULT CURRENT_TIMESTAMP,
  `updated_at` timestamp NULL DEFAULT NULL,
  `deleted_at` timestamp NULL DEFAULT NULL
) ENGINE=InnoDB DEFAULT CHARSET=latin1;

--
-- إرجاع أو استيراد بيانات الجدول `offices_discounts_types`
--

INSERT INTO `offices_discounts_types` (`id`, `office_id`, `discount_type_id`, `status`, `created_at`, `updated_at`, `deleted_at`) VALUES
(9, 176, 1, 'active', '2020-02-25 07:44:09', '2020-02-25 11:00:40', '2020-02-25 11:00:40'),
(10, 176, 2, 'active', '2020-02-25 07:44:09', '2020-02-25 11:00:40', '2020-02-25 11:00:40'),
(11, 176, 1, 'active', '2020-02-25 13:00:40', '2020-02-25 11:01:34', '2020-02-25 11:01:34'),
(12, 176, 2, 'active', '2020-02-25 13:00:40', '2020-02-25 11:01:34', '2020-02-25 11:01:34'),
(13, 176, 1, 'active', '2020-02-25 13:01:34', '2020-02-25 11:01:48', '2020-02-25 11:01:48'),
(14, 176, 2, 'active', '2020-02-25 13:01:34', '2020-02-25 11:01:48', '2020-02-25 11:01:48'),
(15, 176, 1, 'active', '2020-02-25 13:01:48', '2020-02-25 11:03:36', '2020-02-25 11:03:36'),
(16, 176, 2, 'active', '2020-02-25 13:01:48', '2020-02-25 11:03:36', '2020-02-25 11:03:36'),
(17, 176, 1, 'active', '2020-02-25 13:03:37', '2020-02-25 11:04:08', '2020-02-25 11:04:08'),
(18, 176, 2, 'active', '2020-02-25 13:03:37', '2020-02-25 11:04:08', '2020-02-25 11:04:08'),
(19, 176, 1, 'active', '2020-02-25 13:04:08', '2020-02-25 11:04:22', '2020-02-25 11:04:22'),
(20, 176, 2, 'active', '2020-02-25 13:04:08', '2020-02-25 11:04:22', '2020-02-25 11:04:22'),
(21, 176, 1, 'active', '2020-02-25 13:04:22', '2020-02-25 11:05:37', '2020-02-25 11:05:37'),
(22, 176, 2, 'active', '2020-02-25 13:04:22', '2020-02-25 11:05:37', '2020-02-25 11:05:37'),
(23, 176, 1, 'active', '2020-02-25 13:05:37', '2020-02-25 11:08:24', '2020-02-25 11:08:24'),
(24, 176, 2, 'active', '2020-02-25 13:05:37', '2020-02-25 11:08:24', '2020-02-25 11:08:24'),
(25, 176, 1, 'active', '2020-02-25 13:08:26', '2020-02-25 11:10:32', '2020-02-25 11:10:32'),
(26, 176, 2, 'active', '2020-02-25 13:08:26', '2020-02-25 11:10:32', '2020-02-25 11:10:32'),
(27, 176, 1, 'active', '2020-02-25 13:10:32', '2020-02-25 11:11:11', '2020-02-25 11:11:11'),
(28, 176, 2, 'active', '2020-02-25 13:10:32', '2020-02-25 11:11:11', '2020-02-25 11:11:11'),
(29, 176, 1, 'active', '2020-02-25 13:11:11', '2020-02-25 11:11:29', '2020-02-25 11:11:29'),
(30, 176, 2, 'active', '2020-02-25 13:11:11', '2020-02-25 11:11:29', '2020-02-25 11:11:29'),
(31, 176, 1, 'active', '2020-02-25 13:11:29', '2020-02-25 11:11:50', '2020-02-25 11:11:50'),
(32, 176, 2, 'active', '2020-02-25 13:11:29', '2020-02-25 11:11:50', '2020-02-25 11:11:50'),
(33, 176, 1, 'active', '2020-02-25 13:11:50', '2020-02-25 11:17:51', '2020-02-25 11:17:51'),
(34, 176, 2, 'active', '2020-02-25 13:11:50', '2020-02-25 11:17:51', '2020-02-25 11:17:51'),
(35, 176, 1, 'active', '2020-02-25 13:17:52', '2020-02-25 11:18:04', '2020-02-25 11:18:04'),
(36, 176, 2, 'active', '2020-02-25 13:17:52', '2020-02-25 11:18:04', '2020-02-25 11:18:04'),
(37, 176, 1, 'active', '2020-02-25 13:18:04', '2020-02-25 11:19:05', '2020-02-25 11:19:05'),
(38, 176, 2, 'active', '2020-02-25 13:18:04', '2020-02-25 11:19:05', '2020-02-25 11:19:05'),
(39, 176, 1, 'active', '2020-02-25 13:19:05', '2020-02-25 11:19:48', '2020-02-25 11:19:48'),
(40, 176, 2, 'active', '2020-02-25 13:19:05', '2020-02-25 11:19:48', '2020-02-25 11:19:48'),
(41, 176, 1, 'active', '2020-02-25 13:19:48', '2020-02-26 08:58:03', '2020-02-26 08:58:03'),
(42, 176, 2, 'active', '2020-02-25 13:19:48', '2020-02-26 08:58:03', '2020-02-26 08:58:03'),
(43, 176, 1, 'active', '2020-02-26 10:58:03', '2020-03-01 09:45:17', '2020-03-01 09:45:17'),
(44, 176, 2, 'active', '2020-02-26 10:58:03', '2020-03-01 09:45:17', '2020-03-01 09:45:17'),
(45, 176, 1, 'active', '2020-03-01 11:45:17', NULL, NULL),
(46, 176, 2, 'active', '2020-03-01 11:45:17', NULL, NULL);

-- --------------------------------------------------------

--
-- بنية الجدول `offices_invoices_outputs`
--

CREATE TABLE `offices_invoices_outputs` (
  `id` int(11) NOT NULL,
  `office_id` int(11) NOT NULL,
  `invoice_output_id` int(11) NOT NULL,
  `status` enum('active','not_active') NOT NULL DEFAULT 'active',
  `created_at` timestamp NOT NULL DEFAULT CURRENT_TIMESTAMP,
  `updated_at` timestamp NULL DEFAULT NULL,
  `deleted_at` timestamp NULL DEFAULT NULL
) ENGINE=InnoDB DEFAULT CHARSET=latin1;

--
-- إرجاع أو استيراد بيانات الجدول `offices_invoices_outputs`
--

INSERT INTO `offices_invoices_outputs` (`id`, `office_id`, `invoice_output_id`, `status`, `created_at`, `updated_at`, `deleted_at`) VALUES
(9, 176, 1, 'active', '2020-02-25 07:44:09', NULL, NULL),
(10, 176, 2, 'active', '2020-02-25 07:44:09', NULL, NULL);

-- --------------------------------------------------------

--
-- بنية الجدول `offices_lawsuits`
--

CREATE TABLE `offices_lawsuits` (
  `id` int(11) NOT NULL,
  `office_id` int(11) NOT NULL,
  `lawsuit_id` int(11) NOT NULL,
  `status` enum('active','not_active') NOT NULL DEFAULT 'active',
  `created_at` timestamp NOT NULL DEFAULT CURRENT_TIMESTAMP,
  `updated_at` timestamp NULL DEFAULT NULL,
  `deleted_at` timestamp NULL DEFAULT NULL
) ENGINE=InnoDB DEFAULT CHARSET=latin1;

--
-- إرجاع أو استيراد بيانات الجدول `offices_lawsuits`
--

INSERT INTO `offices_lawsuits` (`id`, `office_id`, `lawsuit_id`, `status`, `created_at`, `updated_at`, `deleted_at`) VALUES
(1, 176, 11, 'active', '2020-02-24 06:53:25', '2020-02-24 09:47:50', '2020-02-24 09:47:50'),
(2, 176, 12, 'active', '2020-02-24 06:53:25', '2020-02-24 09:47:50', '2020-02-24 09:47:50'),
(3, 176, 11, 'active', '2020-02-24 11:47:50', '2020-02-24 09:48:00', '2020-02-24 09:48:00'),
(4, 176, 12, 'active', '2020-02-24 11:47:50', '2020-02-24 09:48:00', '2020-02-24 09:48:00'),
(5, 176, 12, 'active', '2020-02-24 12:15:51', '2020-02-24 10:16:12', '2020-02-24 10:16:12'),
(6, 176, 11, 'active', '2020-02-24 12:16:12', '2020-02-24 10:16:22', '2020-02-24 10:16:22'),
(7, 176, 12, 'active', '2020-02-24 12:16:12', '2020-02-24 10:16:22', '2020-02-24 10:16:22'),
(8, 176, 11, 'active', '2020-02-24 12:16:22', '2020-02-24 10:20:05', '2020-02-24 10:20:05'),
(9, 176, 12, 'active', '2020-02-24 12:16:22', '2020-02-24 10:20:05', '2020-02-24 10:20:05'),
(10, 176, 11, 'active', '2020-02-24 12:20:05', '2020-02-24 10:21:23', '2020-02-24 10:21:23'),
(11, 176, 12, 'active', '2020-02-24 12:20:05', '2020-02-24 10:21:23', '2020-02-24 10:21:23'),
(12, 176, 11, 'active', '2020-02-24 12:22:54', '2020-02-25 02:18:50', '2020-02-25 02:18:50'),
(13, 176, 13, 'active', '2020-02-24 12:22:54', '2020-02-25 02:18:50', '2020-02-25 02:18:50'),
(14, 176, 11, 'active', '2020-02-25 04:18:50', '2020-02-25 04:48:50', '2020-02-25 04:48:50'),
(15, 176, 13, 'active', '2020-02-25 04:18:50', '2020-02-25 04:48:50', '2020-02-25 04:48:50'),
(16, 176, 11, 'active', '2020-02-25 06:48:50', '2020-02-25 04:48:56', '2020-02-25 04:48:56'),
(17, 176, 13, 'active', '2020-02-25 06:48:50', '2020-02-25 04:48:56', '2020-02-25 04:48:56'),
(18, 176, 11, 'active', '2020-02-25 06:48:56', '2020-02-25 04:49:05', '2020-02-25 04:49:05'),
(19, 176, 11, 'active', '2020-02-25 06:49:05', '2020-02-25 05:18:00', '2020-02-25 05:18:00'),
(20, 176, 13, 'active', '2020-02-25 06:49:05', '2020-02-25 05:18:00', '2020-02-25 05:18:00'),
(21, 176, 11, 'active', '2020-02-25 07:18:00', '2020-02-25 05:18:04', '2020-02-25 05:18:04'),
(22, 176, 13, 'active', '2020-02-25 07:18:00', '2020-02-25 05:18:04', '2020-02-25 05:18:04'),
(23, 176, 11, 'active', '2020-02-25 07:18:04', '2020-02-25 05:18:23', '2020-02-25 05:18:23'),
(24, 176, 13, 'active', '2020-02-25 07:18:04', '2020-02-25 05:18:23', '2020-02-25 05:18:23'),
(25, 176, 11, 'active', '2020-02-25 07:18:23', '2020-02-25 05:20:05', '2020-02-25 05:20:05'),
(26, 176, 13, 'active', '2020-02-25 07:18:23', '2020-02-25 05:20:05', '2020-02-25 05:20:05'),
(27, 176, 11, 'active', '2020-02-25 07:20:05', '2020-02-25 05:20:14', '2020-02-25 05:20:14'),
(28, 176, 13, 'active', '2020-02-25 07:20:05', '2020-02-25 05:20:14', '2020-02-25 05:20:14'),
(29, 176, 11, 'active', '2020-02-25 07:20:14', '2020-02-25 05:20:32', '2020-02-25 05:20:32'),
(30, 176, 13, 'active', '2020-02-25 07:20:14', '2020-02-25 05:20:32', '2020-02-25 05:20:32'),
(31, 176, 11, 'active', '2020-02-25 07:20:32', '2020-02-25 05:20:35', '2020-02-25 05:20:35'),
(32, 176, 13, 'active', '2020-02-25 07:20:32', '2020-02-25 05:20:35', '2020-02-25 05:20:35'),
(33, 176, 11, 'active', '2020-02-25 07:20:35', '2020-02-25 05:42:55', '2020-02-25 05:42:55'),
(34, 176, 13, 'active', '2020-02-25 07:20:35', '2020-02-25 05:42:55', '2020-02-25 05:42:55'),
(35, 176, 11, 'active', '2020-02-25 07:42:55', '2020-02-25 05:43:27', '2020-02-25 05:43:27'),
(36, 176, 13, 'active', '2020-02-25 07:42:55', '2020-02-25 05:43:27', '2020-02-25 05:43:27'),
(37, 176, 11, 'active', '2020-02-25 07:43:27', '2020-02-25 05:43:40', '2020-02-25 05:43:40'),
(38, 176, 13, 'active', '2020-02-25 07:43:27', '2020-02-25 05:43:40', '2020-02-25 05:43:40'),
(39, 176, 11, 'active', '2020-02-25 07:43:40', '2020-02-25 05:43:48', '2020-02-25 05:43:48'),
(40, 176, 13, 'active', '2020-02-25 07:43:40', '2020-02-25 05:43:48', '2020-02-25 05:43:48'),
(41, 176, 11, 'active', '2020-02-25 07:43:48', '2020-02-25 05:43:52', '2020-02-25 05:43:52'),
(42, 176, 13, 'active', '2020-02-25 07:43:48', '2020-02-25 05:43:52', '2020-02-25 05:43:52'),
(43, 176, 11, 'active', '2020-02-25 07:43:52', '2020-02-25 05:43:59', '2020-02-25 05:43:59'),
(44, 176, 13, 'active', '2020-02-25 07:43:52', '2020-02-25 05:43:59', '2020-02-25 05:43:59'),
(45, 176, 11, 'active', '2020-02-25 07:43:59', '2020-02-25 07:57:46', '2020-02-25 07:57:46'),
(46, 176, 13, 'active', '2020-02-25 07:43:59', '2020-02-25 07:57:46', '2020-02-25 07:57:46'),
(47, 176, 11, 'active', '2020-02-25 09:57:46', '2020-02-25 07:57:56', '2020-02-25 07:57:56'),
(48, 176, 13, 'active', '2020-02-25 09:57:46', '2020-02-25 07:57:56', '2020-02-25 07:57:56'),
(49, 176, 11, 'active', '2020-02-25 09:57:56', '2020-02-25 08:01:03', '2020-02-25 08:01:03'),
(50, 176, 13, 'active', '2020-02-25 09:57:56', '2020-02-25 08:01:03', '2020-02-25 08:01:03'),
(51, 176, 11, 'active', '2020-02-25 10:01:05', '2020-02-25 10:05:07', '2020-02-25 10:05:07'),
(52, 176, 13, 'active', '2020-02-25 10:01:05', '2020-02-25 10:05:07', '2020-02-25 10:05:07'),
(53, 176, 12, 'active', '2020-02-25 12:05:46', '2020-02-25 10:08:20', '2020-02-25 10:08:20'),
(54, 176, 14, 'active', '2020-02-25 12:05:46', '2020-02-25 10:08:20', '2020-02-25 10:08:20'),
(55, 176, 11, 'active', '2020-02-25 12:09:14', '2020-02-26 08:20:59', '2020-02-26 08:20:59'),
(56, 176, 12, 'active', '2020-02-25 12:09:14', '2020-02-26 08:20:59', '2020-02-26 08:20:59'),
(57, 176, 11, 'active', '2020-02-26 10:20:59', NULL, NULL),
(58, 176, 12, 'active', '2020-02-26 10:20:59', NULL, NULL);

-- --------------------------------------------------------

--
-- بنية الجدول `offices_payments_methods`
--

CREATE TABLE `offices_payments_methods` (
  `id` int(11) NOT NULL,
  `office_id` int(11) NOT NULL,
  `payment_method_id` int(11) NOT NULL,
  `status` enum('active','not_active') NOT NULL DEFAULT 'active',
  `created_at` timestamp NOT NULL DEFAULT CURRENT_TIMESTAMP,
  `updated_at` timestamp NULL DEFAULT NULL,
  `deleted_at` timestamp NULL DEFAULT NULL
) ENGINE=InnoDB DEFAULT CHARSET=latin1;

--
-- إرجاع أو استيراد بيانات الجدول `offices_payments_methods`
--

INSERT INTO `offices_payments_methods` (`id`, `office_id`, `payment_method_id`, `status`, `created_at`, `updated_at`, `deleted_at`) VALUES
(9, 176, 1, 'active', '2020-02-25 07:44:09', '2020-02-25 11:00:40', '2020-02-25 11:00:40'),
(10, 176, 2, 'active', '2020-02-25 07:44:09', '2020-02-25 11:00:40', '2020-02-25 11:00:40'),
(11, 176, 1, 'active', '2020-02-25 13:00:40', '2020-02-25 11:01:34', '2020-02-25 11:01:34'),
(12, 176, 2, 'active', '2020-02-25 13:00:40', '2020-02-25 11:01:34', '2020-02-25 11:01:34'),
(13, 176, 1, 'active', '2020-02-25 13:01:34', '2020-02-25 11:01:48', '2020-02-25 11:01:48'),
(14, 176, 2, 'active', '2020-02-25 13:01:34', '2020-02-25 11:01:48', '2020-02-25 11:01:48'),
(15, 176, 1, 'active', '2020-02-25 13:01:48', '2020-02-25 11:03:37', '2020-02-25 11:03:37'),
(16, 176, 2, 'active', '2020-02-25 13:01:48', '2020-02-25 11:03:37', '2020-02-25 11:03:37'),
(17, 176, 1, 'active', '2020-02-25 13:03:37', '2020-02-25 11:04:08', '2020-02-25 11:04:08'),
(18, 176, 2, 'active', '2020-02-25 13:03:37', '2020-02-25 11:04:08', '2020-02-25 11:04:08'),
(19, 176, 1, 'active', '2020-02-25 13:04:08', '2020-02-25 11:04:22', '2020-02-25 11:04:22'),
(20, 176, 2, 'active', '2020-02-25 13:04:08', '2020-02-25 11:04:22', '2020-02-25 11:04:22'),
(21, 176, 1, 'active', '2020-02-25 13:04:22', '2020-02-25 11:05:37', '2020-02-25 11:05:37'),
(22, 176, 2, 'active', '2020-02-25 13:04:22', '2020-02-25 11:05:37', '2020-02-25 11:05:37'),
(23, 176, 1, 'active', '2020-02-25 13:05:37', '2020-02-25 11:08:26', '2020-02-25 11:08:26'),
(24, 176, 2, 'active', '2020-02-25 13:05:37', '2020-02-25 11:08:26', '2020-02-25 11:08:26'),
(25, 176, 1, 'active', '2020-02-25 13:08:26', '2020-02-25 11:10:32', '2020-02-25 11:10:32'),
(26, 176, 2, 'active', '2020-02-25 13:08:26', '2020-02-25 11:10:32', '2020-02-25 11:10:32'),
(27, 176, 1, 'active', '2020-02-25 13:10:32', '2020-02-25 11:11:11', '2020-02-25 11:11:11'),
(28, 176, 2, 'active', '2020-02-25 13:10:32', '2020-02-25 11:11:11', '2020-02-25 11:11:11'),
(29, 176, 1, 'active', '2020-02-25 13:11:11', '2020-02-25 11:11:29', '2020-02-25 11:11:29'),
(30, 176, 2, 'active', '2020-02-25 13:11:11', '2020-02-25 11:11:29', '2020-02-25 11:11:29'),
(31, 176, 1, 'active', '2020-02-25 13:11:29', '2020-02-25 11:11:50', '2020-02-25 11:11:50'),
(32, 176, 2, 'active', '2020-02-25 13:11:29', '2020-02-25 11:11:50', '2020-02-25 11:11:50'),
(33, 176, 1, 'active', '2020-02-25 13:11:50', '2020-02-25 11:17:52', '2020-02-25 11:17:52'),
(34, 176, 2, 'active', '2020-02-25 13:11:50', '2020-02-25 11:17:52', '2020-02-25 11:17:52'),
(35, 176, 1, 'active', '2020-02-25 13:17:52', '2020-02-25 11:18:04', '2020-02-25 11:18:04'),
(36, 176, 2, 'active', '2020-02-25 13:17:52', '2020-02-25 11:18:04', '2020-02-25 11:18:04'),
(37, 176, 1, 'active', '2020-02-25 13:18:04', '2020-02-25 11:19:05', '2020-02-25 11:19:05'),
(38, 176, 2, 'active', '2020-02-25 13:18:04', '2020-02-25 11:19:05', '2020-02-25 11:19:05'),
(39, 176, 1, 'active', '2020-02-25 13:19:05', '2020-02-25 11:19:48', '2020-02-25 11:19:48'),
(40, 176, 2, 'active', '2020-02-25 13:19:05', '2020-02-25 11:19:48', '2020-02-25 11:19:48'),
(41, 176, 1, 'active', '2020-02-25 13:19:48', '2020-02-26 08:58:03', '2020-02-26 08:58:03'),
(42, 176, 2, 'active', '2020-02-25 13:19:48', '2020-02-26 08:58:03', '2020-02-26 08:58:03'),
(43, 176, 3, 'active', '2020-02-25 13:19:48', '2020-02-26 08:58:03', '2020-02-26 08:58:03'),
(44, 176, 4, 'active', '2020-02-25 13:19:48', '2020-02-26 08:58:03', '2020-02-26 08:58:03'),
(45, 176, 1, 'active', '2020-02-26 10:58:03', '2020-03-01 09:45:17', '2020-03-01 09:45:17'),
(46, 176, 2, 'active', '2020-02-26 10:58:03', '2020-03-01 09:45:17', '2020-03-01 09:45:17'),
(47, 176, 3, 'active', '2020-02-26 10:58:03', '2020-03-01 09:45:17', '2020-03-01 09:45:17'),
(48, 176, 4, 'active', '2020-02-26 10:58:03', '2020-03-01 09:45:17', '2020-03-01 09:45:17'),
(49, 176, 1, 'active', '2020-03-01 11:45:17', NULL, NULL),
(50, 176, 2, 'active', '2020-03-01 11:45:17', NULL, NULL);

-- --------------------------------------------------------

--
-- بنية الجدول `offices_settings`
--

CREATE TABLE `offices_settings` (
  `id` int(11) NOT NULL,
  `office_id` int(11) NOT NULL,
  `clients_number` varchar(30) DEFAULT NULL,
  `projects_number` varchar(30) DEFAULT NULL,
  `invoices_number` varchar(30) DEFAULT NULL,
  `office_vat` double DEFAULT NULL,
  `created_at` timestamp NOT NULL DEFAULT CURRENT_TIMESTAMP,
  `updated_at` timestamp NULL DEFAULT NULL,
  `deleted_at` timestamp NULL DEFAULT NULL
) ENGINE=InnoDB DEFAULT CHARSET=latin1;

--
-- إرجاع أو استيراد بيانات الجدول `offices_settings`
--

INSERT INTO `offices_settings` (`id`, `office_id`, `clients_number`, `projects_number`, `invoices_number`, `office_vat`, `created_at`, `updated_at`, `deleted_at`) VALUES
(2, 176, 'CLI', 'PRO', 'INV', 5, '2020-02-23 11:28:22', '2020-02-26 08:02:49', NULL),
(3, 200, 'dwfsdf', 'asfsdfsd', 'asdasd', 0, '2020-02-25 07:20:26', NULL, NULL);

-- --------------------------------------------------------

--
-- بنية الجدول `offices_tasks_status`
--

CREATE TABLE `offices_tasks_status` (
  `id` int(11) NOT NULL,
  `office_id` int(11) NOT NULL,
  `task_status_id` int(11) NOT NULL,
  `status` enum('active','not_active') NOT NULL DEFAULT 'active',
  `created_at` timestamp NOT NULL DEFAULT CURRENT_TIMESTAMP,
  `updated_at` timestamp NULL DEFAULT NULL,
  `deleted_at` timestamp NULL DEFAULT NULL
) ENGINE=InnoDB DEFAULT CHARSET=latin1;

--
-- إرجاع أو استيراد بيانات الجدول `offices_tasks_status`
--

INSERT INTO `offices_tasks_status` (`id`, `office_id`, `task_status_id`, `status`, `created_at`, `updated_at`, `deleted_at`) VALUES
(1, 176, 1, 'active', '2020-02-24 12:40:43', '2020-02-25 04:52:32', '2020-02-25 04:52:32'),
(2, 176, 2, 'active', '2020-02-24 12:40:43', '2020-02-25 04:52:32', '2020-02-25 04:52:32'),
(3, 176, 1, 'active', '2020-02-25 06:52:32', '2020-02-25 04:52:38', '2020-02-25 04:52:38'),
(4, 176, 2, 'active', '2020-02-25 06:52:32', '2020-02-25 04:52:38', '2020-02-25 04:52:38'),
(5, 176, 1, 'active', '2020-02-25 06:52:38', '2020-02-25 04:52:48', '2020-02-25 04:52:48'),
(6, 176, 2, 'active', '2020-02-25 06:52:38', '2020-02-25 04:52:48', '2020-02-25 04:52:48'),
(7, 176, 2, 'active', '2020-02-25 06:53:07', '2020-02-25 05:44:09', '2020-02-25 05:44:09'),
(8, 176, 3, 'active', '2020-02-25 06:53:07', '2020-02-25 05:44:09', '2020-02-25 05:44:09'),
(9, 176, 2, 'active', '2020-02-25 07:44:09', '2020-02-25 08:01:13', '2020-02-25 08:01:13'),
(10, 176, 3, 'active', '2020-02-25 07:44:09', '2020-02-25 08:01:13', '2020-02-25 08:01:13'),
(11, 176, 2, 'active', '2020-02-25 10:01:13', '2020-02-26 08:27:36', '2020-02-26 08:27:36'),
(12, 176, 3, 'active', '2020-02-25 10:01:13', '2020-02-26 08:27:36', '2020-02-26 08:27:36'),
(13, 176, 2, 'active', '2020-02-26 10:27:36', '2020-02-26 08:36:20', '2020-02-26 08:36:20'),
(14, 176, 3, 'active', '2020-02-26 10:27:36', '2020-02-26 08:36:20', '2020-02-26 08:36:20'),
(15, 176, 2, 'active', '2020-02-26 10:36:20', NULL, NULL),
(16, 176, 3, 'active', '2020-02-26 10:36:20', NULL, NULL);

-- --------------------------------------------------------

--
-- بنية الجدول `offices_tasks_types`
--

CREATE TABLE `offices_tasks_types` (
  `id` int(11) NOT NULL,
  `office_id` int(11) NOT NULL,
  `task_type_id` int(11) NOT NULL,
  `status` enum('active','not_active') NOT NULL DEFAULT 'active',
  `created_at` timestamp NOT NULL DEFAULT CURRENT_TIMESTAMP,
  `updated_at` timestamp NULL DEFAULT NULL,
  `deleted_at` timestamp NULL DEFAULT NULL
) ENGINE=InnoDB DEFAULT CHARSET=latin1;

--
-- إرجاع أو استيراد بيانات الجدول `offices_tasks_types`
--

INSERT INTO `offices_tasks_types` (`id`, `office_id`, `task_type_id`, `status`, `created_at`, `updated_at`, `deleted_at`) VALUES
(1, 176, 1, 'active', '2020-02-24 12:36:10', '2020-02-25 04:52:32', '2020-02-25 04:52:32'),
(2, 176, 2, 'active', '2020-02-24 12:36:10', '2020-02-25 04:52:32', '2020-02-25 04:52:32'),
(3, 176, 1, 'active', '2020-02-25 06:52:32', '2020-02-25 04:52:38', '2020-02-25 04:52:38'),
(4, 176, 2, 'active', '2020-02-25 06:52:32', '2020-02-25 04:52:38', '2020-02-25 04:52:38'),
(5, 176, 1, 'active', '2020-02-25 06:53:07', '2020-02-25 05:44:09', '2020-02-25 05:44:09'),
(6, 176, 3, 'active', '2020-02-25 06:53:07', '2020-02-25 05:44:09', '2020-02-25 05:44:09'),
(7, 176, 1, 'active', '2020-02-25 07:44:09', '2020-02-25 08:01:13', '2020-02-25 08:01:13'),
(8, 176, 3, 'active', '2020-02-25 07:44:09', '2020-02-25 08:01:13', '2020-02-25 08:01:13'),
(9, 176, 4, 'active', '2020-02-25 07:44:09', '2020-02-25 08:01:13', '2020-02-25 08:01:13'),
(10, 176, 1, 'active', '2020-02-25 10:01:13', '2020-02-26 08:27:36', '2020-02-26 08:27:36'),
(11, 176, 3, 'active', '2020-02-25 10:01:13', '2020-02-26 08:27:36', '2020-02-26 08:27:36'),
(12, 176, 4, 'active', '2020-02-25 10:01:13', '2020-02-26 08:27:36', '2020-02-26 08:27:36'),
(13, 176, 1, 'active', '2020-02-26 10:27:36', '2020-02-26 08:36:20', '2020-02-26 08:36:20'),
(14, 176, 3, 'active', '2020-02-26 10:27:36', '2020-02-26 08:36:20', '2020-02-26 08:36:20'),
(15, 176, 4, 'active', '2020-02-26 10:27:36', '2020-02-26 08:36:20', '2020-02-26 08:36:20'),
(16, 176, 1, 'active', '2020-02-26 10:36:20', NULL, NULL),
(17, 176, 3, 'active', '2020-02-26 10:36:20', NULL, NULL),
(18, 176, 4, 'active', '2020-02-26 10:36:20', NULL, NULL);

-- --------------------------------------------------------

--
-- بنية الجدول `orders`
--

CREATE TABLE `orders` (
  `id` int(11) NOT NULL,
  `user_id` int(11) NOT NULL,
  `area_id` int(30) DEFAULT NULL,
  `employee_id` int(11) NOT NULL DEFAULT '0',
  `date` date NOT NULL,
  `time` varchar(10) COLLATE utf8mb4_unicode_ci NOT NULL,
  `car_id` int(11) NOT NULL,
  `price` double NOT NULL,
  `promotion_code_id` int(11) DEFAULT NULL,
  `latitude` varchar(250) COLLATE utf8mb4_unicode_ci NOT NULL,
  `longitude` varchar(250) COLLATE utf8mb4_unicode_ci NOT NULL,
  `status` int(11) NOT NULL DEFAULT '1' COMMENT '0 =>new ,, 1=>accepted ,, 2=>in_progress ,, 3=>completed',
  `image_before` varchar(350) COLLATE utf8mb4_unicode_ci DEFAULT NULL,
  `image_after` varchar(350) COLLATE utf8mb4_unicode_ci DEFAULT NULL,
  `created_at` datetime NOT NULL,
  `updated_at` datetime NOT NULL,
  `deleted_at` datetime DEFAULT NULL
) ENGINE=InnoDB DEFAULT CHARSET=utf8mb4 COLLATE=utf8mb4_unicode_ci;

-- --------------------------------------------------------

--
-- بنية الجدول `pages`
--

CREATE TABLE `pages` (
  `id` int(11) NOT NULL,
  `image` varchar(225) COLLATE utf8_unicode_ci NOT NULL DEFAULT '1',
  `views` int(11) NOT NULL,
  `created_at` timestamp NOT NULL DEFAULT CURRENT_TIMESTAMP,
  `updated_at` timestamp NULL DEFAULT NULL,
  `deleted_at` timestamp NULL DEFAULT NULL
) ENGINE=MyISAM DEFAULT CHARSET=utf8 COLLATE=utf8_unicode_ci;

--
-- إرجاع أو استيراد بيانات الجدول `pages`
--

INSERT INTO `pages` (`id`, `image`, `views`, `created_at`, `updated_at`, `deleted_at`) VALUES
(1, 'uploads/pages/5d1858ad7a30a.png', 0, '2018-08-05 12:27:40', '2019-06-30 16:37:33', NULL),
(2, 'uploads/pages/5ce3cd51457bb.png', 0, '2018-08-05 12:27:42', '2019-05-21 10:05:05', NULL),
(3, 'uploads/pages/5b828fc031e7e.png', 0, '2018-08-05 12:27:49', '2018-08-26 16:32:16', NULL),
(4, 'cvdvwfvfwv', 0, '2018-08-05 12:27:51', NULL, '2018-08-16 05:00:00');

-- --------------------------------------------------------

--
-- بنية الجدول `page_translations`
--

CREATE TABLE `page_translations` (
  `id` int(11) NOT NULL,
  `page_id` int(11) NOT NULL,
  `locale` varchar(11) COLLATE utf8_unicode_ci NOT NULL,
  `title` varchar(225) COLLATE utf8_unicode_ci NOT NULL,
  `slug` varchar(225) COLLATE utf8_unicode_ci NOT NULL,
  `description` text COLLATE utf8_unicode_ci NOT NULL,
  `key_words` varchar(225) COLLATE utf8_unicode_ci NOT NULL,
  `created_at` timestamp NOT NULL DEFAULT CURRENT_TIMESTAMP,
  `updated_at` timestamp NULL DEFAULT NULL,
  `deleted_at` timestamp NULL DEFAULT NULL
) ENGINE=MyISAM DEFAULT CHARSET=utf8 COLLATE=utf8_unicode_ci;

--
-- إرجاع أو استيراد بيانات الجدول `page_translations`
--

INSERT INTO `page_translations` (`id`, `page_id`, `locale`, `title`, `slug`, `description`, `key_words`, `created_at`, `updated_at`, `deleted_at`) VALUES
(1, 1, 'en', 'About Us', 'about-us', '<p>App help you to wash your car</p>\r\n\r\n<h2>We Come To You. Anytime. Anywhere.</h2>', 'about us', '2018-08-05 12:29:09', '2019-06-18 15:41:14', NULL),
(2, 1, 'ar', 'About Us', 'about-us', '<p>اغسل سيارتك في اي وقت أي مكان</p>', 'about us', '2018-08-05 12:29:12', '2019-06-18 15:41:14', NULL),
(3, 2, 'en', 'Privacy Policy', 'privacy-policy', '<p>ezham Privacy Policy Test of the application ...</p>', 'Privacy Policy', '2018-08-05 12:30:08', '2019-06-18 16:27:01', NULL),
(4, 2, 'ar', 'Privacy Policy', 'privacy-policy', '<p>القوانين المتبعة لهذا التطبيق عمل فحص ويمكن استبدال النص</p>', 'Privacy Policy', '2018-08-05 12:30:11', '2019-05-21 10:05:05', NULL),
(5, 3, 'en', 'Terms Of Use', 'terms-of-use', 'Privacy Policy Test of the application ...', 'Terms Of Use', '2018-08-05 12:31:01', NULL, NULL),
(6, 3, 'ar', 'Terms Of Use', 'terms-of-use', 'شروط الإستخدام شروط الإستخدام شروط الإستخدام شروط الإستخدام شروط الإستخدام شروط الإستخدام', 'Terms Of Use', '2018-08-05 12:31:03', '2018-09-05 11:10:11', NULL);

-- --------------------------------------------------------

--
-- بنية الجدول `password_resets`
--

CREATE TABLE `password_resets` (
  `email` varchar(191) COLLATE utf8_unicode_ci NOT NULL,
  `token` varchar(191) COLLATE utf8_unicode_ci NOT NULL,
  `created_at` timestamp NOT NULL DEFAULT CURRENT_TIMESTAMP
) ENGINE=MyISAM DEFAULT CHARSET=utf8 COLLATE=utf8_unicode_ci;

--
-- إرجاع أو استيراد بيانات الجدول `password_resets`
--

INSERT INTO `password_resets` (`email`, `token`, `created_at`) VALUES
('ali@gmail.com', '$2y$10$yurfUedG1Dqq0fWx/Csx8O/SDC2RUyeinpZqf5N866CVDKCYZ381i', '2018-04-09 13:29:58'),
('oo@oo.com', '$2y$10$466U4.nBioi4QQTChrjYueGqrhgRarV.P/SKANjtePzl00nxYivfy', '2018-06-11 16:36:46'),
('asd@asd.com', '$2y$10$/Xf.FssewFdnPzQhi1sfN.dfYoUNPo0Rwg3PzqpUwrQTObArr2dNm', '2018-06-12 15:55:47'),
('emadtraner@gmail.com', '$2y$10$JtftGR.GGloKC3lPx9l/zOLvu/BYgAejM5NS/7pz37E2zqJ682MZO', '2018-07-05 14:30:01'),
('mohamed.alijla@gmail.com', '$2y$10$pwhXCRuWQ5yeRPiGoI3PT.aqxckadL8mjgEzSvB1YuLJEssVYdtqi', '2018-09-19 16:13:13'),
('qqq@qqq.qqq', '$2y$10$yI.8r9i2gfE0/vqBFfp2WuN2Kokau0Rixhn9PnZBexRs2BmaYgTxC', '2018-08-19 16:15:27'),
('test.linekw@gmail.com', '$2y$10$zu3xT79vZ547nFw0ko.BOOVFF.hQxkkTsDeKrA8KjZU6t8mr.5sOi', '2018-09-19 14:47:39'),
('ahmedjabusada@gmail.com', '$2y$10$T1MG1Zw8pPK2fA6Bjq6X3.fxwI9jhtXgmnklFeQAi0/L0y1Im8RnW', '2018-09-19 17:30:23'),
('em@il.com', '$2y$10$vFgQ9mRxmFMW/49q/ZFXWuOvIHlNQYHE5zWDn/XLQl0AxjbyC.C4W', '2019-04-28 22:36:23'),
('ahmed@ahmed.com', '$2y$10$bWW4HFXgoYD3tqSmlntI8uS2nWk9x90FECG3UuuFBQ05fIKHCT/si', '2019-04-26 05:38:38'),
('test@final2.com', '$2y$10$3NeGU9pRqufvSKrkKHoEkeSlD1yqo0a3p8J51NxCXaWmb.m/aae0y', '2019-04-26 05:42:25'),
('test@test.test', '$2y$10$D8.MrFnz6wLNGzQmvB.1bOiCVaThKZI4FlrKvGuhHAaTiIyrmgnQS', '2020-03-16 13:46:44');

-- --------------------------------------------------------

--
-- بنية الجدول `payments_methods`
--

CREATE TABLE `payments_methods` (
  `id` int(11) NOT NULL,
  `status` enum('active','not_active') NOT NULL DEFAULT 'active',
  `created_at` timestamp NOT NULL DEFAULT CURRENT_TIMESTAMP,
  `updated_at` timestamp NULL DEFAULT NULL,
  `deleted_at` timestamp NULL DEFAULT NULL
) ENGINE=InnoDB DEFAULT CHARSET=latin1;

--
-- إرجاع أو استيراد بيانات الجدول `payments_methods`
--

INSERT INTO `payments_methods` (`id`, `status`, `created_at`, `updated_at`, `deleted_at`) VALUES
(1, 'active', '2019-12-25 13:18:10', NULL, NULL),
(2, 'active', '2019-12-25 13:18:14', NULL, NULL),
(3, 'active', '2020-01-06 12:52:49', NULL, NULL),
(4, 'active', '2020-02-25 09:06:58', NULL, NULL);

-- --------------------------------------------------------

--
-- بنية الجدول `payment_method_translations`
--

CREATE TABLE `payment_method_translations` (
  `id` int(30) NOT NULL,
  `payment_method_id` int(30) NOT NULL,
  `locale` varchar(30) NOT NULL,
  `name` varchar(300) CHARACTER SET utf8mb4 NOT NULL,
  `created_at` timestamp NOT NULL DEFAULT CURRENT_TIMESTAMP,
  `updated_at` timestamp NULL DEFAULT NULL,
  `deleted_at` timestamp NULL DEFAULT NULL
) ENGINE=InnoDB DEFAULT CHARSET=latin1;

--
-- إرجاع أو استيراد بيانات الجدول `payment_method_translations`
--

INSERT INTO `payment_method_translations` (`id`, `payment_method_id`, `locale`, `name`, `created_at`, `updated_at`, `deleted_at`) VALUES
(5, 1, 'en', 'Check', '2020-01-06 08:28:13', NULL, NULL),
(6, 1, 'ar', 'شيك', '2020-01-06 08:28:13', NULL, NULL),
(7, 3, 'en', 'Deposit', '2020-01-06 08:30:56', NULL, NULL),
(8, 3, 'ar', 'إيداع', '2020-01-06 08:30:56', NULL, NULL),
(9, 2, 'en', 'Transfer', '2020-01-06 12:53:16', NULL, NULL),
(10, 2, 'ar', 'تحويل', '2020-01-06 12:53:16', NULL, NULL),
(11, 4, 'ar', 'نقدي', '2020-02-25 09:11:02', NULL, NULL),
(12, 4, 'en', 'Cash', '2020-02-25 09:11:02', NULL, NULL);

-- --------------------------------------------------------

--
-- بنية الجدول `permissions`
--

CREATE TABLE `permissions` (
  `id` int(11) NOT NULL,
  `roleSlug` varchar(250) COLLATE utf8mb4_unicode_ci NOT NULL,
  `status` enum('active','not_active') COLLATE utf8mb4_unicode_ci NOT NULL DEFAULT 'active',
  `created_at` datetime NOT NULL,
  `updated_at` datetime NOT NULL,
  `deleted_at` datetime DEFAULT NULL
) ENGINE=InnoDB DEFAULT CHARSET=utf8mb4 COLLATE=utf8mb4_unicode_ci;

--
-- إرجاع أو استيراد بيانات الجدول `permissions`
--

INSERT INTO `permissions` (`id`, `roleSlug`, `status`, `created_at`, `updated_at`, `deleted_at`) VALUES
(14, 'admin', 'active', '2019-04-10 14:26:00', '2019-04-10 14:26:00', NULL),
(15, 'ads', 'active', '2019-04-10 14:26:58', '2019-05-26 10:33:03', '2019-05-26 10:33:03'),
(16, 'contact-us', 'active', '2019-04-10 14:30:25', '2020-03-25 09:39:23', '2020-03-25 09:39:23'),
(17, 'settings', 'active', '2019-04-10 14:30:41', '2019-04-10 14:30:41', NULL),
(18, 'pages', 'active', '2019-04-10 14:30:53', '2019-04-10 14:30:53', NULL),
(19, 'users', 'active', '2019-04-10 14:31:04', '2019-04-10 14:31:04', NULL),
(20, 'categories', 'active', '2019-04-10 14:32:45', '2019-05-23 12:35:13', '2019-05-23 12:35:13'),
(21, 'cities', 'active', '2019-04-10 14:33:05', '2019-05-23 12:35:19', '2019-05-23 12:35:19'),
(22, 'notifications', 'active', '2019-04-10 14:33:15', '2020-03-25 09:39:14', '2020-03-25 09:39:14'),
(23, 'products', 'active', '2019-04-10 14:33:31', '2019-05-23 12:35:38', '2019-05-23 12:35:38'),
(24, 'orders', 'active', '2019-04-10 14:33:47', '2020-03-25 09:39:09', '2020-03-25 09:39:09'),
(25, 'permissions', 'active', '2019-04-10 14:33:57', '2019-04-10 14:33:57', NULL),
(26, 'test', 'active', '2019-04-10 14:34:33', '2019-04-10 14:34:43', '2019-04-10 14:34:43'),
(27, 'jhwqjwjqw', 'active', '2019-04-24 16:35:18', '2019-04-24 16:35:33', '2019-04-24 16:35:33'),
(28, 'employees', 'active', '2019-05-23 12:36:40', '2019-05-23 12:36:40', NULL),
(29, 'promotions', 'active', '2019-05-26 10:32:14', '2019-09-30 03:33:09', '2019-09-30 03:33:09'),
(30, 'cars', 'active', '2019-05-26 10:32:27', '2020-03-25 09:36:47', '2020-03-25 09:36:47'),
(31, 'countries', 'active', '2019-09-30 03:22:10', '2019-09-30 03:22:10', NULL),
(32, 'dsdsd', 'active', '2019-09-30 07:49:00', '2019-09-30 07:49:16', '2019-09-30 07:49:16'),
(33, 'adsasd', 'active', '2019-09-30 07:49:27', '2019-09-30 07:49:33', '2019-09-30 07:49:33'),
(34, 'sfsdfsd', 'active', '2019-09-30 07:57:08', '2019-09-30 07:57:22', '2019-09-30 07:57:22'),
(35, '34534', 'active', '2019-09-30 07:57:13', '2019-09-30 07:57:22', '2019-09-30 07:57:22'),
(36, 'categories', 'active', '2019-09-30 08:43:03', '2020-03-25 09:35:24', '2020-03-25 09:35:24'),
(37, 'cities', 'active', '2019-10-06 09:53:43', '2019-10-06 09:53:43', NULL),
(38, 'test', 'active', '2019-10-16 06:15:17', '2019-10-16 06:15:52', '2019-10-16 06:15:52'),
(39, 'personal-cards', 'active', '2019-10-17 09:33:07', '2019-10-17 09:33:07', NULL),
(40, 'files-attachments', 'active', '2019-10-17 09:34:43', '2020-03-25 09:33:34', '2020-03-25 09:33:34'),
(41, 'office-employees', 'active', '2019-11-03 07:35:00', '2019-11-03 08:57:24', '2019-11-03 08:57:24'),
(42, 'project-status', 'active', '2019-11-03 11:12:25', '2019-11-03 11:12:25', NULL),
(43, 'lawsuits', 'active', '2019-11-03 11:43:43', '2019-11-03 11:43:43', NULL),
(44, 'consultations', 'active', '2019-11-03 12:01:16', '2019-11-03 12:01:16', NULL);

-- --------------------------------------------------------

--
-- بنية الجدول `permission_translations`
--

CREATE TABLE `permission_translations` (
  `id` int(11) NOT NULL,
  `permission_id` int(11) NOT NULL,
  `locale` varchar(2) COLLATE utf8mb4_unicode_ci NOT NULL,
  `name` varchar(250) COLLATE utf8mb4_unicode_ci NOT NULL,
  `created_at` datetime NOT NULL,
  `updated_at` datetime NOT NULL,
  `deleted_at` datetime DEFAULT NULL
) ENGINE=InnoDB DEFAULT CHARSET=utf8mb4 COLLATE=utf8mb4_unicode_ci;

--
-- إرجاع أو استيراد بيانات الجدول `permission_translations`
--

INSERT INTO `permission_translations` (`id`, `permission_id`, `locale`, `name`, `created_at`, `updated_at`, `deleted_at`) VALUES
(2, 14, 'en', 'Admins', '2019-04-10 14:26:00', '2019-04-10 14:28:07', NULL),
(3, 14, 'ar', 'مدير', '2019-04-10 14:26:00', '2019-04-10 14:26:00', NULL),
(4, 15, 'en', 'Ads', '2019-04-10 14:26:58', '2019-04-10 14:26:58', NULL),
(5, 15, 'ar', 'اعلانات', '2019-04-10 14:26:58', '2019-04-10 14:26:58', NULL),
(6, 16, 'en', 'Contact_us', '2019-04-10 14:30:25', '2019-04-10 14:30:25', NULL),
(7, 16, 'ar', 'تواصل معنا', '2019-04-10 14:30:25', '2019-04-10 14:30:25', NULL),
(8, 17, 'en', 'Settings', '2019-04-10 14:30:41', '2019-04-10 14:30:41', NULL),
(9, 17, 'ar', 'الاعدادات', '2019-04-10 14:30:41', '2019-04-10 14:30:41', NULL),
(10, 18, 'en', 'Pages', '2019-04-10 14:30:53', '2019-04-10 14:30:53', NULL),
(11, 18, 'ar', 'الصفحات الثابتة', '2019-04-10 14:30:53', '2019-04-10 14:30:53', NULL),
(12, 19, 'en', 'Users', '2019-04-10 14:31:04', '2019-04-10 14:31:04', NULL),
(13, 19, 'ar', 'المستخدمون', '2019-04-10 14:31:04', '2019-04-10 14:31:04', NULL),
(14, 20, 'en', 'Categories', '2019-04-10 14:32:45', '2019-04-10 14:32:45', NULL),
(15, 20, 'ar', 'التصنيفات الرئيسية', '2019-04-10 14:32:45', '2019-04-10 14:32:45', NULL),
(16, 21, 'en', 'Cities', '2019-04-10 14:33:05', '2019-04-10 14:33:05', NULL),
(17, 21, 'ar', 'المدن', '2019-04-10 14:33:05', '2019-04-10 14:33:05', NULL),
(18, 22, 'en', 'Notifications', '2019-04-10 14:33:15', '2019-04-10 14:33:15', NULL),
(19, 22, 'ar', 'الاشعارات', '2019-04-10 14:33:15', '2019-04-10 14:33:15', NULL),
(20, 23, 'en', 'Products', '2019-04-10 14:33:31', '2019-04-10 14:33:31', NULL),
(21, 23, 'ar', 'المنتجات', '2019-04-10 14:33:31', '2019-04-10 14:33:31', NULL),
(22, 24, 'en', 'Orders', '2019-04-10 14:33:47', '2019-04-10 14:33:47', NULL),
(23, 24, 'ar', 'طلبات الشراء', '2019-04-10 14:33:47', '2019-04-10 14:33:47', NULL),
(24, 25, 'en', 'Permissions', '2019-04-10 14:33:57', '2019-04-10 14:33:57', NULL),
(25, 25, 'ar', 'الصلاحيات', '2019-04-10 14:33:57', '2019-04-10 14:33:57', NULL),
(26, 26, 'en', 'Test', '2019-04-10 14:34:33', '2019-04-10 14:34:33', NULL),
(27, 26, 'ar', 'تست', '2019-04-10 14:34:33', '2019-04-10 14:34:33', NULL),
(28, 27, 'en', 'Jhwqjwjqw', '2019-04-24 16:35:18', '2019-04-24 16:35:18', NULL),
(29, 27, 'ar', 'Iiuqiuwq', '2019-04-24 16:35:18', '2019-04-24 16:35:18', NULL),
(30, 28, 'en', 'Employees', '2019-05-23 12:36:40', '2019-05-23 12:36:40', NULL),
(31, 28, 'ar', 'الموظفون', '2019-05-23 12:36:40', '2019-05-23 12:36:40', NULL),
(32, 29, 'en', 'Promotions', '2019-05-26 10:32:14', '2019-05-26 10:32:14', NULL),
(33, 29, 'ar', 'كود الخصم', '2019-05-26 10:32:14', '2019-05-26 10:32:14', NULL),
(34, 30, 'en', 'Cars', '2019-05-26 10:32:28', '2019-05-26 10:32:28', NULL),
(35, 30, 'ar', 'السيارات', '2019-05-26 10:32:28', '2019-05-26 10:32:28', NULL),
(36, 31, 'en', 'Countries', '2019-09-30 03:22:10', '2019-09-30 03:22:10', NULL),
(37, 31, 'ar', 'الدول', '2019-09-30 03:22:10', '2019-10-06 09:52:31', NULL),
(38, 32, 'en', 'Dsdsd', '2019-09-30 07:49:00', '2019-09-30 07:49:00', NULL),
(39, 32, 'ar', 'سسس', '2019-09-30 07:49:00', '2019-09-30 07:49:00', NULL),
(40, 33, 'en', 'Adsasd', '2019-09-30 07:49:27', '2019-09-30 07:49:27', NULL),
(41, 33, 'ar', 'سيبسيبسي', '2019-09-30 07:49:27', '2019-09-30 07:49:27', NULL),
(42, 34, 'en', 'Sfsdfsd', '2019-09-30 07:57:08', '2019-09-30 07:57:08', NULL),
(43, 34, 'ar', 'يسبسيبسي', '2019-09-30 07:57:08', '2019-09-30 07:57:08', NULL),
(44, 35, 'en', '34534', '2019-09-30 07:57:13', '2019-09-30 07:57:13', NULL),
(45, 35, 'ar', 'يبليبل', '2019-09-30 07:57:13', '2019-09-30 07:57:13', NULL),
(46, 36, 'en', 'Categories', '2019-09-30 08:43:03', '2019-09-30 08:43:03', NULL),
(47, 36, 'ar', 'التصنيفات', '2019-09-30 08:43:03', '2019-09-30 08:43:03', NULL),
(48, 37, 'en', 'Cities', '2019-10-06 09:53:43', '2019-10-06 09:53:43', NULL),
(49, 37, 'ar', 'المدن', '2019-10-06 09:53:43', '2019-10-06 09:53:43', NULL),
(50, 38, 'en', 'Test', '2019-10-16 06:15:17', '2019-10-16 06:15:17', NULL),
(51, 38, 'ar', 'إختبار', '2019-10-16 06:15:17', '2019-10-16 06:15:17', NULL),
(52, 39, 'en', 'Personal-cards', '2019-10-17 09:33:07', '2019-10-17 09:59:25', NULL),
(53, 39, 'ar', 'البطاقات الشخصية', '2019-10-17 09:33:07', '2019-10-17 09:33:07', NULL),
(54, 40, 'en', 'Files-attachments', '2019-10-17 09:34:45', '2019-10-17 09:59:04', NULL),
(55, 40, 'ar', 'الملفات المرفقة', '2019-10-17 09:34:45', '2019-10-17 09:34:45', NULL),
(56, 41, 'en', 'Office-employees', '2019-11-03 07:35:00', '2019-11-03 08:08:36', NULL),
(57, 41, 'ar', 'موظفين المكتب', '2019-11-03 07:35:00', '2019-11-03 07:35:00', NULL),
(58, 42, 'en', 'Project-status', '2019-11-03 11:12:27', '2019-11-03 11:12:27', NULL),
(59, 42, 'ar', 'حالات المشروع', '2019-11-03 11:12:27', '2019-11-03 11:12:27', NULL),
(60, 43, 'en', 'Lawsuits', '2019-11-03 11:43:43', '2019-11-03 11:43:43', NULL),
(61, 43, 'ar', 'أنواع الدعوى', '2019-11-03 11:43:43', '2019-11-03 11:43:43', NULL),
(62, 44, 'en', 'Consultations', '2019-11-03 12:01:17', '2019-11-03 12:01:17', NULL),
(63, 44, 'ar', 'أنواع الإستشارة', '2019-11-03 12:01:17', '2019-11-03 12:01:17', NULL);

-- --------------------------------------------------------

--
-- بنية الجدول `projects`
--

CREATE TABLE `projects` (
  `id` int(30) NOT NULL,
  `office_id` int(30) NOT NULL,
  `type` int(30) NOT NULL COMMENT '''issue 1'',''consultation 2'',''other 3''',
  `client_id` int(30) DEFAULT NULL,
  `name` varchar(300) CHARACTER SET utf8mb4 NOT NULL COMMENT ' issue name or consultation name',
  `client_description_id` int(11) DEFAULT NULL,
  `contender_id` int(11) DEFAULT NULL,
  `contender_name` varchar(300) CHARACTER SET utf8mb4 DEFAULT NULL,
  `contender_address` varchar(300) CHARACTER SET utf8mb4 DEFAULT NULL,
  `case_name` varchar(300) CHARACTER SET utf8mb4 DEFAULT NULL,
  `fee_type` int(30) DEFAULT NULL COMMENT '''perhour 1'',''flats_fees 2'',''free_of_charge 3''',
  `value_per_hour` int(30) DEFAULT NULL,
  `project_number` varchar(100) DEFAULT NULL,
  `reference_number` varchar(100) DEFAULT NULL,
  `details` text CHARACTER SET utf8mb4,
  `lawsuit_id` int(30) DEFAULT NULL,
  `project_status_id` int(30) NOT NULL COMMENT '''open 1'',''close 2'',''waiting 3''',
  `start_project_date` date DEFAULT NULL,
  `gov_institution` varchar(300) CHARACTER SET utf8mb4 DEFAULT NULL,
  `consultation_id` int(30) DEFAULT NULL,
  `responsible_lawyer` int(11) DEFAULT NULL,
  `court_name` varchar(300) CHARACTER SET utf8mb4 DEFAULT NULL,
  `created_at` timestamp NOT NULL DEFAULT CURRENT_TIMESTAMP,
  `updated_at` timestamp NULL DEFAULT NULL,
  `deleted_at` timestamp NULL DEFAULT NULL
) ENGINE=InnoDB DEFAULT CHARSET=latin1;

--
-- إرجاع أو استيراد بيانات الجدول `projects`
--

INSERT INTO `projects` (`id`, `office_id`, `type`, `client_id`, `name`, `client_description_id`, `contender_id`, `contender_name`, `contender_address`, `case_name`, `fee_type`, `value_per_hour`, `project_number`, `reference_number`, `details`, `lawsuit_id`, `project_status_id`, `start_project_date`, `gov_institution`, `consultation_id`, `responsible_lawyer`, `court_name`, `created_at`, `updated_at`, `deleted_at`) VALUES
(1, 176, 1, 1, 'قضية خاصة بالعميل عبد الله', 1, 1, 'مهند سلطان', 'جدة - مكتب جرير', 'قضية خاصة بالعميل عبد الله', 2, NULL, '00001', '34423432', 'مراجعة قانونية لإنهاء نزاع بين محموعة من الشركاء', 11, 1, '2020-03-04', 'محمة صلح جدة', NULL, 188, 'محمد صلح جدة', '2020-03-18 18:21:45', '2020-03-18 18:25:24', '2020-03-18 18:25:24'),
(2, 176, 1, 1, 'قضية خاصة بالعميل عبد الله', 1, 1, 'مهند سلطان', 'جدة - مكتب جرير', 'قضية خاصة بالعميل عبد الله', 2, NULL, '00002', '34423432', 'مراجعة قانونية لإنهاء نزاع بين محموعة من الشركاء', 11, 1, '2020-03-04', 'محمة صلح جدة', NULL, 188, 'محمد صلح جدة', '2020-03-18 18:25:10', '2020-03-18 18:25:10', NULL),
(3, 176, 2, 1, 'إستشارة تتعلق بالعميل عبد الله احمد محمد', NULL, NULL, NULL, NULL, NULL, 1, 30, '00002', '32423422', 'إستشارة تتعلق بالعميل عبد الله احمد محمد إستشارة تتعلق بالعميل عبد الله احمد محمد إستشارة تتعلق بالعميل عبد الله احمد محمد إستشارة تتعلق بالعميل عبد الله احمد محمد إستشارة تتعلق بالعميل عبد الله احمد محمد إستشارة تتعلق بالعميل عبد الله احمد محمد إستشارة تتعلق بالعميل عبد الله احمد محمد إستشارة تتعلق بالعميل عبد الله احمد محمد إستشارة تتعلق بالعميل عبد الله احمد محمد إستشارة تتعلق بالعميل عبد الله احمد محمد إستشارة تتعلق بالعميل عبد الله احمد محمد إستشارة تتعلق بالعميل عبد الله احمد محمد إستشارة تتعلق بالعميل عبد الله احمد محمد', NULL, 1, NULL, NULL, 2, 188, NULL, '2020-03-18 18:27:30', '2020-03-18 18:27:30', NULL),
(4, 176, 1, 1, 'Test case', 1, 1, NULL, NULL, 'Test case', 1, 55, '00003', NULL, 'test ntetest ntetest ntetest ntetest ntetest ntetest ntetest ntetest nte', 11, 2, '1970-01-01', NULL, NULL, 188, 'test court', '2020-03-29 15:15:47', '2020-03-29 15:22:51', NULL),
(5, 176, 1, 1, 'Test case', 2, 5, NULL, NULL, 'Test case', 1, 55, '00004', NULL, 'Test desc', 11, 1, '1970-01-01', NULL, NULL, 189, 'Test court', '2020-03-30 13:49:53', '2020-03-30 13:49:53', NULL),
(6, 176, 1, 1, 'إختبار #1000', 1, 1, 'محمد', 'جدة', 'إختبار #1000', 3, NULL, '00005', '23423', 'إختبار', 11, 1, '2020-03-01', '1111', NULL, 188, 'جدة', '2020-03-31 13:04:45', '2020-03-31 13:04:45', NULL),
(7, 176, 1, 1, 'اختبار #2000', 2, 1, 'ممم', 'جدة', 'اختبار #2000', 3, NULL, '00006', '23423423', 'اختبار', 11, 1, '2020-03-02', 'ايلبيبل', NULL, 188, 'جدة', '2020-03-31 13:05:37', '2020-03-31 13:05:37', NULL),
(8, 176, 3, 1, 'إختبار لإضافة مشروع مع حقول إضافية', NULL, NULL, NULL, NULL, NULL, NULL, NULL, '00007', '1212312', 'إختبار لإضافة مشروع مع حقول إضافية إختبار لإضافة مشروع مع حقول إضافية إختبار لإضافة مشروع مع حقول إضافية إختبار لإضافة مشروع مع حقول إضافية إختبار لإضافة مشروع مع حقول إضافية إختبار لإضافة مشروع مع حقول إضافية إختبار لإضافة مشروع مع حقول إضافية إختبار لإضافة مشروع مع حقول إضافية إختبار لإضافة مشروع مع حقول إضافية إختبار لإضافة مشروع مع حقول إضافية إختبار لإضافة مشروع مع حقول إضافية', NULL, 1, NULL, NULL, NULL, 188, NULL, '2020-03-31 16:00:08', '2020-04-01 10:24:10', '2020-04-01 10:24:10'),
(9, 176, 3, 1, 'إختبار لإضافة مشروع مع حقول إضافية', NULL, NULL, NULL, NULL, NULL, NULL, NULL, '00007', '1231221', 'إختبار لإضافة مشروع مع حقول إضافية إختبار لإضافة مشروع مع حقول إضافية إختبار لإضافة مشروع مع حقول إضافية إختبار لإضافة مشروع مع حقول إضافية إختبار لإضافة مشروع مع حقول إضافية', NULL, 1, NULL, NULL, NULL, 188, NULL, '2020-04-01 10:26:10', '2020-04-01 10:27:14', '2020-04-01 10:27:14'),
(10, 176, 3, 1, 'إختبار لإضافة حقول إضافية', NULL, NULL, NULL, NULL, NULL, NULL, NULL, '00007', '234234', 'إختبار لإضافة حقول إضافية إختبار لإضافة حقول إضافية إختبار لإضافة حقول إضافية إختبار لإضافة حقول إضافية إختبار لإضافة حقول إضافية إختبار لإضافة حقول إضافية إختبار لإضافة حقول إضافية إختبار لإضافة حقول إضافية إختبار لإضافة حقول إضافية', NULL, 1, NULL, NULL, NULL, 188, NULL, '2020-04-01 10:37:12', '2020-04-01 10:39:13', '2020-04-01 10:39:13'),
(11, 176, 3, 1, 'إختبار لإضافة حقول إضافية', NULL, NULL, NULL, NULL, NULL, NULL, NULL, '00007', '4234234', 'إختبار لإضافة حقول إضافية إختبار لإضافة حقول إضافية إختبار لإضافة حقول إضافية إختبار لإضافة حقول إضافية إختبار لإضافة حقول إضافية إختبار لإضافة حقول إضافية إختبار لإضافة حقول إضافية إختبار لإضافة حقول إضافية إختبار لإضافة حقول إضافية', NULL, 1, NULL, NULL, NULL, 188, NULL, '2020-04-01 10:43:54', '2020-04-01 10:44:41', '2020-04-01 10:44:41'),
(12, 176, 3, 1, 'إختبار لإضافة حقول إضافية', NULL, NULL, NULL, NULL, NULL, NULL, NULL, '00007', '2323423', 'إختبار لإضافة حقول إضافية إختبار لإضافة حقول إضافية إختبار لإضافة حقول إضافية إختبار لإضافة حقول إضافية إختبار لإضافة حقول إضافية إختبار لإضافة حقول إضافية إختبار لإضافة حقول إضافية إختبار لإضافة حقول إضافية إختبار لإضافة حقول إضافية إختبار لإضافة حقول إضافية', NULL, 1, NULL, NULL, NULL, 188, NULL, '2020-04-01 10:46:32', '2020-04-01 10:51:32', '2020-04-01 10:51:32'),
(13, 176, 3, 1, 'إختبار لإضافة حقول إضافية', NULL, NULL, NULL, NULL, NULL, NULL, NULL, '00007', '242343', 'إختبار لإضافة حقول إضافية إختبار لإضافة حقول إضافية إختبار لإضافة حقول إضافية إختبار لإضافة حقول إضافية إختبار لإضافة حقول إضافية إختبار لإضافة حقول إضافية إختبار لإضافة حقول إضافية إختبار لإضافة حقول إضافية إختبار لإضافة حقول إضافية', NULL, 1, NULL, NULL, NULL, 188, NULL, '2020-04-01 10:53:10', '2020-04-01 11:00:02', '2020-04-01 11:00:02'),
(14, 176, 3, 1, 'إختبار لإضافة حقول إضافية', NULL, NULL, NULL, NULL, NULL, NULL, NULL, '00007', '242412', 'إختبار لإضافة حقول إضافية إختبار لإضافة حقول إضافية إختبار لإضافة حقول إضافية إختبار لإضافة حقول إضافية إختبار لإضافة حقول إضافية إختبار لإضافة حقول إضافية إختبار لإضافة حقول إضافية إختبار لإضافة حقول إضافية إختبار لإضافة حقول إضافية إختبار لإضافة حقول إضافية', NULL, 1, NULL, NULL, NULL, 188, NULL, '2020-04-01 11:00:58', '2020-04-01 11:03:03', '2020-04-01 11:03:03'),
(15, 176, 3, 1, 'إختبار لإضافة حقول إضافية', NULL, NULL, NULL, NULL, NULL, NULL, NULL, '00007', '4234234', 'إختبار لإضافة حقول إضافية إختبار لإضافة حقول إضافية إختبار لإضافة حقول إضافية إختبار لإضافة حقول إضافية إختبار لإضافة حقول إضافية إختبار لإضافة حقول إضافية إختبار لإضافة حقول إضافية', NULL, 1, NULL, NULL, NULL, 188, NULL, '2020-04-01 11:04:39', '2020-04-01 11:11:48', '2020-04-01 11:11:48'),
(16, 176, 3, 1, 'إختبار لإضافة حقول إضافية', NULL, NULL, NULL, NULL, NULL, NULL, NULL, '00007', '54435', 'إختبار لإضافة حقول إضافية إختبار لإضافة حقول إضافية إختبار لإضافة حقول إضافية إختبار لإضافة حقول إضافية إختبار لإضافة حقول إضافية إختبار لإضافة حقول إضافية إختبار لإضافة حقول إضافية', NULL, 1, NULL, NULL, NULL, 188, NULL, '2020-04-01 11:13:02', '2020-04-01 11:14:03', '2020-04-01 11:14:03'),
(17, 176, 3, 1, 'إختبار لإضافة حقول إضافية', NULL, NULL, NULL, NULL, NULL, NULL, NULL, '00007', '2423432', 'إختبار لإضافة حقول إضافية إختبار لإضافة حقول إضافية إختبار لإضافة حقول إضافية إختبار لإضافة حقول إضافية', NULL, 1, NULL, NULL, NULL, 188, NULL, '2020-04-01 11:15:20', '2020-04-01 11:17:59', '2020-04-01 11:17:59'),
(18, 176, 3, 1, 'إختبار لإضافة حقول إضافية', NULL, NULL, NULL, NULL, NULL, NULL, NULL, '00007', '234234', 'إختبار لإضافة حقول إضافية إختبار لإضافة حقول إضافية إختبار لإضافة حقول إضافية إختبار لإضافة حقول إضافية إختبار لإضافة حقول إضافية إختبار لإضافة حقول إضافية إختبار لإضافة حقول إضافية إختبار لإضافة حقول إضافية إختبار لإضافة حقول إضافية', NULL, 1, NULL, NULL, NULL, 188, NULL, '2020-04-01 11:21:43', '2020-04-01 11:22:58', '2020-04-01 11:22:58'),
(19, 176, 3, 1, 'إختبار لإضافة حقول إضافية', NULL, NULL, NULL, NULL, NULL, NULL, NULL, '00007', '24234', 'إختبار لإضافة حقول إضافية إختبار لإضافة حقول إضافية إختبار لإضافة حقول إضافية إختبار لإضافة حقول إضافية إختبار لإضافة حقول إضافية إختبار لإضافة حقول إضافية إختبار لإضافة حقول إضافية إختبار لإضافة حقول إضافية', NULL, 3, NULL, NULL, NULL, 188, NULL, '2020-04-01 11:28:43', '2020-04-01 12:48:23', '2020-04-01 12:48:23'),
(20, 176, 1, 1, 'rwerwer', 1, 5, 'rwerwer', '234234', 'rwerwer', 3, NULL, '00008', '345345', 'sdfsdfds', 11, 1, '2020-04-02', 'sdfsdf', NULL, 188, 'werer', '2020-04-01 12:15:42', '2020-04-01 12:17:47', '2020-04-01 12:17:47'),
(21, 176, 3, 1, 'إختبار لإضافة حقول إضافية', NULL, NULL, NULL, NULL, NULL, NULL, NULL, '00007', '221423', 'إختبار لإضافة حقول إضافية إختبار لإضافة حقول إضافية إختبار لإضافة حقول إضافية إختبار لإضافة حقول إضافية', NULL, 1, NULL, NULL, NULL, 188, NULL, '2020-04-01 12:52:10', '2020-04-01 12:52:10', NULL),
(22, 176, 3, 1, 'aaa', NULL, NULL, NULL, NULL, NULL, NULL, NULL, '00008', 'aa', NULL, NULL, 1, NULL, NULL, NULL, 188, NULL, '2020-04-02 13:48:32', '2020-04-02 13:51:09', '2020-04-02 13:51:09');

-- --------------------------------------------------------

--
-- بنية الجدول `projectstatuses`
--

CREATE TABLE `projectstatuses` (
  `id` int(30) NOT NULL,
  `status` enum('active','not_active') NOT NULL DEFAULT 'active',
  `created_at` timestamp NULL DEFAULT CURRENT_TIMESTAMP,
  `updated_at` timestamp NULL DEFAULT NULL,
  `deleted_at` timestamp NULL DEFAULT NULL
) ENGINE=InnoDB DEFAULT CHARSET=latin1;

--
-- إرجاع أو استيراد بيانات الجدول `projectstatuses`
--

INSERT INTO `projectstatuses` (`id`, `status`, `created_at`, `updated_at`, `deleted_at`) VALUES
(1, 'active', '2019-10-31 08:38:37', NULL, NULL),
(2, 'active', '2019-10-31 08:38:46', NULL, NULL),
(3, 'active', '2019-10-31 08:38:54', NULL, NULL),
(4, 'active', '2019-11-03 09:35:34', '2019-11-03 09:42:37', '2019-11-03 09:42:37'),
(5, 'active', '2020-03-24 14:27:54', '2020-03-25 11:48:15', '2020-03-25 11:48:15'),
(6, 'active', '2020-03-24 14:42:44', '2020-03-25 11:48:15', '2020-03-25 11:48:15'),
(7, 'not_active', '2020-03-25 14:19:06', '2020-03-25 14:21:38', '2020-03-25 14:21:38'),
(8, 'active', '2020-03-25 14:19:12', '2020-03-25 14:20:11', '2020-03-25 14:20:11');

-- --------------------------------------------------------

--
-- بنية الجدول `projectstatus_translations`
--

CREATE TABLE `projectstatus_translations` (
  `id` int(30) NOT NULL,
  `projectstatus_id` int(30) NOT NULL,
  `locale` varchar(30) NOT NULL,
  `name` varchar(300) CHARACTER SET utf8 NOT NULL,
  `created_at` timestamp NOT NULL DEFAULT CURRENT_TIMESTAMP,
  `updated_at` timestamp NULL DEFAULT NULL,
  `deleted_at` timestamp NULL DEFAULT NULL
) ENGINE=InnoDB DEFAULT CHARSET=latin1;

--
-- إرجاع أو استيراد بيانات الجدول `projectstatus_translations`
--

INSERT INTO `projectstatus_translations` (`id`, `projectstatus_id`, `locale`, `name`, `created_at`, `updated_at`, `deleted_at`) VALUES
(1, 1, 'ar', 'مفتوح', '2019-10-31 08:40:01', '2020-02-03 06:07:03', NULL),
(2, 1, 'en', 'Opened', '2019-10-31 08:40:01', NULL, NULL),
(3, 2, 'ar', 'مغلق', '2019-10-31 08:40:41', '2020-02-03 06:06:57', NULL),
(4, 2, 'en', 'Closed', '2019-10-31 08:40:41', NULL, NULL),
(5, 3, 'ar', 'قيد الإنتظار', '2019-10-31 08:41:14', NULL, NULL),
(6, 3, 'en', 'Waiting', '2019-10-31 08:41:14', NULL, NULL),
(7, 4, 'en', 'Uncat', '2019-11-03 09:35:34', '2019-11-03 09:38:22', NULL),
(8, 4, 'ar', 'غير مصنف', '2019-11-03 09:35:34', '2019-11-03 09:38:22', NULL),
(9, 5, 'en', '666', '2020-03-24 14:27:54', '2020-03-24 14:28:18', NULL),
(10, 5, 'ar', '777', '2020-03-24 14:27:54', '2020-03-24 14:28:18', NULL),
(11, 6, 'en', '234234SDFD', '2020-03-24 14:42:44', '2020-03-24 14:42:44', NULL),
(12, 6, 'ar', 'ETERT', '2020-03-24 14:42:44', '2020-03-24 14:42:44', NULL),
(13, 7, 'en', '22', '2020-03-25 14:19:06', '2020-03-25 14:19:06', NULL),
(14, 7, 'ar', '44', '2020-03-25 14:19:06', '2020-03-25 14:19:06', NULL),
(15, 8, 'en', '66', '2020-03-25 14:19:12', '2020-03-25 14:19:12', NULL),
(16, 8, 'ar', '88', '2020-03-25 14:19:12', '2020-03-25 14:19:12', NULL);

-- --------------------------------------------------------

--
-- بنية الجدول `projects_fields`
--

CREATE TABLE `projects_fields` (
  `id` int(11) NOT NULL,
  `project_id` int(11) NOT NULL,
  `field_id` int(11) NOT NULL,
  `value` text CHARACTER SET utf8mb4 NOT NULL,
  `created_at` timestamp NOT NULL DEFAULT CURRENT_TIMESTAMP,
  `updated_at` timestamp NULL DEFAULT NULL,
  `deleted_at` timestamp NULL DEFAULT NULL
) ENGINE=InnoDB DEFAULT CHARSET=latin1;

--
-- إرجاع أو استيراد بيانات الجدول `projects_fields`
--

INSERT INTO `projects_fields` (`id`, `project_id`, `field_id`, `value`, `created_at`, `updated_at`, `deleted_at`) VALUES
(36, 21, 40, 'عنوووااااااان', '2020-04-01 07:52:10', '2020-04-01 12:54:03', '2020-04-01 12:54:03'),
(37, 21, 41, 'ملالاحظظظظظااااااات', '2020-04-01 07:52:10', '2020-04-01 12:54:03', '2020-04-01 12:54:03'),
(38, 21, 40, 'عنوووااااااان 22', '2020-04-01 07:54:03', '2020-04-01 12:54:33', '2020-04-01 12:54:33'),
(39, 21, 41, 'ملالاحظظظظظااااااات 22', '2020-04-01 07:54:03', '2020-04-01 12:54:33', '2020-04-01 12:54:33'),
(40, 21, 40, 'عنوووااااااان 22', '2020-04-01 07:54:33', '2020-04-01 13:08:37', '2020-04-01 13:08:37'),
(41, 21, 41, 'ملالاحظظظظظااااااات 22', '2020-04-01 07:54:33', '2020-04-01 13:08:37', '2020-04-01 13:08:37'),
(42, 21, 40, 'عنوووااااااان', '2020-04-01 08:08:37', '2020-04-05 09:32:29', '2020-04-05 09:32:29'),
(43, 21, 41, 'ملالاحظظظظظااااااات', '2020-04-01 08:08:37', '2020-04-05 09:32:29', '2020-04-05 09:32:29'),
(44, 21, 40, 'عنوووااااااان', '2020-04-05 04:32:29', NULL, NULL),
(45, 21, 41, 'ملالاحظظظظظااااااات', '2020-04-05 04:32:29', NULL, NULL);

-- --------------------------------------------------------

--
-- بنية الجدول `projects_hours`
--

CREATE TABLE `projects_hours` (
  `id` int(11) NOT NULL,
  `client_id` int(11) DEFAULT NULL,
  `office_id` int(11) NOT NULL,
  `project_id` int(11) DEFAULT NULL,
  `task_id` int(11) DEFAULT NULL,
  `responsible_lawyer` int(11) DEFAULT NULL,
  `hours_count` int(11) DEFAULT NULL,
  `price` double DEFAULT NULL,
  `start_date` date DEFAULT NULL,
  `hour_status` enum('paid','billable','not_billable') DEFAULT 'not_billable',
  `hour_details` text CHARACTER SET utf8mb4,
  `hour_office_details` text CHARACTER SET utf8mb4,
  `created_at` timestamp NOT NULL DEFAULT CURRENT_TIMESTAMP,
  `updated_at` timestamp NULL DEFAULT NULL,
  `deleted_at` timestamp NULL DEFAULT NULL
) ENGINE=InnoDB DEFAULT CHARSET=latin1;

--
-- إرجاع أو استيراد بيانات الجدول `projects_hours`
--

INSERT INTO `projects_hours` (`id`, `client_id`, `office_id`, `project_id`, `task_id`, `responsible_lawyer`, `hours_count`, `price`, `start_date`, `hour_status`, `hour_details`, `hour_office_details`, `created_at`, `updated_at`, `deleted_at`) VALUES
(1, 1, 176, 3, 1, 188, 10, 35, '2020-03-14', 'not_billable', NULL, NULL, '2020-03-18 18:32:47', '2020-03-31 14:20:08', '2020-03-31 14:20:08'),
(2, 1, 176, 2, 2, 189, 20, 30, '2020-03-28', 'not_billable', NULL, NULL, '2020-03-18 18:33:14', '2020-03-18 18:33:14', NULL),
(3, 1, 176, 3, NULL, 191, 10, 25, '2020-03-14', 'not_billable', NULL, NULL, '2020-03-18 18:45:45', '2020-03-31 14:20:08', '2020-03-31 14:20:08'),
(4, 1, 176, 4, NULL, 192, 343, 20, '2020-03-10', 'not_billable', 'sdsds', 'sdsdsds', '2020-03-29 15:23:28', '2020-03-31 14:20:08', '2020-03-31 14:20:08'),
(5, 1, 176, 4, NULL, 189, 23232, 30, '2020-03-17', 'not_billable', 'sdsd', 'dsds', '2020-03-29 15:29:19', '2020-03-31 14:20:08', '2020-03-31 14:20:08'),
(6, 1, 176, 4, NULL, 189, 23232, 30, '2020-03-17', 'not_billable', 'sdsd', 'dsds', '2020-03-29 15:29:22', '2020-04-01 11:16:13', '2020-04-01 11:16:13'),
(7, NULL, 176, NULL, 2, 192, 5, 20, '2020-03-14', 'not_billable', 'test hours', 'test', '2020-03-30 08:43:45', '2020-03-31 14:20:08', '2020-03-31 14:20:08'),
(8, 1, 176, 4, 7, 189, 22, 30, '2020-03-21', 'not_billable', NULL, NULL, '2020-03-31 12:21:26', '2020-04-01 11:16:13', '2020-04-01 11:16:13'),
(9, 1, 176, 3, 3, 189, 55, 30, '2020-03-21', 'not_billable', NULL, NULL, '2020-03-31 12:21:59', '2020-03-31 12:21:59', NULL),
(10, 1, 176, 2, 2, 192, 1000, 20, '2020-03-01', 'not_billable', NULL, NULL, '2020-03-31 12:22:36', '2020-03-31 14:19:35', '2020-03-31 14:19:35'),
(11, 1, 176, 7, NULL, 188, 33, 35, '2020-03-07', 'not_billable', NULL, NULL, '2020-03-31 13:14:56', '2020-03-31 14:19:35', '2020-03-31 14:19:35'),
(12, NULL, 176, NULL, 34, 188, 333, 35, '2020-03-07', 'not_billable', NULL, NULL, '2020-03-31 13:45:34', '2020-03-31 14:19:35', '2020-03-31 14:19:35'),
(13, NULL, 176, NULL, 34, 188, 66, 35, '2020-03-06', 'not_billable', NULL, NULL, '2020-03-31 13:46:30', '2020-03-31 14:19:35', '2020-03-31 14:19:35'),
(14, 1, 176, 7, 32, 188, 888, 35, '2020-02-01', 'not_billable', NULL, NULL, '2020-03-31 13:47:19', '2020-03-31 14:19:21', '2020-03-31 14:19:21'),
(15, 1, 176, 3, NULL, 189, 11, 30, '2020-02-01', 'not_billable', NULL, NULL, '2020-03-31 13:57:26', '2020-03-31 13:57:42', '2020-03-31 13:57:42'),
(16, 1, 176, 3, NULL, 189, 11, 30, '2020-02-01', 'not_billable', NULL, NULL, '2020-03-31 13:57:26', '2020-03-31 13:57:42', '2020-03-31 13:57:42'),
(17, 1, 176, 3, NULL, 189, 11, 30, '2020-02-01', 'not_billable', NULL, NULL, '2020-03-31 13:57:26', '2020-03-31 13:57:42', '2020-03-31 13:57:42'),
(18, 1, 176, 3, NULL, 189, 11, 30, '2020-02-01', 'not_billable', NULL, NULL, '2020-03-31 13:57:26', '2020-03-31 13:57:42', '2020-03-31 13:57:42'),
(19, 1, 176, 3, NULL, 189, 11, 30, '2020-02-01', 'not_billable', NULL, NULL, '2020-03-31 13:57:26', '2020-03-31 14:19:21', '2020-03-31 14:19:21'),
(20, 1, 176, 3, NULL, 189, 11, 30, '2020-02-01', 'not_billable', NULL, NULL, '2020-03-31 13:57:26', '2020-03-31 14:19:21', '2020-03-31 14:19:21'),
(21, 1, 176, 3, NULL, 189, 11, 30, '2020-02-01', 'not_billable', NULL, NULL, '2020-03-31 13:57:27', '2020-03-31 14:19:21', '2020-03-31 14:19:21'),
(22, 1, 176, 3, NULL, 189, 11, 30, '2020-02-01', 'not_billable', NULL, NULL, '2020-03-31 13:57:27', '2020-03-31 14:19:21', '2020-03-31 14:19:21'),
(23, 1, 176, 3, NULL, 189, 11, 30, '2020-02-01', 'not_billable', NULL, NULL, '2020-03-31 13:57:27', '2020-03-31 14:19:35', '2020-03-31 14:19:35'),
(24, 1, 176, 3, NULL, 188, 22, 35, '2020-02-01', 'not_billable', NULL, NULL, '2020-03-31 14:24:14', '2020-03-31 14:24:14', NULL),
(25, NULL, 176, NULL, 34, 188, 244, 35, '2020-04-04', 'not_billable', '1', NULL, '2020-04-01 14:37:12', '2020-04-01 14:37:12', NULL),
(26, NULL, 176, NULL, 34, 188, 11, 35, '2020-04-10', 'not_billable', NULL, NULL, '2020-04-01 14:47:09', '2020-04-01 14:47:09', NULL),
(27, NULL, 176, NULL, 34, 188, 11, 35, '2020-04-04', 'not_billable', NULL, NULL, '2020-04-01 15:16:26', '2020-04-01 15:16:26', NULL),
(28, NULL, 176, NULL, 40, 191, 2, 25, '2020-04-18', 'not_billable', NULL, NULL, '2020-04-01 17:14:47', '2020-04-01 17:14:47', NULL),
(29, NULL, 176, NULL, 34, 191, 1, 25, '2020-04-11', 'not_billable', NULL, NULL, '2020-04-01 17:20:36', '2020-04-01 17:20:36', NULL),
(30, NULL, 176, NULL, 34, 189, 3, 30, '2020-04-30', 'not_billable', NULL, NULL, '2020-04-01 17:24:36', '2020-04-01 17:24:36', NULL),
(31, 1, 176, 21, NULL, 189, 3, 30, '2020-04-04', 'not_billable', NULL, NULL, '2020-04-02 14:00:56', '2020-04-02 14:00:56', NULL),
(32, 1, 176, 21, NULL, 192, 5, 20, '2020-04-18', 'not_billable', NULL, NULL, '2020-04-02 14:02:57', '2020-04-02 14:02:57', NULL),
(33, 1, 176, 2, 2, 189, 2, 30, '2020-04-17', 'not_billable', NULL, NULL, '2020-04-02 17:58:55', '2020-04-02 17:58:55', NULL),
(34, 1, 176, 3, 1, 188, 4, 35, '2020-01-01', 'not_billable', NULL, NULL, '2020-04-02 18:01:26', '2020-04-02 18:01:26', NULL),
(35, 1, 176, 7, 32, 188, 2, 35, '2020-04-04', 'not_billable', NULL, NULL, '2020-04-05 12:05:31', '2020-04-05 12:05:31', NULL),
(36, 1, 176, 7, 32, 188, 2, 35, '2020-04-11', 'not_billable', NULL, NULL, '2020-04-05 12:16:46', '2020-04-05 12:16:46', NULL),
(37, 1, 176, 7, 32, 188, 2, 35, '2020-04-23', 'not_billable', NULL, NULL, '2020-04-05 12:18:43', '2020-04-05 12:18:43', NULL),
(38, 1, 176, 21, NULL, 188, 13, 35, '2020-04-04', 'not_billable', NULL, NULL, '2020-04-05 14:09:07', '2020-04-05 14:09:07', NULL),
(39, NULL, 176, NULL, 32, 191, 1, 25, '2020-01-04', 'not_billable', NULL, NULL, '2020-04-05 14:36:25', '2020-04-05 14:36:25', NULL),
(40, NULL, 176, NULL, 32, 188, 2, 35, '2020-02-08', 'not_billable', NULL, NULL, '2020-04-05 14:37:33', '2020-04-05 14:37:33', NULL),
(41, NULL, 176, NULL, 32, 189, 1, 30, '2019-12-21', 'not_billable', NULL, NULL, '2020-04-05 14:38:06', '2020-04-05 14:38:06', NULL),
(42, 1, 176, 21, 43, 189, 10, 30, '2019-10-18', 'not_billable', NULL, NULL, '2020-04-05 14:39:59', '2020-04-05 14:39:59', NULL),
(43, 1, 176, 2, NULL, 188, 10, 35, '2020-04-04', 'not_billable', NULL, NULL, '2020-04-05 14:57:19', '2020-04-05 14:57:19', NULL),
(44, 1, 176, 5, NULL, 188, 2, 35, '2020-04-04', 'not_billable', NULL, NULL, '2020-04-05 14:58:36', '2020-04-05 14:58:36', NULL),
(45, 1, 176, 3, NULL, 189, 2, 30, '2020-04-04', 'not_billable', NULL, NULL, '2020-04-05 14:59:54', '2020-04-05 14:59:54', NULL),
(46, 1, 176, 5, NULL, 188, 2, 35, '2020-04-04', 'not_billable', NULL, NULL, '2020-04-05 15:01:26', '2020-04-05 15:01:26', NULL),
(47, 1, 176, 21, NULL, 188, 2, 35, '2020-04-04', 'not_billable', NULL, NULL, '2020-04-05 16:15:26', '2020-04-05 16:15:26', NULL),
(48, 1, 176, 21, NULL, 189, 2, 30, '2020-04-04', 'not_billable', NULL, NULL, '2020-04-05 16:46:16', '2020-04-05 16:46:16', NULL),
(49, 1, 176, 21, NULL, 189, 10, 30, '2019-12-07', 'not_billable', NULL, NULL, '2020-04-05 16:46:38', '2020-04-05 16:46:38', NULL);

-- --------------------------------------------------------

--
-- بنية الجدول `project_employees`
--

CREATE TABLE `project_employees` (
  `id` int(11) NOT NULL,
  `project_id` int(11) NOT NULL,
  `user_id` int(11) NOT NULL,
  `created_at` timestamp NOT NULL DEFAULT CURRENT_TIMESTAMP,
  `updated_at` timestamp NULL DEFAULT NULL,
  `deleted_at` timestamp NULL DEFAULT NULL
) ENGINE=InnoDB DEFAULT CHARSET=latin1;

--
-- إرجاع أو استيراد بيانات الجدول `project_employees`
--

INSERT INTO `project_employees` (`id`, `project_id`, `user_id`, `created_at`, `updated_at`, `deleted_at`) VALUES
(1, 2, 188, '2020-03-18 13:25:10', NULL, NULL),
(2, 2, 189, '2020-03-18 13:25:10', NULL, NULL),
(3, 4, 189, '2020-03-29 10:15:47', NULL, NULL),
(4, 5, 188, '2020-03-30 08:49:53', NULL, NULL),
(5, 5, 191, '2020-03-30 08:49:53', NULL, NULL),
(6, 5, 192, '2020-03-30 08:49:53', NULL, NULL),
(7, 6, 188, '2020-03-31 08:04:45', NULL, NULL),
(8, 7, 192, '2020-03-31 08:05:37', NULL, NULL),
(9, 20, 188, '2020-04-01 07:15:42', NULL, NULL);

-- --------------------------------------------------------

--
-- بنية الجدول `questions`
--

CREATE TABLE `questions` (
  `id` int(30) NOT NULL,
  `question_number` int(30) NOT NULL,
  `text` text CHARACTER SET utf8mb4 NOT NULL,
  `answer` varchar(300) CHARACTER SET utf8mb4 NOT NULL,
  `section_id` int(30) NOT NULL,
  `page_number` int(30) NOT NULL,
  `logo` varchar(300) NOT NULL,
  `status` int(30) NOT NULL,
  `sort` int(30) NOT NULL,
  `created_at` timestamp NOT NULL DEFAULT CURRENT_TIMESTAMP ON UPDATE CURRENT_TIMESTAMP,
  `updated_at` timestamp NULL DEFAULT NULL,
  `deleted_at` timestamp NULL DEFAULT NULL
) ENGINE=InnoDB DEFAULT CHARSET=latin1;

-- --------------------------------------------------------

--
-- بنية الجدول `reminds_times`
--

CREATE TABLE `reminds_times` (
  `id` int(30) NOT NULL,
  `status` enum('active','not_active') NOT NULL,
  `created_at` timestamp NOT NULL DEFAULT CURRENT_TIMESTAMP,
  `updated_at` timestamp NULL DEFAULT NULL,
  `deleted_at` timestamp NULL DEFAULT NULL
) ENGINE=InnoDB DEFAULT CHARSET=latin1;

--
-- إرجاع أو استيراد بيانات الجدول `reminds_times`
--

INSERT INTO `reminds_times` (`id`, `status`, `created_at`, `updated_at`, `deleted_at`) VALUES
(1, 'active', '2019-10-13 07:41:13', NULL, NULL),
(2, 'active', '2019-10-13 07:41:13', '2019-11-03 08:34:37', NULL),
(3, 'active', '2019-10-13 07:41:28', NULL, NULL),
(5, 'active', '2019-10-17 08:00:15', '2019-10-17 08:01:55', NULL),
(6, 'active', '2019-10-17 08:06:24', '2019-10-17 08:07:16', NULL),
(7, 'active', '2019-10-17 08:06:32', '2019-10-17 08:07:13', NULL),
(8, 'active', '2019-10-17 08:06:36', '2019-10-17 08:07:08', NULL);

-- --------------------------------------------------------

--
-- بنية الجدول `remind_time_translations`
--

CREATE TABLE `remind_time_translations` (
  `id` int(30) NOT NULL,
  `remind_time_id` int(30) NOT NULL,
  `locale` varchar(30) NOT NULL,
  `name` varchar(300) CHARACTER SET utf8mb4 NOT NULL,
  `created_at` timestamp NOT NULL DEFAULT CURRENT_TIMESTAMP,
  `updated_at` timestamp NULL DEFAULT NULL,
  `deleted_at` timestamp NULL DEFAULT NULL
) ENGINE=InnoDB DEFAULT CHARSET=latin1;

--
-- إرجاع أو استيراد بيانات الجدول `remind_time_translations`
--

INSERT INTO `remind_time_translations` (`id`, `remind_time_id`, `locale`, `name`, `created_at`, `updated_at`, `deleted_at`) VALUES
(1, 1, 'ar', 'قبل ساعة', '2019-12-30 12:42:24', NULL, NULL),
(2, 1, 'en', 'Before an Hour', '2019-12-30 12:42:24', NULL, NULL),
(3, 2, 'ar', 'قبل ساعتين', '2019-12-30 12:42:51', NULL, NULL),
(4, 2, 'en', 'Before Two Hours', '2019-12-30 12:42:51', NULL, NULL),
(5, 3, 'ar', 'قبل 3 ساعات', '2019-12-30 12:43:17', NULL, NULL),
(6, 3, 'en', 'Before Three Hours', '2019-12-30 12:43:17', NULL, NULL),
(7, 4, 'ar', 'قبل 6 ساعات', '2019-12-30 12:43:44', NULL, NULL),
(8, 4, 'en', 'Before Six Hours', '2019-12-30 12:43:44', NULL, NULL),
(9, 5, 'ar', 'قبل 12 ساعة', '2019-12-30 12:44:14', NULL, NULL),
(10, 5, 'en', 'Before Tweleve Hours', '2019-12-30 12:44:14', NULL, NULL),
(11, 6, 'ar', 'قبل يوم', '2019-12-30 12:44:39', NULL, NULL),
(12, 6, 'en', 'Before one Day', '2019-12-30 12:44:39', NULL, NULL),
(13, 7, 'ar', 'قبل يومين', '2019-12-30 12:45:08', NULL, NULL),
(14, 7, 'en', 'Before Two Days', '2019-12-30 12:45:08', NULL, NULL),
(15, 8, 'ar', 'قبل إسبوع', '2019-12-30 12:45:46', NULL, NULL),
(16, 8, 'en', 'Before One Week', '2019-12-30 12:45:46', NULL, NULL);

-- --------------------------------------------------------

--
-- بنية الجدول `reports`
--

CREATE TABLE `reports` (
  `id` int(11) NOT NULL,
  `responsible_lawyer` int(11) NOT NULL,
  `office_id` int(11) NOT NULL,
  `client_id` int(11) NOT NULL,
  `project_id` int(11) NOT NULL,
  `task_id` int(11) NOT NULL,
  `report_content` text CHARACTER SET utf8 NOT NULL,
  `report_office_content` text CHARACTER SET utf8mb4 NOT NULL,
  `next_date` date DEFAULT NULL,
  `next_time` time DEFAULT NULL,
  `appendix` text CHARACTER SET utf8mb4 NOT NULL,
  `status` enum('draft','completed') COLLATE utf8_unicode_ci NOT NULL DEFAULT 'draft',
  `created_at` timestamp NOT NULL DEFAULT CURRENT_TIMESTAMP,
  `updated_at` timestamp NULL DEFAULT NULL,
  `deleted_at` timestamp NULL DEFAULT NULL
) ENGINE=MyISAM DEFAULT CHARSET=utf8 COLLATE=utf8_unicode_ci;

--
-- إرجاع أو استيراد بيانات الجدول `reports`
--

INSERT INTO `reports` (`id`, `responsible_lawyer`, `office_id`, `client_id`, `project_id`, `task_id`, `report_content`, `report_office_content`, `next_date`, `next_time`, `appendix`, `status`, `created_at`, `updated_at`, `deleted_at`) VALUES
(1, 176, 176, 1, 3, 1, 'تقرير خاص بالعميل عبد الله احمد محمد تقرير خاص بالعميل عبد الله احمد محمد تقرير خاص بالعميل عبد الله احمد محمد تقرير خاص بالعميل عبد الله احمد محمد تقرير خاص بالعميل عبد الله احمد محمد تقرير خاص بالعميل عبد الله احمد محمد تقرير خاص بالعميل عبد الله احمد محمد تقرير خاص بالعميل عبد الله احمد محمد تقرير خاص بالعميل عبد الله احمد محمد', 'تقرير خاص بالعميل عبد الله احمد محمد تقرير خاص بالعميل عبد الله احمد محمد تقرير خاص بالعميل عبد الله احمد محمد تقرير خاص بالعميل عبد الله احمد محمد تقرير خاص بالعميل عبد الله احمد محمد تقرير خاص بالعميل عبد الله احمد محمد تقرير خاص بالعميل عبد الله احمد محمد تقرير خاص بالعميل عبد الله احمد محمد تقرير خاص بالعميل عبد الله احمد محمد', '2020-03-04', '08:30:00', 'تقرير خاص بالعميل عبد الله', 'draft', '2020-03-18 19:17:50', '2020-03-18 19:17:50', NULL),
(2, 176, 176, 1, 2, 11, '11', '22', NULL, NULL, '33', 'draft', '2020-03-31 12:26:05', '2020-03-31 12:26:05', NULL),
(3, 176, 176, 1, 7, 32, 'شش', 'شش', NULL, NULL, 'شش', 'draft', '2020-03-31 13:23:13', '2020-03-31 13:23:13', NULL),
(4, 176, 176, 1, 7, 34, 'test', 'test', NULL, NULL, 'test', 'draft', '2020-04-01 15:51:16', '2020-04-01 15:51:16', NULL),
(5, 176, 176, 1, 7, 34, '44', '555', NULL, NULL, '66', 'draft', '2020-04-01 17:21:00', '2020-04-01 17:21:00', NULL),
(6, 176, 176, 1, 7, 32, 'aa', 'bb', NULL, NULL, 'cc', 'draft', '2020-04-05 12:28:47', '2020-04-05 12:28:47', NULL);

-- --------------------------------------------------------

--
-- بنية الجدول `reports_expenses`
--

CREATE TABLE `reports_expenses` (
  `id` int(11) NOT NULL,
  `report_id` int(11) NOT NULL,
  `expense_id` int(11) NOT NULL,
  `created_at` timestamp NOT NULL DEFAULT CURRENT_TIMESTAMP,
  `updated_at` timestamp NULL DEFAULT NULL,
  `deleted_at` timestamp NULL DEFAULT NULL
) ENGINE=InnoDB DEFAULT CHARSET=latin1;

--
-- إرجاع أو استيراد بيانات الجدول `reports_expenses`
--

INSERT INTO `reports_expenses` (`id`, `report_id`, `expense_id`, `created_at`, `updated_at`, `deleted_at`) VALUES
(1, 1, 1, '2020-03-18 14:17:51', NULL, NULL),
(2, 1, 3, '2020-03-18 14:17:51', NULL, NULL);

-- --------------------------------------------------------

--
-- بنية الجدول `reports_hours`
--

CREATE TABLE `reports_hours` (
  `id` int(11) NOT NULL,
  `report_id` int(11) NOT NULL,
  `hour_id` int(11) NOT NULL,
  `created_at` timestamp NOT NULL DEFAULT CURRENT_TIMESTAMP,
  `updated_at` timestamp NULL DEFAULT NULL,
  `deleted_at` timestamp NULL DEFAULT NULL
) ENGINE=InnoDB DEFAULT CHARSET=latin1;

--
-- إرجاع أو استيراد بيانات الجدول `reports_hours`
--

INSERT INTO `reports_hours` (`id`, `report_id`, `hour_id`, `created_at`, `updated_at`, `deleted_at`) VALUES
(1, 1, 1, '2020-03-18 14:17:50', NULL, NULL),
(2, 1, 3, '2020-03-18 14:17:50', NULL, NULL);

-- --------------------------------------------------------

--
-- بنية الجدول `reports_outputs`
--

CREATE TABLE `reports_outputs` (
  `id` int(11) NOT NULL,
  `status` enum('active','not_active') NOT NULL DEFAULT 'active',
  `created_at` timestamp NOT NULL DEFAULT CURRENT_TIMESTAMP,
  `updated_at` timestamp NULL DEFAULT NULL,
  `deleted_at` timestamp NULL DEFAULT NULL
) ENGINE=InnoDB DEFAULT CHARSET=latin1;

--
-- إرجاع أو استيراد بيانات الجدول `reports_outputs`
--

INSERT INTO `reports_outputs` (`id`, `status`, `created_at`, `updated_at`, `deleted_at`) VALUES
(1, 'active', '2019-12-25 13:18:10', NULL, NULL),
(2, 'active', '2019-12-25 13:18:14', NULL, NULL),
(3, 'active', '2020-01-06 08:25:17', NULL, NULL),
(4, 'active', '2020-01-06 08:25:25', NULL, NULL),
(6, 'active', '2020-03-02 06:39:45', NULL, NULL);

-- --------------------------------------------------------

--
-- بنية الجدول `reports_reports_outputs`
--

CREATE TABLE `reports_reports_outputs` (
  `id` int(11) NOT NULL,
  `report_id` int(11) NOT NULL,
  `report_output_id` int(11) NOT NULL,
  `created_at` timestamp NOT NULL DEFAULT CURRENT_TIMESTAMP,
  `updated_at` timestamp NULL DEFAULT NULL,
  `deleted_at` timestamp NULL DEFAULT NULL
) ENGINE=InnoDB DEFAULT CHARSET=latin1;

--
-- إرجاع أو استيراد بيانات الجدول `reports_reports_outputs`
--

INSERT INTO `reports_reports_outputs` (`id`, `report_id`, `report_output_id`, `created_at`, `updated_at`, `deleted_at`) VALUES
(11, 3, 1, '2020-03-02 09:15:17', NULL, NULL),
(12, 3, 4, '2020-03-02 09:15:17', NULL, NULL),
(13, 4, 2, '2020-03-02 09:22:14', NULL, NULL),
(14, 8, 2, '2020-03-02 09:29:15', NULL, NULL),
(15, 8, 4, '2020-03-02 09:29:15', NULL, NULL),
(16, 9, 1, '2020-03-02 09:33:31', NULL, NULL),
(17, 9, 2, '2020-03-02 09:33:31', NULL, NULL),
(18, 9, 3, '2020-03-02 09:33:31', NULL, NULL),
(19, 9, 4, '2020-03-02 09:33:31', NULL, NULL),
(20, 9, 6, '2020-03-02 09:33:31', NULL, NULL),
(21, 10, 1, '2020-03-04 07:45:37', NULL, NULL),
(22, 10, 2, '2020-03-04 07:45:37', NULL, NULL),
(23, 10, 3, '2020-03-04 07:45:37', NULL, NULL),
(24, 11, 1, '2020-03-08 10:17:01', NULL, NULL),
(25, 12, 3, '2020-03-09 07:28:58', NULL, NULL),
(26, 13, 1, '2020-03-09 07:29:46', NULL, NULL),
(27, 14, 2, '2020-03-09 07:34:17', NULL, NULL),
(28, 15, 2, '2020-03-09 07:36:03', NULL, NULL),
(29, 16, 1, '2020-03-09 08:53:56', NULL, NULL),
(30, 16, 2, '2020-03-09 08:53:56', NULL, NULL),
(31, 16, 3, '2020-03-09 08:53:56', NULL, NULL),
(32, 16, 4, '2020-03-09 08:53:56', NULL, NULL),
(33, 17, 1, '2020-03-09 13:22:49', NULL, NULL),
(34, 17, 2, '2020-03-09 13:22:49', NULL, NULL),
(35, 18, 2, '2020-03-09 13:39:10', NULL, NULL),
(36, 18, 4, '2020-03-09 13:39:10', NULL, NULL),
(37, 19, 3, '2020-03-09 13:49:23', NULL, NULL),
(38, 20, 3, '2020-03-09 13:51:42', NULL, NULL),
(39, 21, 1, '2020-03-10 07:49:05', NULL, NULL),
(40, 21, 3, '2020-03-10 07:49:05', NULL, NULL),
(41, 22, 3, '2020-03-10 07:50:08', NULL, NULL),
(42, 22, 4, '2020-03-10 07:50:08', NULL, NULL),
(43, 23, 2, '2020-03-10 07:51:09', NULL, NULL),
(44, 23, 3, '2020-03-10 07:51:09', NULL, NULL),
(45, 24, 1, '2020-03-10 07:52:59', NULL, NULL),
(46, 24, 2, '2020-03-10 07:52:59', NULL, NULL),
(47, 24, 4, '2020-03-10 07:52:59', NULL, NULL),
(48, 25, 3, '2020-03-10 07:53:36', NULL, NULL),
(49, 26, 1, '2020-03-10 07:54:12', NULL, NULL),
(50, 27, 1, '2020-03-10 07:54:49', NULL, NULL),
(51, 27, 2, '2020-03-10 07:54:49', NULL, NULL),
(52, 28, 2, '2020-03-10 07:55:23', NULL, NULL),
(53, 28, 4, '2020-03-10 07:55:23', NULL, NULL),
(54, 29, 2, '2020-03-10 08:31:22', NULL, NULL),
(55, 30, 1, '2020-03-10 08:33:32', NULL, NULL),
(56, 30, 2, '2020-03-10 08:33:32', NULL, NULL),
(57, 30, 3, '2020-03-10 08:33:32', NULL, NULL),
(58, 31, 2, '2020-03-10 08:34:15', NULL, NULL),
(59, 32, 2, '2020-03-10 08:36:00', NULL, NULL),
(60, 48, 2, '2020-03-11 08:34:08', NULL, NULL),
(61, 49, 1, '2020-03-11 08:34:40', NULL, NULL),
(62, 1, 4, '2020-03-11 11:24:33', NULL, NULL),
(63, 14, 4, '2020-03-15 14:21:16', NULL, NULL),
(64, 15, 1, '2020-03-17 09:02:20', NULL, NULL),
(65, 15, 2, '2020-03-17 09:02:20', NULL, NULL),
(66, 15, 4, '2020-03-17 09:02:20', NULL, NULL),
(67, 16, 1, '2020-03-17 09:25:38', NULL, NULL),
(68, 17, 1, '2020-03-18 11:24:21', NULL, NULL),
(69, 18, 3, '2020-03-18 12:26:27', NULL, NULL),
(70, 1, 1, '2020-03-18 14:17:50', NULL, NULL);

-- --------------------------------------------------------

--
-- بنية الجدول `reports_tasks`
--

CREATE TABLE `reports_tasks` (
  `id` int(11) NOT NULL,
  `report_id` int(11) NOT NULL,
  `task_id` int(11) NOT NULL,
  `created_at` timestamp NOT NULL DEFAULT CURRENT_TIMESTAMP,
  `updated_at` timestamp NULL DEFAULT NULL,
  `deleted_at` timestamp NULL DEFAULT NULL
) ENGINE=InnoDB DEFAULT CHARSET=latin1;

--
-- إرجاع أو استيراد بيانات الجدول `reports_tasks`
--

INSERT INTO `reports_tasks` (`id`, `report_id`, `task_id`, `created_at`, `updated_at`, `deleted_at`) VALUES
(1, 1, 1, '2020-03-18 14:17:51', NULL, NULL),
(2, 1, 3, '2020-03-18 14:17:51', NULL, NULL);

-- --------------------------------------------------------

--
-- بنية الجدول `report_output_translations`
--

CREATE TABLE `report_output_translations` (
  `id` int(30) NOT NULL,
  `report_output_id` int(30) NOT NULL,
  `locale` varchar(30) NOT NULL,
  `name` varchar(300) CHARACTER SET utf8mb4 NOT NULL,
  `created_at` timestamp NOT NULL DEFAULT CURRENT_TIMESTAMP,
  `updated_at` timestamp NULL DEFAULT NULL,
  `deleted_at` timestamp NULL DEFAULT NULL
) ENGINE=InnoDB DEFAULT CHARSET=latin1;

--
-- إرجاع أو استيراد بيانات الجدول `report_output_translations`
--

INSERT INTO `report_output_translations` (`id`, `report_output_id`, `locale`, `name`, `created_at`, `updated_at`, `deleted_at`) VALUES
(5, 1, 'ar', 'جميع الحقول', '2020-01-06 08:33:05', NULL, NULL),
(6, 1, 'en', 'All fields', '2020-01-06 08:33:05', NULL, NULL),
(7, 2, 'ar', 'البيانات الأساسية', '2020-01-06 08:33:40', NULL, NULL),
(8, 2, 'en', 'basic information', '2020-01-06 08:33:40', NULL, NULL),
(9, 3, 'ar', 'الساعات', '2020-01-06 08:34:12', NULL, NULL),
(10, 3, 'en', 'Hours', '2020-01-06 08:34:12', NULL, NULL),
(11, 4, 'ar', 'المصروفات', '2020-01-06 08:34:49', NULL, NULL),
(12, 4, 'en', 'Expenses', '2020-01-06 08:34:49', NULL, NULL),
(15, 6, 'ar', 'المهام', '2020-03-02 06:41:28', NULL, NULL),
(16, 6, 'en', 'Tasks', '2020-03-02 06:41:28', NULL, NULL);

-- --------------------------------------------------------

--
-- بنية الجدول `representatives`
--

CREATE TABLE `representatives` (
  `id` int(30) NOT NULL,
  `client_id` int(30) NOT NULL,
  `name` varchar(300) CHARACTER SET utf8mb4 NOT NULL,
  `address` varchar(300) CHARACTER SET utf8mb4 NOT NULL,
  `email` varchar(150) NOT NULL,
  `mobile` varchar(20) NOT NULL,
  `role_name` varchar(300) CHARACTER SET utf8mb4 NOT NULL,
  `created_at` timestamp NOT NULL DEFAULT CURRENT_TIMESTAMP,
  `updated_at` timestamp NULL DEFAULT NULL,
  `deleted_at` timestamp NULL DEFAULT NULL
) ENGINE=InnoDB DEFAULT CHARSET=latin1;

--
-- إرجاع أو استيراد بيانات الجدول `representatives`
--

INSERT INTO `representatives` (`id`, `client_id`, `name`, `address`, `email`, `mobile`, `role_name`, `created_at`, `updated_at`, `deleted_at`) VALUES
(1, 1, 'محمد خالد', 'جدة', 'moh@yahoo.com', '345345345', 'مستشار', '2020-02-12 13:17:15', '2020-03-11 13:36:28', '2020-03-11 13:36:28'),
(2, 1, 'علي عبد السلام', 'مكة', 'ali@yahoo.com', '567567567', 'مساعد إداري', '2020-02-12 13:17:15', '2020-03-11 13:36:28', '2020-03-11 13:36:28'),
(3, 1, 'روند احمد', 'القصيم', 'rawand@yahoo.com', '564564563', 'محامي', '2020-02-12 13:17:15', '2020-03-11 13:36:28', '2020-03-11 13:36:28'),
(4, 26, 'محمد أحمد', 'جدة', 'mohammed1@gmail.com', '234234234', 'مستشار', '2020-03-09 06:44:11', '2020-03-16 13:06:56', '2020-03-16 13:06:56'),
(5, 26, 'علي عبد الله', 'مكة', 'ali1@gmail.com', '23532353', 'محامي', '2020-03-09 06:44:11', '2020-03-16 13:06:56', '2020-03-16 13:06:56'),
(6, 1, 'محمد خالد', 'جدة', 'moh@yahoo.com', '345345345', 'مستشار', '2020-03-11 08:36:28', '2020-03-16 13:05:12', '2020-03-16 13:05:12'),
(7, 1, 'علي عبد السلام', 'مكة', 'ali@yahoo.com', '567567567', 'مساعد إداري', '2020-03-11 08:36:28', '2020-03-16 13:05:12', '2020-03-16 13:05:12'),
(8, 1, 'روند احمد', 'القصيم', 'rawand@yahoo.com', '564564563', 'محامي', '2020-03-11 08:36:28', '2020-03-16 13:05:12', '2020-03-16 13:05:12'),
(9, 1, 'محمد خالد', 'جدة', 'moh@yahoo.com', '345345345', 'مستشار', '2020-03-16 08:05:12', '2020-03-16 13:08:47', '2020-03-16 13:08:47'),
(10, 1, 'علي عبد السلام', 'مكة', 'ali@yahoo.com', '567567567', 'مساعد إداري', '2020-03-16 08:05:12', '2020-03-16 13:08:47', '2020-03-16 13:08:47'),
(11, 1, 'روند احمد', 'القصيم', 'rawand@yahoo.com', '564564563', 'محامي', '2020-03-16 08:05:12', '2020-03-16 13:08:47', '2020-03-16 13:08:47'),
(12, 26, 'محمد أحمد', 'جدة', 'mohammed1@gmail.com', '234234234', 'مستشار', '2020-03-16 08:06:56', NULL, NULL),
(13, 26, 'علي عبد الله', 'مكة', 'ali1@gmail.com', '23532353', 'محامي', '2020-03-16 08:06:56', NULL, NULL),
(14, 1, 'محمد خالد', 'جدة', 'moh@yahoo.com', '345345345', 'مستشار', '2020-03-16 08:08:47', '2020-04-05 09:14:11', '2020-04-05 09:14:11'),
(15, 1, 'علي عبد السلام', 'مكة', 'ali@yahoo.com', '567567567', 'مساعد إداري', '2020-03-16 08:08:47', '2020-04-05 09:14:11', '2020-04-05 09:14:11'),
(16, 1, 'روند احمد', 'القصيم', 'rawand@yahoo.com', '564564563', 'محامي', '2020-03-16 08:08:47', '2020-04-05 09:14:11', '2020-04-05 09:14:11'),
(17, 1, 'علي عبد الله', 'جدة', 'ali@yahoo.com', '0599377814', 'مستشار', '2020-03-18 13:11:08', '2020-04-05 09:14:11', '2020-04-05 09:14:11'),
(18, 1, 'بندر احمد', 'مكة', 'bander@yahoo.com', '0599300800', 'إداري', '2020-03-18 13:11:08', '2020-04-05 09:14:11', '2020-04-05 09:14:11'),
(19, 2, 'عبد الله الغامدي', 'الخبر', 'abdallah@yahoo.com', '23542323', 'مطور اعمال تجارية', '2020-03-18 13:15:24', NULL, NULL),
(20, 2, 'علي البحراني', 'الدمام', 'alialbhrani@yahoo.com', '34534534', 'مستشار قانوني', '2020-03-18 13:15:24', NULL, NULL),
(21, 3, 'Test rep 1', 'test adfrwess', 'test@#@#@#.copm', '2323232', 'Consultant', '2020-03-29 06:57:35', NULL, NULL),
(22, 6, 'Test Name', 'Test Address', 'rtest@ff.com', '55355353', 'Test', '2020-03-30 08:46:24', '2020-03-30 13:47:24', '2020-03-30 13:47:24'),
(23, 6, 'Test Name', 'Test Address', 'rtest@ff.com', '55355353', 'Test', '2020-03-30 08:47:24', NULL, NULL),
(24, 6, 'Test contact', 'Test', 'Test', '0592553443', 'Test', '2020-03-30 08:47:24', NULL, NULL),
(25, 1, 'محمد خالد', 'جدة', 'moh@yahoo.com', '345345345', 'مستشار', '2020-04-05 04:14:11', NULL, NULL),
(26, 1, 'علي عبد السلام', 'مكة', 'ali@yahoo.com', '567567567', 'مساعد إداري', '2020-04-05 04:14:11', NULL, NULL),
(27, 1, 'روند احمد', 'القصيم', 'rawand@yahoo.com', '564564563', 'محامي', '2020-04-05 04:14:11', NULL, NULL),
(28, 1, 'علي عبد الله', 'جدة', 'ali@yahoo.com', '0599377814', 'مستشار', '2020-04-05 04:14:11', NULL, NULL),
(29, 1, 'بندر احمد', 'مكة', 'bander@yahoo.com', '0599300800', 'إداري', '2020-04-05 04:14:11', NULL, NULL);

-- --------------------------------------------------------

--
-- بنية الجدول `roles`
--

CREATE TABLE `roles` (
  `id` int(30) NOT NULL,
  `status` enum('active','not_active') CHARACTER SET utf8mb4 NOT NULL DEFAULT 'active',
  `created_at` timestamp NOT NULL DEFAULT CURRENT_TIMESTAMP,
  `updated_at` timestamp NULL DEFAULT NULL,
  `deleted_at` timestamp NULL DEFAULT NULL
) ENGINE=InnoDB DEFAULT CHARSET=latin1;

--
-- إرجاع أو استيراد بيانات الجدول `roles`
--

INSERT INTO `roles` (`id`, `status`, `created_at`, `updated_at`, `deleted_at`) VALUES
(1, 'active', '2019-10-05 09:56:40', NULL, NULL),
(2, 'active', '2019-10-05 09:56:40', NULL, NULL);

-- --------------------------------------------------------

--
-- بنية الجدول `roles_groups`
--

CREATE TABLE `roles_groups` (
  `id` int(11) NOT NULL,
  `office_id` int(11) NOT NULL,
  `name` varchar(300) CHARACTER SET utf8mb4 NOT NULL,
  `status` enum('active','not_active') NOT NULL DEFAULT 'active',
  `created_at` timestamp NOT NULL DEFAULT CURRENT_TIMESTAMP,
  `updated_at` timestamp NULL DEFAULT NULL,
  `deleted_at` timestamp NULL DEFAULT NULL
) ENGINE=InnoDB DEFAULT CHARSET=latin1;

--
-- إرجاع أو استيراد بيانات الجدول `roles_groups`
--

INSERT INTO `roles_groups` (`id`, `office_id`, `name`, `status`, `created_at`, `updated_at`, `deleted_at`) VALUES
(4, 176, 'مجموعة إدخال البيانات', 'active', '2020-03-12 12:33:58', NULL, NULL),
(6, 176, 'مجموعة صلاحيات #2', 'active', '2020-03-24 11:18:20', '2020-03-24 12:04:09', NULL),
(7, 176, 'إختبار أخير لمجموعة الصلاحيات', 'active', '2020-03-24 12:05:15', '2020-03-24 12:05:15', NULL);

-- --------------------------------------------------------

--
-- بنية الجدول `roles_groups_departments`
--

CREATE TABLE `roles_groups_departments` (
  `id` int(11) NOT NULL,
  `role_group_id` int(11) NOT NULL,
  `department_id` int(11) NOT NULL,
  `created_at` timestamp NOT NULL DEFAULT CURRENT_TIMESTAMP,
  `updated_at` timestamp NULL DEFAULT NULL,
  `deleted_at` timestamp NULL DEFAULT NULL
) ENGINE=MyISAM DEFAULT CHARSET=utf8 COLLATE=utf8_unicode_ci;

--
-- إرجاع أو استيراد بيانات الجدول `roles_groups_departments`
--

INSERT INTO `roles_groups_departments` (`id`, `role_group_id`, `department_id`, `created_at`, `updated_at`, `deleted_at`) VALUES
(1, 4, 1, '2020-03-12 12:40:00', NULL, NULL),
(2, 4, 2, '2020-03-12 12:40:00', NULL, NULL),
(3, 6, 3, '2020-03-24 06:18:20', '2020-03-24 12:03:42', '2020-03-24 12:03:42'),
(4, 6, 4, '2020-03-24 06:18:20', '2020-03-24 12:03:42', '2020-03-24 12:03:42'),
(5, 6, 1, '2020-03-24 07:03:42', '2020-03-24 12:04:09', '2020-03-24 12:04:09'),
(6, 6, 2, '2020-03-24 07:03:42', '2020-03-24 12:04:09', '2020-03-24 12:04:09'),
(7, 6, 3, '2020-03-24 07:03:42', '2020-03-24 12:04:09', '2020-03-24 12:04:09'),
(8, 6, 4, '2020-03-24 07:03:42', '2020-03-24 12:04:09', '2020-03-24 12:04:09'),
(9, 6, 1, '2020-03-24 07:04:09', NULL, NULL),
(10, 6, 2, '2020-03-24 07:04:09', NULL, NULL),
(11, 6, 3, '2020-03-24 07:04:09', NULL, NULL),
(12, 6, 4, '2020-03-24 07:04:09', NULL, NULL),
(13, 7, 5, '2020-03-24 07:05:15', NULL, NULL);

-- --------------------------------------------------------

--
-- بنية الجدول `role_translations`
--

CREATE TABLE `role_translations` (
  `id` int(30) NOT NULL,
  `role_id` int(30) NOT NULL,
  `locale` varchar(30) NOT NULL,
  `name` varchar(300) CHARACTER SET utf8mb4 NOT NULL,
  `created_at` timestamp NOT NULL DEFAULT CURRENT_TIMESTAMP,
  `updated_at` timestamp NULL DEFAULT NULL,
  `deleted_at` timestamp NULL DEFAULT NULL
) ENGINE=InnoDB DEFAULT CHARSET=latin1;

--
-- إرجاع أو استيراد بيانات الجدول `role_translations`
--

INSERT INTO `role_translations` (`id`, `role_id`, `locale`, `name`, `created_at`, `updated_at`, `deleted_at`) VALUES
(1, 1, 'en', 'General Manager', '2019-10-05 09:58:05', NULL, NULL),
(2, 1, 'ar', 'مدير عام', '2019-10-05 09:58:05', NULL, NULL),
(3, 2, 'en', 'Assistant Manager', '2019-10-05 09:59:57', NULL, NULL),
(4, 2, 'ar', 'مساعد مدير', '2019-10-05 09:59:57', NULL, NULL);

-- --------------------------------------------------------

--
-- بنية الجدول `settings`
--

CREATE TABLE `settings` (
  `id` int(10) UNSIGNED NOT NULL,
  `url` varchar(255) COLLATE utf8mb4_unicode_ci NOT NULL,
  `logo` varchar(255) COLLATE utf8mb4_unicode_ci NOT NULL,
  `logo_white` varchar(255) COLLATE utf8mb4_unicode_ci NOT NULL,
  `admin_email` varchar(255) COLLATE utf8mb4_unicode_ci DEFAULT NULL,
  `app_store_url` varchar(255) COLLATE utf8mb4_unicode_ci DEFAULT NULL,
  `play_store_url` varchar(255) COLLATE utf8mb4_unicode_ci DEFAULT NULL,
  `info_email` varchar(255) COLLATE utf8mb4_unicode_ci DEFAULT NULL,
  `mobile` varchar(20) COLLATE utf8mb4_unicode_ci DEFAULT NULL,
  `phone` varchar(20) COLLATE utf8mb4_unicode_ci DEFAULT NULL,
  `facebook` varchar(255) COLLATE utf8mb4_unicode_ci DEFAULT NULL,
  `twitter` varchar(255) COLLATE utf8mb4_unicode_ci DEFAULT NULL,
  `linked_in` varchar(255) COLLATE utf8mb4_unicode_ci DEFAULT NULL,
  `instagram` varchar(255) COLLATE utf8mb4_unicode_ci DEFAULT NULL,
  `google_plus` varchar(255) COLLATE utf8mb4_unicode_ci DEFAULT NULL,
  `paginate` int(255) DEFAULT NULL,
  `latitude` varchar(255) COLLATE utf8mb4_unicode_ci DEFAULT NULL,
  `longitude` varchar(255) COLLATE utf8mb4_unicode_ci DEFAULT NULL,
  `vedio` varchar(225) COLLATE utf8mb4_unicode_ci DEFAULT NULL,
  `join_us` varchar(225) COLLATE utf8mb4_unicode_ci DEFAULT NULL,
  `note` varchar(255) COLLATE utf8mb4_unicode_ci DEFAULT NULL,
  `time_from` int(11) DEFAULT NULL,
  `time_to` int(11) DEFAULT NULL,
  `created_at` timestamp NULL DEFAULT NULL,
  `updated_at` timestamp NULL DEFAULT NULL
) ENGINE=InnoDB DEFAULT CHARSET=utf8mb4 COLLATE=utf8mb4_unicode_ci;

--
-- إرجاع أو استيراد بيانات الجدول `settings`
--

INSERT INTO `settings` (`id`, `url`, `logo`, `logo_white`, `admin_email`, `app_store_url`, `play_store_url`, `info_email`, `mobile`, `phone`, `facebook`, `twitter`, `linked_in`, `instagram`, `google_plus`, `paginate`, `latitude`, `longitude`, `vedio`, `join_us`, `note`, `time_from`, `time_to`, `created_at`, `updated_at`) VALUES
(1, 'http://ezham.b1-store.com/', '02084558-logo.svg', '02091203-logoiconlight.svg', 'info@ezhm.com', 'https://www.apple.com/ios/app-store/', 'https://play.google.com/store?hl=en', 'info@ezhm.com', '009123456789', '009123456788', 'https://www.facebook.com/hexacit', 'https://twitter.com/hexacit', 'https://www.linkedin.com/hexacit', 'https://www.instagram.com/hxacit/', 'https://www.linkedin.com/hexacit', 20, '24.782759385577478', '46.6370350187467', NULL, NULL, NULL, 8, 20, NULL, '2019-10-02 06:15:37');

-- --------------------------------------------------------

--
-- بنية الجدول `setting_translations`
--

CREATE TABLE `setting_translations` (
  `id` int(10) UNSIGNED NOT NULL,
  `setting_id` int(11) NOT NULL,
  `locale` varchar(191) COLLATE utf8mb4_unicode_ci NOT NULL,
  `title` varchar(255) COLLATE utf8mb4_unicode_ci NOT NULL,
  `address` varchar(255) COLLATE utf8mb4_unicode_ci NOT NULL,
  `description` text COLLATE utf8mb4_unicode_ci NOT NULL,
  `join_description` text COLLATE utf8mb4_unicode_ci NOT NULL,
  `key_words` text COLLATE utf8mb4_unicode_ci NOT NULL,
  `how_it_work` text COLLATE utf8mb4_unicode_ci,
  `created_at` timestamp NULL DEFAULT NULL,
  `updated_at` timestamp NULL DEFAULT NULL
) ENGINE=InnoDB DEFAULT CHARSET=utf8mb4 COLLATE=utf8mb4_unicode_ci;

--
-- إرجاع أو استيراد بيانات الجدول `setting_translations`
--

INSERT INTO `setting_translations` (`id`, `setting_id`, `locale`, `title`, `address`, `description`, `join_description`, `key_words`, `how_it_work`, `created_at`, `updated_at`) VALUES
(1, 1, 'en', 'Lawyer', 'KSA RIYADH', 'Lawyer Site', 'Descript Join English 1', 'Lawyer', 'How It Work En', NULL, '2019-10-02 08:33:38'),
(2, 1, 'ar', 'المحامي', 'السعودية - الرياض', 'موقع المحامي', 'اضف شركتك للتطبيق من خلال تعبئة النموذج', 'المحامي', 'كيف يعمل التطبيق', NULL, '2019-10-02 08:33:38');

-- --------------------------------------------------------

--
-- بنية الجدول `subadmins`
--

CREATE TABLE `subadmins` (
  `id` int(10) UNSIGNED NOT NULL,
  `name` varchar(191) COLLATE utf8mb4_unicode_ci NOT NULL,
  `email` varchar(191) COLLATE utf8mb4_unicode_ci NOT NULL,
  `image` varchar(300) COLLATE utf8mb4_unicode_ci DEFAULT NULL,
  `mobile` varchar(30) COLLATE utf8mb4_unicode_ci NOT NULL,
  `password` varchar(191) COLLATE utf8mb4_unicode_ci NOT NULL,
  `remember_token` varchar(100) COLLATE utf8mb4_unicode_ci DEFAULT NULL,
  `created_at` timestamp NULL DEFAULT NULL,
  `updated_at` timestamp NULL DEFAULT NULL,
  `deleted_at` timestamp NULL DEFAULT NULL
) ENGINE=InnoDB DEFAULT CHARSET=utf8mb4 COLLATE=utf8mb4_unicode_ci ROW_FORMAT=COMPACT;

--
-- إرجاع أو استيراد بيانات الجدول `subadmins`
--

INSERT INTO `subadmins` (`id`, `name`, `email`, `image`, `mobile`, `password`, `remember_token`, `created_at`, `updated_at`, `deleted_at`) VALUES
(1, 'subadmin', 'sub@sub.sub', 'uploads/users/5b16433b54a44.jpeg', '3678326', '$2y$10$Dfrvq3PHOAq9q9gPFvfuY.Beg1ztEM3p65C8i4/JsV/PRLgaH8huG', 'uKRnsGQPbDD3uRo5k8iFNP3HGWqDjh48KC7mOYPsHq7PLUWPLpumgjxAsT7G', NULL, '2018-06-05 05:00:59', NULL),
(4, 'ali', 'ali@gmail.com', 'uploads/users/5b3b6cd849925.jpg', '123564654', '$2y$10$iR9U9pvnU9cV0fQ80ptDwO6KoEyTYRiRM8r4mddQxpUTmf80csX36', 'C6NDtCYcAJR40wY6yzL9VnXappggdBpuPTlazpxWDrmXTbq79If6SolayEm4', '2018-07-03 17:32:24', '2018-07-03 17:32:24', NULL),
(6, 'mazen', 'm@gmail.com', NULL, '435', '$2y$10$7cvT4ivRhDgKILGB8EZq5uY8y0xUwMYVQA7XQ70QxfbNnwRJVRWqm', 'aNLutNOxMdIuG9R24CjLtnEGwrtQfadj5trlJIRRPWPCSVz6eDV4o22S9OVE', '2018-07-05 14:22:32', '2018-07-05 14:22:32', NULL),
(8, 'meded@gmail.com', 'meded@gmail.com', NULL, '23455343456', '$2y$10$tjZ1RrhYYeerd69Npj4/Du5Vj8FvNZk8S1mw82XLw8GXoO/K6rYsm', NULL, '2018-09-05 18:01:56', '2018-09-05 18:01:56', NULL),
(9, 'meeee@gmail.com', 'meeee@gmail.com', NULL, '43536457564', '$2y$10$yb2hjE6/tVwaG.J.00oW4uzorZ/tQdoOZwzdTcrksyAncYY1S6Bjy', NULL, '2018-09-05 18:12:50', '2018-09-05 18:12:50', NULL),
(10, 'test@test.test', 'test@test.test', NULL, '54654635', '$2y$10$T/m74YnuB5IUM4Sp3LeCeOH7G7EjE6Zl07uBKjKEUzumw5dyFws/e', 'IBGhR9CvDuuS5DZmV2iyZ5pc6EAUiZNjw2ILp2RcglSBKA3tySFsY4MiGK3C', '2018-09-09 14:43:50', '2018-09-18 15:00:54', NULL),
(11, 'mfrfr@gmail.com', 'mfrfr@gmail.com', NULL, '23455343456', '$2y$10$oMc4kijFhDRDMiC7y7Nsz.HW9XsJe3P2w6M0BKbou9TXnZqXQ6Sp6', NULL, '2018-09-10 11:53:20', '2018-09-10 11:53:20', NULL),
(12, 'coffee', 'coffee@coffee.com', NULL, '1122334455', '$2y$10$Mr/s5PPeKVsjJLK01g8g6OconGwAos3JdHF29bhkRxONFYddpYu9a', NULL, '2018-09-22 11:11:02', '2018-09-22 11:11:02', NULL),
(13, 'Restorant', 'res@rest.com', NULL, '114477885522', '$2y$10$Fqfa6RY4mWye/sPov3VVAuY/rWRn3jzf.heNJ9PlNM8zbZnFc9aEK', NULL, '2018-09-22 11:24:25', '2018-09-22 11:24:25', NULL),
(14, 'Bakery', 'bakery@bakery.com', 'uploads/users/5ba5e1ccc470b.png', '123654789', '$2y$10$oI/ogfzCqfuJfRjmeNvGguuEpEbEVxOmK7Est3MUYLTX4Zms7Z2Xq', NULL, '2018-09-22 11:31:40', '2018-09-22 11:31:40', NULL),
(15, 'service', 'service@service.com', NULL, '123647852', '$2y$10$G7aWhq2AY3dbiHqPBdm6reozLtSXyTkUfYh6e5DLmJUHRTIznLUAW', 'xsSgR88maKVpS0gl6iNqg1zWhtuJU8Qrf96dZH6Kab3vbRT34pJV9aEQNuNI', '2018-09-22 12:10:21', '2018-09-22 12:10:21', NULL),
(16, 'HALL', 'hall@hall.comm', NULL, '1265845526', '$2y$10$fZ3Fyfwz10nm57A0pP0iRulPjuSip345A7nLKQnVK74TrlW89pTfK', NULL, '2018-09-22 12:13:06', '2018-09-22 12:13:06', NULL),
(17, 'hazem', 'hazem@g.com', 'uploads/users/5ba6342da681a.png', '75485647856', '$2y$10$WZmlnWQNPBA.TfAdVtPTQ.3PcLs.hYHRFXNEuNLBk5s/4Yo6IML2G', NULL, '2018-09-22 17:23:09', '2018-09-22 17:23:09', NULL);

-- --------------------------------------------------------

--
-- بنية الجدول `subadmin_password_resets`
--

CREATE TABLE `subadmin_password_resets` (
  `email` varchar(191) COLLATE utf8_unicode_ci NOT NULL,
  `token` varchar(191) COLLATE utf8_unicode_ci NOT NULL,
  `created_at` timestamp NOT NULL DEFAULT CURRENT_TIMESTAMP
) ENGINE=MyISAM DEFAULT CHARSET=utf8 COLLATE=utf8_unicode_ci;

-- --------------------------------------------------------

--
-- بنية الجدول `table 49`
--

CREATE TABLE `table 49` (
  `COL 1` int(4) DEFAULT NULL,
  `COL 2` int(3) DEFAULT NULL,
  `COL 3` int(2) DEFAULT NULL,
  `COL 4` int(3) DEFAULT NULL,
  `COL 5` varchar(10) DEFAULT NULL,
  `COL 6` varchar(5) DEFAULT NULL,
  `COL 7` int(1) DEFAULT NULL,
  `COL 8` int(2) DEFAULT NULL,
  `COL 9` varchar(1) DEFAULT NULL,
  `COL 10` decimal(17,6) DEFAULT NULL,
  `COL 11` decimal(17,6) DEFAULT NULL,
  `COL 12` int(1) DEFAULT NULL,
  `COL 13` varchar(44) DEFAULT NULL,
  `COL 14` varchar(45) DEFAULT NULL,
  `COL 15` varchar(19) DEFAULT NULL,
  `COL 16` varchar(19) DEFAULT NULL,
  `COL 17` varchar(19) DEFAULT NULL
) ENGINE=InnoDB DEFAULT CHARSET=utf8;

--
-- إرجاع أو استيراد بيانات الجدول `table 49`
--

INSERT INTO `table 49` (`COL 1`, `COL 2`, `COL 3`, `COL 4`, `COL 5`, `COL 6`, `COL 7`, `COL 8`, `COL 9`, `COL 10`, `COL 11`, `COL 12`, `COL 13`, `COL 14`, `COL 15`, `COL 16`, `COL 17`) VALUES
(1101, 100, 9, 87, '2019-07-14', '13', 3, 40, '', '21.485811', '39.192505', 4, '8FB6qrmhjESbONb27586111563097239_9204821.jpg', 'Ev88UDqBsqTQcPo30584651563097254_1718658.jpeg', '2019-07-14 10:52:34', '2019-07-14 12:40:54', ''),
(1102, 100, 9, 87, '2019-07-15', '9:', 3, 40, '', '21.485811', '39.192505', 4, '6rkIv1dwcgVu9L778264641563097470_7688213.jpg', 'R70U1ajt9xiSqvv45053151563097526_1589056.jpeg', '2019-07-14 12:43:41', '2019-07-14 12:45:26', ''),
(1103, 100, 9, 87, '2019-07-19', '10', 3, 40, '', '21.485811', '39.192505', 4, 'Y740QOKCh308ifA18592661563097626_9874152.jpg', 'bsh8MsMajjXPnGH35253881563097653_1893095.jpeg', '2019-07-14 12:46:20', '2019-07-14 12:47:33', ''),
(1104, 100, 9, 87, '2019-07-14', '12', 3, 40, '', '21.485811', '39.192505', 4, '2OWbLVGa9McsUcf97042761563098074_8750067.jpg', '7kevK26oWN998qA65010351563098250_6438174.jpeg', '2019-07-14 12:51:43', '2019-07-14 12:57:30', ''),
(1105, 100, 9, 87, '2019-07-14', '15', 2, 30, '', '21.485811', '39.192505', 4, 'v3bhNHEvd3R8t1q54517761563106479_3111560.jpg', 'm8zeDMwIsHPyPn988334251563106521_3727759.jpeg', '2019-07-14 14:25:45', '2019-07-14 15:15:22', ''),
(1106, 100, 9, 87, '2019-07-15', '13', 2, 30, '', '21.485811', '39.192505', 4, 'l96R9VwyOVXUquh72472621563107336_4442965.jpg', '0LWPuknPslP9fju81478901563107362_1485618.jpeg', '2019-07-14 14:33:27', '2019-07-14 15:29:22', ''),
(1107, 100, 9, 87, '2019-07-15', '12', 2, 30, '', '21.485811', '39.192505', 4, 'HlRZuPiMS46QuBW95860121563106350_9191674.jpg', 'u89irl5GsqjwEyY40413981563106400_8405271.jpeg', '2019-07-14 14:54:47', '2019-07-14 15:13:20', ''),
(1108, 100, 9, 87, '2019-07-14', '14', 3, 40, '', '21.485811', '39.192505', 4, '08YlcTcpASE2fC899261221563107707_3831867.jpg', 'Hb9cKOr8MPEzIU539119741563107729_9659182.jpeg', '2019-07-14 15:31:35', '2019-07-14 15:35:30', ''),
(1109, 100, 9, 87, '2019-07-15', '11', 2, 30, '', '21.485811', '39.192505', 4, 'lKeW9mGeGwEDYDV54334931563108072_5508805.jpg', 'QupMebtEXCNgROI31025211563108322_9915112.jpeg', '2019-07-14 15:37:34', '2019-07-14 15:45:23', ''),
(1110, 100, 9, 87, '2019-07-15', '14', 3, 40, '', '21.485811', '39.192505', 4, 'hA58FJy7BkaIlOj48743271563109100_5284838.jpg', 'oOr0DNJmwb3LkGq22306111563109131_8216198.jpeg', '2019-07-14 15:37:51', '2019-07-14 15:58:51', ''),
(1111, 100, 9, 87, '2019-07-14', '17', 2, 30, '', '21.485811', '39.192505', 4, 'ZC2bOf9QI8euudv27336041563109922_7956476.jpg', 'OKbrm4igVouXdkG20226631563109941_8705703.jpeg', '2019-07-14 16:11:35', '2019-07-14 16:12:21', ''),
(1112, 100, 9, 87, '2019-07-15', '10', 3, 40, '', '21.485811', '39.192505', 2, '', '', '2019-07-14 16:19:27', '2019-07-14 16:20:06', ''),
(1113, 154, 12, 111, '2019-07-15', '20', 2, 30, '', '24.807632', '46.594234', 1, '', '', '2019-07-15 16:04:01', '2019-07-15 16:04:01', ''),
(1114, 154, 12, 111, '2019-07-15', '9:', 2, 15, '4', '24.803965', '46.593021', 1, '', '', '2019-07-15 16:07:58', '2019-07-15 16:07:58', ''),
(1115, 80, 9, 87, '2019-05-17', '15:30', 3, 40, '', '21.485811', '39.192505', 1, '', '', '2019-08-07 13:17:59', '2019-08-07 13:17:59', ''),
(1116, 81, 9, 87, '2019-05-17', '13:30', 3, 40, '', '21.485811', '39.192505', 1, '', '', '2019-08-07 15:09:25', '2019-08-07 15:09:25', ''),
(1117, 81, 9, 87, '2019-05-17', '12:30', 3, 40, '', '21.485811', '39.192505', 1, '', '', '2019-08-07 15:25:29', '2019-08-07 15:25:29', ''),
(1118, 81, 9, 87, '2019-05-17', '11:30', 3, 40, '', '21.485811', '39.192505', 1, '', '', '2019-08-07 15:26:47', '2019-08-07 15:26:47', ''),
(1119, 80, 9, 87, '2019-05-17', '8:30', 3, 40, '', '21.485811', '39.192505', 1, '', '', '2019-08-08 10:20:54', '2019-08-08 10:20:54', ''),
(1120, 80, 9, 87, '2019-05-17', '9:30', 3, 40, '', '21.485811', '39.192505', 1, '', '', '2019-08-08 13:46:07', '2019-08-08 13:46:07', ''),
(1121, 80, 9, 87, '2019-05-17', '10:30', 3, 40, '', '21.485811', '39.192505', 1, '', '', '2019-08-08 13:46:53', '2019-09-04 12:41:41', '2019-09-04 12:41:41'),
(1122, 80, 9, 87, '2019-05-17', '11', 3, 40, '', '21.485811', '39.192505', 1, '', '', '2019-08-08 14:33:37', '2019-09-04 12:41:41', '2019-09-04 12:41:41'),
(1123, 80, 9, 87, '2019-08-08', '11', 3, 20, '6', '21.485811', '39.192505', 1, '', '', '2019-08-08 14:33:58', '2019-09-04 12:41:41', '2019-09-04 12:41:41'),
(1124, 80, 9, 87, '2019-08-08', '11:30', 3, 20, '6', '21.485811', '39.192505', 1, '', '', '2019-08-20 13:07:25', '2019-09-04 12:41:28', '2019-09-04 12:41:28');

-- --------------------------------------------------------

--
-- بنية الجدول `tasks`
--

CREATE TABLE `tasks` (
  `id` int(11) NOT NULL,
  `office_id` int(11) NOT NULL,
  `name` varchar(300) CHARACTER SET utf8mb4 DEFAULT NULL,
  `project_id` int(11) DEFAULT NULL,
  `task_category` enum('project','other') DEFAULT 'other',
  `task_type_id` int(11) NOT NULL,
  `details` text CHARACTER SET utf8mb4,
  `task_status_id` int(11) NOT NULL,
  `priority` enum('normal','urgent') NOT NULL,
  `end_date` date DEFAULT NULL,
  `task_time` time DEFAULT NULL,
  `remind` enum('yes','no') DEFAULT 'no',
  `remind_type` enum('email','window','whatsapp') DEFAULT NULL,
  `remind_time_id` int(11) DEFAULT NULL,
  `responsible_employee` int(11) DEFAULT NULL,
  `created_at` timestamp NOT NULL DEFAULT CURRENT_TIMESTAMP,
  `updated_at` timestamp NULL DEFAULT NULL,
  `deleted_at` timestamp NULL DEFAULT NULL
) ENGINE=InnoDB DEFAULT CHARSET=latin1;

--
-- إرجاع أو استيراد بيانات الجدول `tasks`
--

INSERT INTO `tasks` (`id`, `office_id`, `name`, `project_id`, `task_category`, `task_type_id`, `details`, `task_status_id`, `priority`, `end_date`, `task_time`, `remind`, `remind_type`, `remind_time_id`, `responsible_employee`, `created_at`, `updated_at`, `deleted_at`) VALUES
(1, 176, 'مهمة تتعلق بالعميل عبد الله احمد محمد #1', 3, 'project', 1, 'مهمة تتعلق بالعميل عبد الله احمد محمد مهمة تتعلق بالعميل عبد الله احمد محمد مهمة تتعلق بالعميل عبد الله احمد محمد مهمة تتعلق بالعميل عبد الله احمد محمد مهمة تتعلق بالعميل عبد الله احمد محمد مهمة تتعلق بالعميل عبد الله احمد محمد مهمة تتعلق بالعميل عبد الله احمد محمد', 2, 'normal', '2020-03-30', NULL, 'no', NULL, NULL, 188, '2020-03-18 18:30:56', '2020-03-18 18:30:56', NULL),
(2, 176, 'مهمة تتعلق بالعميل عبد الله احمد محمد #2', 2, 'project', 4, 'مهمة تتعلق بالعميل عبد الله احمد محمد مهمة تتعلق بالعميل عبد الله احمد محمد مهمة تتعلق بالعميل عبد الله احمد محمد مهمة تتعلق بالعميل عبد الله احمد محمد مهمة تتعلق بالعميل عبد الله احمد محمد مهمة تتعلق بالعميل عبد الله احمد محمد مهمة تتعلق بالعميل عبد الله احمد محمد مهمة تتعلق بالعميل عبد الله احمد محمد', 3, 'normal', '2020-03-25', NULL, 'no', NULL, NULL, 188, '2020-03-18 18:31:54', '2020-03-30 09:21:40', NULL),
(3, 176, 'مهمة تتعلق بإستشارة العميل #3', 3, 'project', 3, NULL, 2, 'normal', '2020-03-31', NULL, 'no', NULL, NULL, NULL, '2020-03-18 18:47:07', '2020-03-30 08:52:07', NULL),
(4, 176, 'test task', 4, 'project', 3, NULL, 3, 'normal', '2020-03-02', NULL, 'yes', 'email', 1, NULL, '2020-03-29 15:22:09', '2020-03-30 08:46:10', '2020-03-30 08:46:10'),
(5, 176, 'إختبار إضافة مهمة #222', NULL, 'other', 4, 'إختبار إضافة مهمة #222 إختبار إضافة مهمة #222 إختبار إضافة مهمة #222 إختبار إضافة مهمة #222', 2, 'normal', '2020-03-23', '13:30:00', 'no', NULL, NULL, 188, '2020-03-30 12:29:55', '2020-03-30 12:49:29', NULL),
(6, 176, 'إختبار إضافة مهمة 33', NULL, 'other', 1, NULL, 3, 'normal', '2020-03-05', '11:00:00', 'no', NULL, NULL, NULL, '2020-03-30 13:02:51', '2020-03-31 12:18:54', '2020-03-31 12:18:54'),
(7, 176, 'مهمة #232', 4, 'project', 1, NULL, 3, 'normal', '2020-03-14', '23:15:00', 'no', NULL, NULL, NULL, '2020-03-30 13:18:41', '2020-03-30 13:18:41', NULL),
(8, 176, 'مهمة #44', 3, 'project', 1, NULL, 3, 'normal', '2020-04-09', NULL, 'no', NULL, NULL, 188, '2020-03-30 13:28:19', '2020-04-05 09:53:11', NULL),
(9, 176, 'مهمة #44', 3, 'project', 1, NULL, 3, 'normal', '2020-03-12', NULL, 'no', NULL, NULL, NULL, '2020-03-30 13:28:23', '2020-03-30 13:28:23', NULL),
(10, 176, 'مهمة #44', 3, 'project', 1, NULL, 3, 'normal', '2020-03-12', NULL, 'no', NULL, NULL, NULL, '2020-03-30 13:28:28', '2020-03-30 13:28:28', NULL),
(11, 176, 'مهمة #55', 2, 'project', 1, NULL, 2, 'normal', '2020-03-21', '10:30:00', 'no', NULL, NULL, NULL, '2020-03-30 13:31:42', '2020-03-30 13:31:42', NULL),
(12, 176, 'إختبار لمهمة #340', NULL, 'other', 3, 'إختبار لمهمة #340 إختبار لمهمة #340 إختبار لمهمة #340 إختبار لمهمة #340 إختبار لمهمة #340', 2, 'normal', '2020-03-12', NULL, 'no', NULL, NULL, 188, '2020-03-31 11:30:11', '2020-03-31 11:30:11', NULL),
(13, 176, 'أماني أحمد عابد', 5, 'project', 1, NULL, 2, 'normal', '2020-03-20', NULL, 'no', NULL, NULL, NULL, '2020-03-31 12:13:54', '2020-03-31 12:13:54', NULL),
(14, 176, 'أماني أحمد عابد', 5, 'project', 1, NULL, 2, 'normal', '2020-03-20', NULL, 'no', NULL, NULL, NULL, '2020-03-31 12:13:54', '2020-03-31 12:13:54', NULL),
(15, 176, 'أماني أحمد عابد', 5, 'project', 1, NULL, 2, 'normal', '2020-03-20', NULL, 'no', NULL, NULL, NULL, '2020-03-31 12:13:54', '2020-03-31 12:13:54', NULL),
(16, 176, 'أماني أحمد عابد', 5, 'project', 1, NULL, 2, 'normal', '2020-03-20', NULL, 'no', NULL, NULL, NULL, '2020-03-31 12:13:54', '2020-03-31 12:13:54', NULL),
(17, 176, 'أماني أحمد عابد', 5, 'project', 1, NULL, 2, 'normal', '2020-03-20', NULL, 'no', NULL, NULL, NULL, '2020-03-31 12:13:55', '2020-03-31 12:13:55', NULL),
(18, 176, 'أماني أحمد عابد', 5, 'project', 1, NULL, 2, 'normal', '2020-03-20', NULL, 'no', NULL, NULL, NULL, '2020-03-31 12:13:55', '2020-03-31 12:13:55', NULL),
(19, 176, 'أماني أحمد عابد', 5, 'project', 1, NULL, 2, 'normal', '2020-03-20', NULL, 'no', NULL, NULL, NULL, '2020-03-31 12:13:55', '2020-03-31 12:13:55', NULL),
(20, 176, 'أماني أحمد عابد', 5, 'project', 1, NULL, 2, 'normal', '2020-03-20', NULL, 'no', NULL, NULL, NULL, '2020-03-31 12:13:55', '2020-03-31 12:13:55', NULL),
(21, 176, 'أماني أحمد عابد', 5, 'project', 1, NULL, 2, 'normal', '2020-03-20', NULL, 'no', NULL, NULL, NULL, '2020-03-31 12:13:58', '2020-03-31 12:13:58', NULL),
(22, 176, '2323423443', NULL, 'other', 3, NULL, 3, 'normal', '2020-03-06', NULL, 'no', NULL, NULL, NULL, '2020-03-31 12:18:41', '2020-03-31 12:18:54', '2020-03-31 12:18:54'),
(23, 176, 'أماني أحمد عابد', 7, 'project', 1, NULL, 3, 'normal', '2020-03-07', NULL, 'no', NULL, NULL, NULL, '2020-03-31 13:17:48', '2020-03-31 13:20:49', '2020-03-31 13:20:49'),
(24, 176, 'أماني أحمد عابد', 7, 'project', 1, NULL, 3, 'normal', '2020-03-07', NULL, 'no', NULL, NULL, NULL, '2020-03-31 13:17:48', '2020-03-31 13:20:49', '2020-03-31 13:20:49'),
(25, 176, 'أماني أحمد عابد', 7, 'project', 1, NULL, 3, 'normal', '2020-03-07', NULL, 'no', NULL, NULL, NULL, '2020-03-31 13:17:48', '2020-03-31 13:20:49', '2020-03-31 13:20:49'),
(26, 176, 'أماني أحمد عابد', 7, 'project', 1, NULL, 3, 'normal', '2020-03-07', NULL, 'no', NULL, NULL, NULL, '2020-03-31 13:17:49', '2020-03-31 13:20:49', '2020-03-31 13:20:49'),
(27, 176, 'أماني أحمد عابد', 7, 'project', 1, NULL, 3, 'normal', '2020-03-07', NULL, 'no', NULL, NULL, NULL, '2020-03-31 13:17:49', '2020-03-31 13:21:00', '2020-03-31 13:21:00'),
(28, 176, 'أماني أحمد عابد', 7, 'project', 1, NULL, 3, 'normal', '2020-03-07', NULL, 'no', NULL, NULL, NULL, '2020-03-31 13:17:49', '2020-03-31 13:21:00', '2020-03-31 13:21:00'),
(29, 176, 'أماني أحمد عابد', 7, 'project', 1, NULL, 3, 'normal', '2020-03-07', NULL, 'no', NULL, NULL, NULL, '2020-03-31 13:17:49', '2020-03-31 13:21:00', '2020-03-31 13:21:00'),
(30, 176, 'أماني أحمد عابد', 7, 'project', 1, NULL, 3, 'normal', '2020-03-07', NULL, 'no', NULL, NULL, NULL, '2020-03-31 13:17:49', '2020-03-31 13:21:00', '2020-03-31 13:21:00'),
(31, 176, 'أماني أحمد عابد', 7, 'project', 1, NULL, 3, 'normal', '2020-03-07', NULL, 'no', NULL, NULL, NULL, '2020-03-31 13:17:49', '2020-03-31 13:21:00', '2020-03-31 13:21:00'),
(32, 176, 'أماني أحمد عابد', 7, 'project', 1, NULL, 3, 'normal', '2020-03-07', NULL, 'no', NULL, NULL, NULL, '2020-03-31 13:17:50', '2020-03-31 13:17:50', NULL),
(33, 176, 'Ali Ahmed', 7, 'project', 1, NULL, 2, 'normal', '2020-03-01', NULL, 'no', NULL, NULL, NULL, '2020-03-31 13:19:44', '2020-03-31 13:20:49', '2020-03-31 13:20:49'),
(34, 176, 'مهمة #333', 7, 'project', 3, NULL, 2, 'normal', '2020-04-04', NULL, 'no', NULL, NULL, 188, '2020-03-31 13:21:48', '2020-04-05 09:52:43', NULL),
(35, 176, '111111111', NULL, 'other', 1, '111', 2, 'normal', '2020-03-01', NULL, 'no', NULL, NULL, 188, '2020-03-31 13:44:02', '2020-04-01 13:29:05', '2020-04-01 13:29:05'),
(36, 176, '2222222', NULL, 'other', 1, 'aa', 2, 'normal', '2020-03-01', NULL, 'no', NULL, NULL, 188, '2020-03-31 13:45:14', '2020-04-01 13:29:05', '2020-04-01 13:29:05'),
(37, 176, '234234', NULL, 'other', 3, 'sdfsd', 2, 'normal', '2020-04-15', NULL, 'no', NULL, NULL, 188, '2020-04-01 13:28:49', '2020-04-01 13:28:49', NULL),
(38, 176, 'ewer', NULL, 'other', 3, 'sfsdf', 2, 'normal', '2020-04-08', NULL, 'no', NULL, NULL, 188, '2020-04-01 13:29:34', '2020-04-01 13:29:34', NULL),
(39, 176, '35345345345345345345', NULL, 'other', 1, 'sdfsdfsd', 2, 'normal', '2019-11-01', NULL, 'no', NULL, NULL, 188, '2020-04-01 13:30:39', '2020-04-01 13:30:49', '2020-04-01 13:30:49'),
(40, 176, '23452323423', NULL, 'other', 4, '3523423', 2, 'normal', '2020-04-02', NULL, 'no', NULL, NULL, 188, '2020-04-01 17:13:36', '2020-04-02 16:13:54', NULL),
(41, 176, '345234234', NULL, 'other', 1, '3534534', 3, 'normal', '2020-04-15', NULL, 'no', NULL, NULL, NULL, '2020-04-01 17:32:27', '2020-04-01 17:32:27', NULL),
(42, 176, '1111111111111', NULL, 'other', 3, NULL, 2, 'normal', '1970-01-01', NULL, 'no', NULL, NULL, NULL, '2020-04-05 12:03:37', '2020-04-05 12:03:50', '2020-04-05 12:03:50'),
(43, 176, 'test #333', 21, 'project', 3, NULL, 3, 'normal', '2020-04-04', NULL, 'no', NULL, NULL, NULL, '2020-04-05 14:14:17', '2020-04-05 14:14:17', NULL),
(44, 176, '234234', 21, 'project', 1, NULL, 3, 'normal', '2020-04-04', NULL, 'no', NULL, NULL, NULL, '2020-04-05 14:18:51', '2020-04-05 14:18:51', NULL),
(45, 176, '342342343', 21, 'project', 3, NULL, 3, 'normal', '2020-04-04', NULL, 'no', NULL, NULL, NULL, '2020-04-05 14:20:34', '2020-04-05 14:20:34', NULL),
(46, 176, '231212', 21, 'project', 1, NULL, 2, 'normal', '2020-04-04', NULL, 'no', NULL, NULL, NULL, '2020-04-05 14:31:05', '2020-04-05 14:31:05', NULL),
(47, 176, '23423423', 21, 'project', 1, NULL, 2, 'normal', '2020-04-03', NULL, 'no', NULL, NULL, NULL, '2020-04-05 16:26:36', '2020-04-05 16:26:36', NULL),
(48, 176, '10000000001', 7, 'project', 3, NULL, 2, 'normal', '2020-01-01', NULL, 'no', NULL, NULL, NULL, '2020-04-05 16:27:39', '2020-04-05 16:27:39', NULL);

-- --------------------------------------------------------

--
-- بنية الجدول `tasks_categories`
--

CREATE TABLE `tasks_categories` (
  `id` int(11) NOT NULL,
  `status` enum('active','not_active') NOT NULL DEFAULT 'active',
  `created_at` timestamp NOT NULL DEFAULT CURRENT_TIMESTAMP,
  `updated_at` timestamp NULL DEFAULT NULL,
  `deleted_at` timestamp NULL DEFAULT NULL
) ENGINE=InnoDB DEFAULT CHARSET=latin1;

--
-- إرجاع أو استيراد بيانات الجدول `tasks_categories`
--

INSERT INTO `tasks_categories` (`id`, `status`, `created_at`, `updated_at`, `deleted_at`) VALUES
(1, 'active', '2019-12-25 13:18:10', NULL, NULL),
(2, 'active', '2019-12-25 13:18:14', NULL, NULL),
(3, 'active', '2019-12-30 07:16:42', NULL, NULL),
(4, 'active', '2019-12-30 07:16:46', NULL, NULL);

-- --------------------------------------------------------

--
-- بنية الجدول `tasks_status`
--

CREATE TABLE `tasks_status` (
  `id` int(30) NOT NULL,
  `status` enum('active','not_active') NOT NULL DEFAULT 'active',
  `created_at` timestamp NULL DEFAULT CURRENT_TIMESTAMP,
  `updated_at` timestamp NULL DEFAULT NULL,
  `deleted_at` timestamp NULL DEFAULT NULL
) ENGINE=InnoDB DEFAULT CHARSET=latin1;

--
-- إرجاع أو استيراد بيانات الجدول `tasks_status`
--

INSERT INTO `tasks_status` (`id`, `status`, `created_at`, `updated_at`, `deleted_at`) VALUES
(1, 'active', '2019-10-31 08:38:37', NULL, NULL),
(2, 'active', '2019-10-31 08:38:46', NULL, NULL),
(3, 'active', '2019-10-31 08:38:54', NULL, NULL),
(7, 'active', '2020-03-25 12:07:34', '2020-03-25 12:07:57', '2020-03-25 12:07:57'),
(8, 'active', '2020-03-25 12:08:33', '2020-03-25 12:09:21', '2020-03-25 12:09:21'),
(9, 'active', '2020-03-25 14:24:46', '2020-03-25 14:24:59', '2020-03-25 14:24:59'),
(10, 'active', '2020-03-25 14:24:51', '2020-03-25 14:25:24', '2020-03-25 14:25:24');

-- --------------------------------------------------------

--
-- بنية الجدول `tasks_types`
--

CREATE TABLE `tasks_types` (
  `id` int(11) NOT NULL,
  `status` enum('active','not_active') NOT NULL DEFAULT 'active',
  `created_at` timestamp NOT NULL DEFAULT CURRENT_TIMESTAMP,
  `updated_at` timestamp NULL DEFAULT NULL,
  `deleted_at` timestamp NULL DEFAULT NULL
) ENGINE=InnoDB DEFAULT CHARSET=latin1;

--
-- إرجاع أو استيراد بيانات الجدول `tasks_types`
--

INSERT INTO `tasks_types` (`id`, `status`, `created_at`, `updated_at`, `deleted_at`) VALUES
(1, 'active', '2019-12-25 13:18:10', NULL, NULL),
(2, 'active', '2019-12-25 13:18:14', NULL, NULL),
(3, 'active', '2019-12-30 07:16:42', NULL, NULL),
(4, 'active', '2019-12-30 07:16:46', NULL, NULL),
(5, 'active', '2019-12-30 07:49:08', NULL, NULL),
(6, 'active', '2019-12-30 07:49:13', NULL, NULL),
(7, 'active', '2019-12-30 07:49:16', NULL, NULL),
(8, 'active', '2019-12-30 07:49:19', NULL, NULL),
(9, 'active', '2019-12-30 07:49:21', NULL, NULL),
(10, 'active', '2019-12-30 07:49:24', NULL, NULL),
(11, 'active', '2019-12-30 07:49:26', NULL, NULL),
(12, 'active', '2020-03-25 11:50:35', '2020-03-25 11:51:48', '2020-03-25 11:51:48'),
(13, 'active', '2020-03-25 14:23:52', '2020-03-25 14:24:08', '2020-03-25 14:24:08'),
(14, 'active', '2020-03-25 14:23:59', '2020-03-25 14:24:27', '2020-03-25 14:24:27');

-- --------------------------------------------------------

--
-- بنية الجدول `task_category_translations`
--

CREATE TABLE `task_category_translations` (
  `id` int(30) NOT NULL,
  `task_category_id` int(30) NOT NULL,
  `locale` varchar(30) NOT NULL,
  `name` varchar(300) CHARACTER SET utf8mb4 NOT NULL,
  `created_at` timestamp NOT NULL DEFAULT CURRENT_TIMESTAMP,
  `updated_at` timestamp NULL DEFAULT NULL,
  `deleted_at` timestamp NULL DEFAULT NULL
) ENGINE=InnoDB DEFAULT CHARSET=latin1;

--
-- إرجاع أو استيراد بيانات الجدول `task_category_translations`
--

INSERT INTO `task_category_translations` (`id`, `task_category_id`, `locale`, `name`, `created_at`, `updated_at`, `deleted_at`) VALUES
(1, 1, 'en', 'First Task Category', '2019-12-25 13:18:50', NULL, NULL),
(2, 1, 'ar', 'تصنيف المهام الأول', '2019-12-25 13:18:50', NULL, NULL),
(3, 2, 'en', 'Second Task Category', '2019-12-25 13:19:24', NULL, NULL),
(4, 2, 'ar', 'تصنيف المهام الثاني', '2019-12-25 13:19:24', NULL, NULL),
(5, 3, 'en', 'Third Task Category', '2019-12-30 07:18:35', NULL, NULL),
(6, 3, 'ar', 'تصنيف المهام الثالث', '2019-12-30 07:18:35', NULL, NULL),
(7, 4, 'en', 'Forth Task Category', '2019-12-30 07:19:03', NULL, NULL),
(8, 4, 'ar', 'تصنيف المهام الرابع', '2019-12-30 07:19:03', NULL, NULL);

-- --------------------------------------------------------

--
-- بنية الجدول `task_employees`
--

CREATE TABLE `task_employees` (
  `id` int(11) NOT NULL,
  `task_id` int(11) NOT NULL,
  `user_id` int(11) NOT NULL,
  `created_at` timestamp NOT NULL DEFAULT CURRENT_TIMESTAMP,
  `updated_at` timestamp NULL DEFAULT NULL,
  `deleted_at` timestamp NULL DEFAULT NULL
) ENGINE=InnoDB DEFAULT CHARSET=latin1;

--
-- إرجاع أو استيراد بيانات الجدول `task_employees`
--

INSERT INTO `task_employees` (`id`, `task_id`, `user_id`, `created_at`, `updated_at`, `deleted_at`) VALUES
(8, 4, 189, '2020-02-20 08:31:16', '2020-02-20 06:37:30', '2020-02-20 06:37:30'),
(9, 4, 191, '2020-02-20 08:31:16', '2020-02-20 06:37:30', '2020-02-20 06:37:30'),
(10, 5, 189, '2020-02-20 08:34:25', '2020-03-30 12:49:29', '2020-03-30 12:49:29'),
(11, 5, 191, '2020-02-20 08:34:25', '2020-03-30 12:49:29', '2020-03-30 12:49:29'),
(12, 4, 188, '2020-02-20 08:39:16', NULL, NULL),
(13, 4, 189, '2020-02-20 08:39:16', NULL, NULL),
(14, 4, 191, '2020-02-20 08:39:16', NULL, NULL),
(15, 4, 192, '2020-02-20 08:39:16', NULL, NULL),
(16, 6, 189, '2020-02-20 11:23:48', '2020-02-20 09:24:39', '2020-02-20 09:24:39'),
(17, 6, 192, '2020-02-20 11:23:48', '2020-02-20 09:24:39', '2020-02-20 09:24:39'),
(18, 6, 188, '2020-02-20 11:24:39', NULL, NULL),
(19, 6, 191, '2020-02-20 11:24:39', NULL, NULL),
(20, 7, 189, '2020-02-20 11:29:25', NULL, NULL),
(21, 7, 192, '2020-02-20 11:29:25', NULL, NULL),
(22, 8, 189, '2020-03-03 06:15:40', '2020-04-05 09:53:11', '2020-04-05 09:53:11'),
(23, 8, 192, '2020-03-03 06:15:40', '2020-04-05 09:53:11', '2020-04-05 09:53:11'),
(24, 9, 189, '2020-03-03 06:15:43', NULL, NULL),
(25, 9, 192, '2020-03-03 06:15:43', NULL, NULL),
(26, 10, 189, '2020-03-03 06:17:11', NULL, NULL),
(27, 10, 192, '2020-03-03 06:17:11', NULL, NULL),
(28, 11, 189, '2020-03-03 06:20:06', NULL, NULL),
(29, 12, 189, '2020-03-03 06:20:10', NULL, NULL),
(30, 13, 188, '2020-03-03 06:24:06', NULL, NULL),
(31, 14, 191, '2020-03-03 06:28:22', NULL, NULL),
(32, 15, 191, '2020-03-03 06:28:26', NULL, NULL),
(33, 16, 191, '2020-03-03 06:34:33', NULL, NULL),
(34, 17, 188, '2020-03-03 06:48:34', NULL, NULL),
(35, 19, 189, '2020-03-03 20:10:49', NULL, NULL),
(36, 20, 189, '2020-03-04 07:45:29', NULL, NULL),
(37, 20, 191, '2020-03-04 07:45:29', NULL, NULL),
(38, 21, 189, '2020-03-08 06:37:37', NULL, NULL),
(39, 22, 189, '2020-03-08 06:55:10', NULL, NULL),
(40, 23, 189, '2020-03-09 10:52:17', '2020-03-10 11:48:32', '2020-03-10 11:48:32'),
(41, 24, 189, '2020-03-09 10:52:19', '2020-03-10 11:48:56', '2020-03-10 11:48:56'),
(42, 25, 189, '2020-03-09 11:02:42', NULL, NULL),
(43, 26, 189, '2020-03-09 11:02:46', NULL, NULL),
(44, 27, 188, '2020-03-09 11:06:39', NULL, NULL),
(45, 27, 191, '2020-03-09 11:06:39', NULL, NULL),
(46, 27, 192, '2020-03-09 11:06:39', NULL, NULL),
(47, 28, 188, '2020-03-09 11:06:42', NULL, NULL),
(48, 28, 191, '2020-03-09 11:06:42', NULL, NULL),
(49, 28, 192, '2020-03-09 11:06:42', NULL, NULL),
(50, 29, 188, '2020-03-09 11:06:51', NULL, NULL),
(51, 29, 191, '2020-03-09 11:06:51', NULL, NULL),
(52, 29, 192, '2020-03-09 11:06:51', NULL, NULL),
(53, 30, 188, '2020-03-09 11:06:58', NULL, NULL),
(54, 30, 191, '2020-03-09 11:06:58', NULL, NULL),
(55, 30, 192, '2020-03-09 11:06:58', NULL, NULL),
(56, 31, 188, '2020-03-09 11:07:00', NULL, NULL),
(57, 31, 191, '2020-03-09 11:07:00', NULL, NULL),
(58, 31, 192, '2020-03-09 11:07:00', NULL, NULL),
(59, 32, 189, '2020-03-09 11:07:40', NULL, NULL),
(60, 32, 192, '2020-03-09 11:07:40', NULL, NULL),
(61, 33, 189, '2020-03-09 11:07:44', NULL, NULL),
(62, 33, 192, '2020-03-09 11:07:44', NULL, NULL),
(63, 34, 189, '2020-03-09 11:07:46', '2020-04-05 09:52:34', '2020-04-05 09:52:34'),
(64, 34, 192, '2020-03-09 11:07:46', '2020-04-05 09:52:34', '2020-04-05 09:52:34'),
(65, 35, 191, '2020-03-10 06:39:28', NULL, NULL),
(66, 36, 192, '2020-03-10 06:42:03', NULL, NULL),
(67, 23, 189, '2020-03-10 06:48:32', NULL, NULL),
(68, 24, 189, '2020-03-10 06:48:56', '2020-03-10 11:49:51', '2020-03-10 11:49:51'),
(69, 24, 189, '2020-03-10 06:49:51', NULL, NULL),
(70, 37, 189, '2020-03-10 11:07:27', NULL, NULL),
(71, 38, 189, '2020-03-10 12:09:29', NULL, NULL),
(72, 38, 191, '2020-03-10 12:09:29', NULL, NULL),
(73, 39, 188, '2020-03-11 08:39:52', NULL, NULL),
(74, 39, 189, '2020-03-11 08:39:52', NULL, NULL),
(75, 40, 189, '2020-03-11 08:47:35', '2020-04-01 17:14:12', '2020-04-01 17:14:12'),
(76, 40, 192, '2020-03-11 08:47:35', '2020-04-01 17:14:12', '2020-04-01 17:14:12'),
(77, 41, 189, '2020-03-11 08:49:41', NULL, NULL),
(78, 42, 192, '2020-03-11 08:53:44', NULL, NULL),
(79, 43, 191, '2020-03-11 08:58:16', NULL, NULL),
(80, 44, 189, '2020-03-11 09:02:24', NULL, NULL),
(81, 44, 191, '2020-03-11 09:02:24', NULL, NULL),
(82, 45, 189, '2020-03-11 09:10:57', NULL, NULL),
(83, 46, 191, '2020-03-11 09:13:02', NULL, NULL),
(84, 47, 188, '2020-03-11 09:44:51', NULL, NULL),
(85, 47, 192, '2020-03-11 09:44:51', NULL, NULL),
(86, 48, 192, '2020-03-11 09:45:53', NULL, NULL),
(87, 49, 189, '2020-03-11 10:29:20', NULL, NULL),
(88, 50, 188, '2020-03-11 10:30:54', '2020-03-11 15:32:54', '2020-03-11 15:32:54'),
(89, 50, 191, '2020-03-11 10:30:54', '2020-03-11 15:32:54', '2020-03-11 15:32:54'),
(90, 50, 188, '2020-03-11 10:32:54', '2020-03-11 15:37:22', '2020-03-11 15:37:22'),
(91, 50, 191, '2020-03-11 10:32:54', '2020-03-11 15:37:22', '2020-03-11 15:37:22'),
(92, 50, 188, '2020-03-11 10:37:22', '2020-03-11 15:37:39', '2020-03-11 15:37:39'),
(93, 50, 191, '2020-03-11 10:37:22', '2020-03-11 15:37:39', '2020-03-11 15:37:39'),
(94, 50, 188, '2020-03-11 10:37:39', '2020-03-11 15:37:51', '2020-03-11 15:37:51'),
(95, 50, 191, '2020-03-11 10:37:39', '2020-03-11 15:37:51', '2020-03-11 15:37:51'),
(96, 50, 188, '2020-03-11 10:37:51', '2020-03-11 15:39:06', '2020-03-11 15:39:06'),
(97, 50, 191, '2020-03-11 10:37:51', '2020-03-11 15:39:06', '2020-03-11 15:39:06'),
(98, 50, 188, '2020-03-11 10:39:06', '2020-03-11 17:32:43', '2020-03-11 17:32:43'),
(99, 50, 191, '2020-03-11 10:39:06', '2020-03-11 17:32:43', '2020-03-11 17:32:43'),
(100, 51, 192, '2020-03-11 11:20:48', '2020-03-11 17:21:36', '2020-03-11 17:21:36'),
(101, 51, 192, '2020-03-11 12:21:36', NULL, NULL),
(102, 50, 188, '2020-03-11 12:32:43', '2020-03-11 17:35:52', '2020-03-11 17:35:52'),
(103, 50, 191, '2020-03-11 12:32:43', '2020-03-11 17:35:52', '2020-03-11 17:35:52'),
(104, 50, 188, '2020-03-11 12:35:52', NULL, NULL),
(105, 50, 191, '2020-03-11 12:35:52', NULL, NULL),
(106, 52, 188, '2020-03-15 13:58:53', NULL, NULL),
(107, 53, 189, '2020-03-15 14:05:26', NULL, NULL),
(108, 1, 188, '2020-03-18 13:30:56', NULL, NULL),
(109, 1, 191, '2020-03-18 13:30:56', NULL, NULL),
(110, 2, 191, '2020-03-18 13:31:54', NULL, NULL),
(111, 3, 189, '2020-03-18 13:47:07', NULL, NULL),
(112, 3, 191, '2020-03-18 13:47:07', NULL, NULL),
(113, 4, 188, '2020-03-29 10:22:09', NULL, NULL),
(114, 5, 192, '2020-03-30 07:29:55', '2020-03-30 12:49:29', '2020-03-30 12:49:29'),
(115, 5, 189, '2020-03-30 07:49:29', NULL, NULL),
(116, 5, 191, '2020-03-30 07:49:29', NULL, NULL),
(117, 5, 192, '2020-03-30 07:49:29', NULL, NULL),
(118, 6, 189, '2020-03-30 08:02:51', NULL, NULL),
(119, 7, 189, '2020-03-30 08:18:41', NULL, NULL),
(120, 8, 189, '2020-03-30 08:28:19', '2020-04-05 09:53:11', '2020-04-05 09:53:11'),
(121, 9, 189, '2020-03-30 08:28:23', NULL, NULL),
(122, 10, 189, '2020-03-30 08:28:28', NULL, NULL),
(123, 11, 189, '2020-03-30 08:31:42', NULL, NULL),
(124, 12, 188, '2020-03-31 06:30:11', NULL, NULL),
(125, 13, 189, '2020-03-31 07:13:54', NULL, NULL),
(126, 14, 189, '2020-03-31 07:13:54', NULL, NULL),
(127, 15, 189, '2020-03-31 07:13:54', NULL, NULL),
(128, 16, 189, '2020-03-31 07:13:54', NULL, NULL),
(129, 17, 189, '2020-03-31 07:13:55', NULL, NULL),
(130, 18, 189, '2020-03-31 07:13:55', NULL, NULL),
(131, 19, 189, '2020-03-31 07:13:55', NULL, NULL),
(132, 20, 189, '2020-03-31 07:13:55', NULL, NULL),
(133, 21, 189, '2020-03-31 07:13:58', NULL, NULL),
(134, 22, 189, '2020-03-31 07:18:41', NULL, NULL),
(135, 23, 188, '2020-03-31 08:17:48', NULL, NULL),
(136, 24, 188, '2020-03-31 08:17:48', NULL, NULL),
(137, 25, 188, '2020-03-31 08:17:48', NULL, NULL),
(138, 26, 188, '2020-03-31 08:17:49', NULL, NULL),
(139, 27, 188, '2020-03-31 08:17:49', NULL, NULL),
(140, 28, 188, '2020-03-31 08:17:49', NULL, NULL),
(141, 29, 188, '2020-03-31 08:17:49', NULL, NULL),
(142, 30, 188, '2020-03-31 08:17:49', NULL, NULL),
(143, 31, 188, '2020-03-31 08:17:49', NULL, NULL),
(144, 32, 188, '2020-03-31 08:17:50', NULL, NULL),
(145, 33, 188, '2020-03-31 08:19:44', NULL, NULL),
(146, 34, 189, '2020-03-31 08:21:48', '2020-04-05 09:52:34', '2020-04-05 09:52:34'),
(147, 35, 188, '2020-03-31 08:44:02', NULL, NULL),
(148, 36, 191, '2020-03-31 08:45:14', NULL, NULL),
(149, 37, 189, '2020-04-01 08:28:49', NULL, NULL),
(150, 38, 189, '2020-04-01 08:29:34', NULL, NULL),
(151, 39, 191, '2020-04-01 08:30:39', NULL, NULL),
(152, 40, 188, '2020-04-01 12:13:36', '2020-04-01 17:14:12', '2020-04-01 17:14:12'),
(153, 40, 188, '2020-04-01 12:14:12', '2020-04-02 16:13:54', '2020-04-02 16:13:54'),
(154, 40, 189, '2020-04-01 12:14:12', '2020-04-02 16:13:54', '2020-04-02 16:13:54'),
(155, 40, 192, '2020-04-01 12:14:12', '2020-04-02 16:13:54', '2020-04-02 16:13:54'),
(156, 41, 191, '2020-04-01 12:32:27', NULL, NULL),
(157, 40, 188, '2020-04-02 11:13:54', NULL, NULL),
(158, 40, 189, '2020-04-02 11:13:54', NULL, NULL),
(159, 40, 192, '2020-04-02 11:13:54', NULL, NULL),
(160, 34, 189, '2020-04-05 04:52:34', '2020-04-05 09:52:43', '2020-04-05 09:52:43'),
(161, 34, 192, '2020-04-05 04:52:34', '2020-04-05 09:52:43', '2020-04-05 09:52:43'),
(162, 34, 189, '2020-04-05 04:52:43', NULL, NULL),
(163, 34, 192, '2020-04-05 04:52:43', NULL, NULL),
(164, 8, 189, '2020-04-05 04:53:11', NULL, NULL),
(165, 8, 192, '2020-04-05 04:53:11', NULL, NULL),
(166, 42, 189, '2020-04-05 07:03:37', NULL, NULL),
(167, 43, 189, '2020-04-05 09:14:17', NULL, NULL),
(168, 44, 189, '2020-04-05 09:18:51', NULL, NULL),
(169, 45, 188, '2020-04-05 09:20:34', NULL, NULL),
(170, 46, 188, '2020-04-05 09:31:05', NULL, NULL),
(171, 46, 191, '2020-04-05 09:31:05', NULL, NULL),
(172, 47, 189, '2020-04-05 11:26:36', NULL, NULL),
(173, 48, 188, '2020-04-05 11:27:39', NULL, NULL),
(174, 48, 191, '2020-04-05 11:27:39', NULL, NULL);

-- --------------------------------------------------------

--
-- بنية الجدول `task_status_translations`
--

CREATE TABLE `task_status_translations` (
  `id` int(30) NOT NULL,
  `task_status_id` int(30) NOT NULL,
  `locale` varchar(30) NOT NULL,
  `name` varchar(300) CHARACTER SET utf8 NOT NULL,
  `created_at` timestamp NOT NULL DEFAULT CURRENT_TIMESTAMP,
  `updated_at` timestamp NULL DEFAULT NULL,
  `deleted_at` timestamp NULL DEFAULT NULL
) ENGINE=InnoDB DEFAULT CHARSET=latin1;

--
-- إرجاع أو استيراد بيانات الجدول `task_status_translations`
--

INSERT INTO `task_status_translations` (`id`, `task_status_id`, `locale`, `name`, `created_at`, `updated_at`, `deleted_at`) VALUES
(1, 3, 'ar', 'قيد العمل', '2019-12-30 06:53:47', NULL, NULL),
(2, 3, 'en', 'In Progress', '2019-12-30 06:53:47', NULL, NULL),
(7, 2, 'ar', 'مكتملة', '2019-12-30 07:03:47', NULL, NULL),
(8, 2, 'en', 'Completed', '2019-12-30 07:03:47', NULL, NULL),
(13, 1, 'ar', 'غير مكتملة', '2020-02-12 09:07:26', NULL, NULL),
(14, 1, 'en', 'Incomplete', '2020-02-12 09:07:26', NULL, NULL),
(15, 7, 'en', '22', '2020-03-25 12:07:34', '2020-03-25 12:07:46', NULL),
(16, 7, 'ar', '33', '2020-03-25 12:07:34', '2020-03-25 12:07:46', NULL),
(17, 8, 'en', '23423', '2020-03-25 12:08:33', '2020-03-25 12:08:33', NULL),
(18, 8, 'ar', 'qe4234', '2020-03-25 12:08:33', '2020-03-25 12:08:33', NULL),
(19, 9, 'en', '11', '2020-03-25 14:24:46', '2020-03-25 14:24:46', NULL),
(20, 9, 'ar', '222', '2020-03-25 14:24:46', '2020-03-25 14:24:46', NULL),
(21, 10, 'en', '44', '2020-03-25 14:24:51', '2020-03-25 14:24:51', NULL),
(22, 10, 'ar', '888', '2020-03-25 14:24:51', '2020-03-25 14:25:12', NULL);

-- --------------------------------------------------------

--
-- بنية الجدول `task_type_translations`
--

CREATE TABLE `task_type_translations` (
  `id` int(30) NOT NULL,
  `task_type_id` int(30) NOT NULL,
  `locale` varchar(30) NOT NULL,
  `name` varchar(300) CHARACTER SET utf8mb4 NOT NULL,
  `created_at` timestamp NOT NULL DEFAULT CURRENT_TIMESTAMP,
  `updated_at` timestamp NULL DEFAULT NULL,
  `deleted_at` timestamp NULL DEFAULT NULL
) ENGINE=InnoDB DEFAULT CHARSET=latin1;

--
-- إرجاع أو استيراد بيانات الجدول `task_type_translations`
--

INSERT INTO `task_type_translations` (`id`, `task_type_id`, `locale`, `name`, `created_at`, `updated_at`, `deleted_at`) VALUES
(1, 1, 'ar', 'دراسة', '2019-12-30 07:52:33', NULL, NULL),
(2, 1, 'en', 'a study\r\n', '2019-12-30 07:52:33', NULL, NULL),
(3, 2, 'ar', 'حظور جلسة', '2019-12-30 07:54:14', NULL, NULL),
(4, 2, 'en', 'Attend a session', '2019-12-30 07:54:14', NULL, NULL),
(5, 3, 'ar', 'صياغة عقد ومراجعة\r\n', '2019-12-30 07:54:45', NULL, NULL),
(6, 3, 'en', 'Contract drafting and review\r\n', '2019-12-30 07:54:45', NULL, NULL),
(7, 4, 'ar', 'صياغة مذكرة\r\n', '2019-12-30 07:55:15', NULL, NULL),
(8, 4, 'en', 'Drafting a note\r\n', '2019-12-30 07:55:15', NULL, NULL),
(9, 5, 'ar', 'صياغة لائحة\r\n', '2019-12-30 07:55:55', NULL, NULL),
(10, 5, 'en', 'Drafting a list\r\n', '2019-12-30 07:55:55', NULL, NULL),
(11, 6, 'ar', 'كتابة خطاب\r\n', '2019-12-30 07:56:25', NULL, NULL),
(12, 6, 'en', 'Writing a letter\r\n', '2019-12-30 07:56:25', NULL, NULL),
(13, 7, 'ar', 'اتصال هاتفي\r\n', '2019-12-30 07:56:51', NULL, NULL),
(14, 7, 'en', 'Telephone conversation\r\n', '2019-12-30 07:56:51', NULL, NULL),
(15, 8, 'ar', 'إجتماع', '2019-12-30 07:57:17', NULL, NULL),
(16, 8, 'en', 'Meeting\r\n', '2019-12-30 07:57:17', NULL, NULL),
(17, 9, 'ar', 'مراجعة ميدانية\r\n', '2019-12-30 07:57:49', NULL, NULL),
(18, 9, 'en', 'Field review\r\n', '2019-12-30 07:57:49', NULL, NULL),
(19, 10, 'ar', 'مراجعة إلكترونية\r\n', '2019-12-30 07:58:16', NULL, NULL),
(20, 10, 'en', 'Electronic review\r\n', '2019-12-30 07:58:16', NULL, NULL),
(21, 11, 'ar', 'اخرى', '2019-12-30 07:58:39', NULL, NULL),
(22, 11, 'en', 'Others', '2019-12-30 07:58:39', NULL, NULL),
(23, 12, 'en', '121', '2020-03-25 11:50:35', '2020-03-25 11:51:28', NULL),
(24, 12, 'ar', '3333', '2020-03-25 11:50:35', '2020-03-25 11:51:28', NULL),
(25, 13, 'en', '33', '2020-03-25 14:23:52', '2020-03-25 14:23:52', NULL),
(26, 13, 'ar', '44', '2020-03-25 14:23:52', '2020-03-25 14:23:52', NULL),
(27, 14, 'en', '88', '2020-03-25 14:23:59', '2020-03-25 14:23:59', NULL),
(28, 14, 'ar', '555', '2020-03-25 14:23:59', '2020-03-25 14:24:15', NULL);

-- --------------------------------------------------------

--
-- بنية الجدول `tokens`
--

CREATE TABLE `tokens` (
  `id` int(11) NOT NULL,
  `user_id` int(11) NOT NULL,
  `fcm_token` text COLLATE utf8_unicode_ci NOT NULL,
  `device_type` varchar(225) COLLATE utf8_unicode_ci NOT NULL DEFAULT 'ios',
  `accept` int(11) NOT NULL DEFAULT '1',
  `created_at` timestamp NOT NULL DEFAULT CURRENT_TIMESTAMP,
  `updated_at` timestamp NULL DEFAULT NULL,
  `deleted_at` timestamp NULL DEFAULT NULL
) ENGINE=MyISAM DEFAULT CHARSET=utf8 COLLATE=utf8_unicode_ci;

--
-- إرجاع أو استيراد بيانات الجدول `tokens`
--

INSERT INTO `tokens` (`id`, `user_id`, `fcm_token`, `device_type`, `accept`, `created_at`, `updated_at`, `deleted_at`) VALUES
(75, 7, 'd7heP6is7WY:APA91bFapB302qEruPBUakUcqktHbyM3iTZi6afzEUsXua1C4NEbgHbh8x5tatGbTWpG15fClP7KK6Bn7Np57kLOBJPQ69LMguOc3eAtnXh1N6VU7CvplXYmDpsobAkgIzfN8k0cRtax', 'ios', 1, '2018-09-27 16:42:14', '2018-09-27 16:42:14', NULL),
(76, 100, 'dfsdfsdfsdf', 'ios', 1, '2019-06-20 17:04:45', '2019-06-23 22:12:38', NULL),
(77, 100, 'esoQ5ukJW8o:APA91bG-55eFAt7giT-U-4KxhzSEvUDxdmzHZGNGt7Wjelr-J7I0SHivTgJ-9lExWCivC46mBwlB9FE3EpB_hylFKGjMg732n5uqpQRMy_hw01AUKTqQ3l789-sD0_homLDxVAqLfw5s', 'ios', 1, '2019-06-20 17:09:11', '2019-06-20 17:09:11', NULL),
(78, 100, 'eVOwnOLm054:APA91bHPl5Q7CGzLJ0vWv2ImjdfVLji_UbiN0LN6YwQwxNPKovZwTeqLmj7xk9YZRqBtxmnsjii4YTt_2xuryB_BK7PWzp1V5-0QCmUyx7j2SkcYtzDQXCNAXDW86rgLXIPvxPhxLSYu', 'ios', 1, '2019-06-20 18:35:42', '2019-06-25 15:56:09', NULL),
(79, 87, 'cYXD8OR2-B4:APA91bEhvQlAl2oPwZsQ16JMXKuzxrHH_nG--8iVh4jV5yfWLOIsAjuM9SQj9SNMpuFT-22RfZCx966GS-C6_GppydjOC6WYQkSMOAYvXCZCVLb7N2hDVM_EJ6_kdB8uXF1kqCIcPvMY', 'ios', 1, '2019-06-20 18:48:30', '2019-06-23 18:23:36', NULL),
(80, 112, 'fNkO4GaQh54:APA91bFYKZ--YMD5k8G2QGPnj_8juxl1MJ31nDGmx5u5ekT4V_vOBHIT0qDpxBAYCmmDgzXVctrFHexn_cqVsR2zeex1GQX_k4jJk7ckYH5GR5KKFQ_Q7eh41VlxA1rLrMVTYeKfiuuP', 'ios', 1, '2019-06-21 04:51:24', '2019-06-26 22:13:17', NULL),
(81, 107, 'cVjfPyz6_is:APA91bEFDKgSsl9nL46C8P3Srw4sNpsPaoT-pC5gbqvWjjGuhNz1AjMJy7I7T9ezUHdQAeBbEx2anoSN4kv8X3dfIoMplmA9rglv6RE-WP3AU5TwHyp5yoCadzx8HJhWOO8wq2YFe0ac', 'ios', 1, '2019-06-23 18:33:52', '2019-06-23 18:33:52', NULL),
(82, 142, 'dOeee1V1wio:APA91bGvHfgLTSIhXShQ7Rm4lCufBe9oYa6QC3EytGAl1nDU6zVFfEYfiY2XMv1l2wyKE9tnbn-wCVeMHQb5QKNghqOE4NDE9t07sV7_tlbU5-jFFPu-u35EKSZeZXJhZUwACq2VOOY2', 'ios', 1, '2019-06-23 22:07:19', '2019-07-14 17:43:23', NULL),
(83, 107, 'en5kkUuM87s:APA91bHwdHBr2SoCPwXccbQYNq5rcwoRJcsrEJLAarfh6C3-iOjzoHuSivOZR2JWK4dx78mK8mCYCkFNmhv6NV1_YtEgkqU7qItkALdsAjVXSvy6xRfs4t-lDihrKTLBfIK2151_TjrT', 'ios', 1, '2019-06-24 16:40:00', '2019-06-27 22:32:26', NULL),
(84, 111, 'e8PCvPL9xT4:APA91bGPDUakxbLz5O6HM4ENQBlYtYewoI2Fdn7Wd7i59IZlS7PHPiDyagLmWHdXXx-SjzVvMdsslhClW42Dwt8AFIg-EcQ9gQZ9hJQjyZFsW9ma10jkHMdMjJh2pG1cs2K0GrP-sVBK', 'ios', 1, '2019-06-26 03:46:47', '2019-06-26 22:07:30', NULL),
(85, 111, 'fK9SbefCv4g:APA91bFXF-ShX_fvOLIwBcO10rC40PBaA8wLMG_a-N_jOdsPe9aucAUgjGezhh6FGEnWhOjuoqBssLmQBvrUZRLRX8Dl0P9OW6URPSw3OouNi9qVU-UilJvKkf-qcVRsH76bteWqddnd', 'ios', 1, '2019-06-26 22:15:31', '2019-06-26 22:15:31', NULL),
(86, 114, 'dekkRoepHqI:APA91bH27wRV03r4d8PCw0Wob_gITCkPUTl4VwJMht0DnDexDJPa9syZC6UtOQZXET2mnin8gAMoGgCRpzibW1ghVt39Eo01FnWf-YdMlQCglE9DHTw3gjPX3F0vmTuRopxrNEEPVdVf', 'ios', 1, '2019-06-26 22:16:10', '2019-06-26 22:37:12', NULL),
(87, 107, 'e4Nvt4NQkoE:APA91bEc2ZQhDtrrQ2cnL9UBDdo-8W7q-e_zqg87UWs5rL87q-_Hz1EHYlsx1mY_IvVT-cqNNTCIwHHv9OimYqx_L41DEKrjCQVFuiMExJz2OS8LgvTX009yAIkPLJ557VDujit4HAhm', 'ios', 1, '2019-06-26 22:36:00', '2019-06-26 22:36:00', NULL),
(88, 100, 'ekv8CrNGBls:APA91bGEcThtt5rxSGCkpzaZZQH46JynfEuG1IlhcvT3VdE6p2VFJHIsgGIBVzJ3AVSAqgIZKYhFuSQOUP1nG-_9JFUMvhjDFH8wLuRgjniIED5Zh3qS3P8WyEqoWx7U0tQ53fEsciLd', 'ios', 1, '2019-06-26 22:44:14', '2019-06-26 22:44:14', NULL),
(89, 95, 'cnWj0kGi9bs:APA91bGLNPdrtxclz30MEOKbdArXrnGhBEUqiZhTI-Y0fPfkKl0QfajM1Z2LFoPbVgcRI7M_JM45Q3amM8yOaBLcrWQqM8psqsRqJrYYr9ytFnFdODgaR6Wt35NRK5EgyeT5QLpo2qP0', 'ios', 1, '2019-06-26 22:47:39', '2019-06-30 16:14:28', NULL),
(90, 148, 'c1lPme5WliE:APA91bHWHdU7aK5An7v6s_VlEc-1bkC37dFe8Nn8Q1vTaaSJhkejQ8WHkBX97YNykY2tHSst8v2tCvFGZkHh2u07U9HHQ2oQ35Z_kHvwpeazX-CoBprofAb5U4HAOuimXRhvKgDWv080', 'ios', 1, '2019-06-26 23:16:15', '2019-07-12 04:58:56', NULL),
(91, 118, 'e0dA6x0DbHg:APA91bHyMOHcuHLPqPRB3aIPMzkEoLKGQADrC0n8d9f-7VUJq_bx97D_7EzEGvq7KB3n0CD9alJ__udlWhS3wSPXFmd9jjAXblhGCzlkLCJUNUM_cG9lQYI8B4IhdtA7f9NQjCgfP1t2', 'ios', 1, '2019-06-30 17:55:26', '2019-06-30 18:02:13', NULL),
(92, 100, 'cC7Kel5g0rE:APA91bEMrjWgULJuY1lA2DBHP6JXsmvedXNX4W9Z60jGfqngAP6vskzc7eJwPymwlrDlW65nrII4W8rsucqRjHXv1jJvOHvmOsRSgtag8hKaYNCe3FyswxGD2QgDSWP9j3OQC0ZPe3LK', 'ios', 1, '2019-06-30 18:12:33', '2019-06-30 20:35:37', NULL),
(93, 100, 'cOBvG-FE480:APA91bFUxjf6G4dAWG3CLBQA18sdIfe9B-10cQIuARTP6ELHex7MhMkcuVZ2CqyV6xW6lfN2Ls8Ymxj8q7IhAowynPwVX8f9mHR5X5f7F4xkudmW-2DHkjwbowDA7Jn4LbMlC1B66d4G', 'ios', 1, '2019-06-30 21:53:00', '2019-07-03 23:05:17', NULL),
(94, 146, 'd8rMoQ6Mgyo:APA91bEal4qDV_zBMLh-IS0RZvuVRpk7anuzBC1FZxMW4S8syYqgLndtXco1nu0Ktt_Ir5088GaTKEy8HlS3onZ-bHAic_Wz7HRYmEew1b-f72vvyyLx7DWIucmfRnhyQSzZTrT6c7nO', 'ios', 1, '2019-07-04 21:46:08', '2019-07-11 05:23:24', NULL),
(95, 100, 'e3SEjIICcoE:APA91bHN13E4pMr3gnX3j06lmv9JFt8L-dv1hwJucrzl_hPDwqwcU8iBhMNDWqN-diGXS6_CDDKALjsiLFO_azSPfGVr6-hJHMfMO69FNO8R36ctwpMSY5NpBwwlXoPdBmYbCZmJ4VFl', 'ios', 1, '2019-07-08 19:14:43', '2019-07-08 19:14:43', NULL),
(96, 140, 'elzjiOCBX5o:APA91bEVxu0ExEmolXPn7DlvOCsV0jsN68v7T7x3gpfqgLEq3bAln3XA0JBK77JBUJnZLlAf577IKuCrBwDLy0zEfawj2eLCxGCClimGOZDP1Hs4jP2FdSJerZPN9l2o9WiKXgwPqUGV', 'ios', 1, '2019-07-08 19:47:29', '2019-07-08 19:47:29', NULL),
(97, 107, 'f-0jow-P-Sk:APA91bFs3iUT5hd1vacccTnIJtKOHjU9sgmvAgJOwVJdFH0Ee4x7nH328-K5ulggshVackvSrQ3hVLX_-_bPzZe8Da3d8QlvqhZjW3k2YslVPRYl4oeIwmBuC1V9V2ee4C0kYnyGYqFZ', 'ios', 1, '2019-07-08 20:00:01', '2019-07-08 20:00:01', NULL),
(98, 100, 'cHEfGfpJid8:APA91bGV0h9hXyZ_AymMaa-45WjVjgMamp3AnAkJwDIyP3K4D2GOb8O9XS7VJgShzDt1uBdxhBphW1ZHWxvOYr3wxfMOyD1gKwYJLk_scgnapcCRSFdvNGFxxqLCv1SoP5CldRjLxgPT', 'ios', 1, '2019-07-10 15:45:49', '2019-07-10 16:09:23', NULL),
(99, 100, 'edeVuX-0Y_E:APA91bH6Elq053YeB2edWAlZLu2WER6AbdnoafK_JOCo5yzJldzjO1EL8mMo49j1R_sg2PP0kzmOEDx0htzkRNmtInr9GfAARbnxBGbLwc1eVW5IbzkUqO9tLtySJbrlotYTd_T_PiQm', 'ios', 1, '2019-07-10 16:28:26', '2019-07-10 21:49:46', NULL),
(100, 100, 'dl8Y3u5b67s:APA91bEv595oE1HWF8BnDCuJebaxXhzex63ovR4IkYfLyStUk7TLXhctP10hme08RaSnzblqGWfV3NaZDlVKRb1ajkdzjsHH5fekH4lFl3vcHzMqUB4Jo4LBQEz7F0ov192-E1mUmyMj', 'ios', 1, '2019-07-10 19:21:47', '2019-07-10 20:05:40', NULL),
(101, 100, 'f7txboP8ebs:APA91bHUC4rkTa_-T8j7B2b4bN_Jny5G_q5wg2uvVCA-oPCnYmt6OYYTlXccTHtalIw0NK6_8D5h-Qogzr74fZj8NUtvE46PpAdYUxuvy2gsCjrl09zexG1lkzwzN6xaZ3QUTx6cSRmp', 'ios', 1, '2019-07-10 22:28:26', '2019-07-10 22:28:26', NULL),
(102, 100, 'f9au_-1HGOs:APA91bGJ4PD7AL3cKnw4qlXrqQurZRHaIAt2OXv95xWbIuiUks58nOgJxf9hEBR6irfI5HBUPBOBeJd33nPbg0NMUmASReKOCEckln83CKk_vD3Nz5ecrOjpmW6BQChGnUBS5qEJo7Qj', 'ios', 1, '2019-07-11 15:45:43', '2019-07-11 15:45:43', NULL),
(103, 107, 'cJVE6bcUZ2E:APA91bFnYQF4g6rSYQvqNbvSCN1YGa1sNsGVI0c76Qi8_YBYxPhdBGfhk10UYR7BkmMIFnzEjiimq4FFffE3IAs52V1b0ZtQ8F736Vaxt_7N1OaA6uMyszFTCkIbkTg7OQid2cJ0sMaG', 'ios', 1, '2019-07-11 18:52:24', '2019-07-11 18:52:24', NULL),
(104, 142, 'dfl4RdwWg8E:APA91bGsKzpFXPtrX2HqMqTFoQaterB7mNbMxmwshMBrnrnVOgyiYa2b8IPGccafMolslgRzTJ-nw6EK3tfaPr2DyeUin_pXBKsNDK8yFwIy8NMbUoz-sRqITH5Z3FveC8j2_7aCeB5Q', 'ios', 1, '2019-07-11 19:09:23', '2019-07-14 16:38:05', NULL),
(105, 149, 'fZjJqX-75n4:APA91bHIt-xcFqPzo4CDTa89XH0vwXQ8WPVdd_olgTbN8o8TCOMjXibOBDsLwX_xpe5Rur9ROsjuGZYbyAo45yUJ4-wVXBWr33P_XTR64t7y_vwLEIEmfRWHWMwE5JXVzGIue8Qn6eRd', 'ios', 1, '2019-07-12 00:35:17', '2019-07-12 05:18:29', NULL),
(106, 100, 'c184Z76dIdI:APA91bFlUGFOt2I8SeYr7J6hYV2TYO0ROr4R45TfIpIG-BdobG7y36UXZzLYG46qFmH6WHKq6yHM8MZrOVxFKLaCwxxCNQThofQpEv1HsxDRvCBRAVMGg4Nj8ZSPBzDTxYqE4Yx71jk0', 'ios', 1, '2019-07-14 17:50:39', '2019-07-14 20:50:21', NULL),
(107, 100, 'fGRUyBLfhBw:APA91bFrhHDKljD_VEkA_YljZJDrLlM6GiFrW9t1GtOLcF9-VMPx5ojYjyIc7xv7hCPmuL1YfZWJu8WHUPfThGdLtO8XGvjKKaVCwMBVGh7WzQIRI46douckr0Let88PyOhL7v40hUO5', 'ios', 1, '2019-07-14 17:52:34', '2019-07-14 17:52:34', NULL),
(108, 87, 'fqxAUCQIe1k:APA91bHiAciFJMNFKdqtMcn1QLDyyI4JTJ2Pkm_gxMAKQavikTKjFevjgvlDIJgsadAD8ASBSU9kbyw-fjfNyaJSRkiCkRyQZky1g-x1ZgGRfdnU0W0653Wjy7QloOvY2m93yuBuO1sj', 'ios', 1, '2019-07-14 19:43:40', '2019-07-14 22:11:09', NULL),
(109, 87, 'cz1uofbOiQg:APA91bHnn9Pu2gkmx8-nqXqBsdmbgHL8o6qR14FV30LgwCZ84ofGW-NFXKuZLMCjnkXtltyCLt2B0E5-yC6l4DHz2NY4otn6QgnCiP-KfmsaafT7iqL4DeaK4AZTvVclE1CeUDghr_BY', 'ios', 1, '2019-07-14 21:00:26', '2019-07-14 21:00:26', NULL),
(110, 154, 'eAFO3SqzbDk:APA91bF-wNGSKhFm6isn7vL76wKTBoQQFYLUBWQzRswu2RT6evHexaP0s8ITH-dNH9HLiXiiiKTnaF8bWsqb6AK_MreG8sXxVVYXrjY8pK6JwJZ70voeM2AKLg0plnBn3_t54nXjl1Te', 'ios', 1, '2019-07-15 23:03:22', '2019-07-15 23:03:22', NULL);

-- --------------------------------------------------------

--
-- بنية الجدول `users`
--

CREATE TABLE `users` (
  `id` int(10) UNSIGNED NOT NULL,
  `parent_id` int(11) NOT NULL DEFAULT '0',
  `role_group_id` int(11) DEFAULT NULL,
  `name` varchar(191) COLLATE utf8mb4_unicode_ci DEFAULT NULL,
  `email` varchar(191) COLLATE utf8mb4_unicode_ci DEFAULT NULL,
  `mobile` varchar(30) COLLATE utf8mb4_unicode_ci DEFAULT NULL,
  `country_id` int(11) DEFAULT NULL,
  `city_id` int(11) DEFAULT NULL,
  `address` varchar(300) CHARACTER SET utf8mb4 DEFAULT NULL,
  `zone_id` int(11) DEFAULT NULL,
  `password` varchar(191) COLLATE utf8mb4_unicode_ci DEFAULT NULL,
  `remember_token` varchar(100) COLLATE utf8mb4_unicode_ci DEFAULT NULL,
  `status` enum('active','not_active') COLLATE utf8mb4_unicode_ci NOT NULL DEFAULT 'not_active',
  `type` double DEFAULT '1' COMMENT '1->user 2->employee',
  `hour_price` float DEFAULT NULL,
  `image` varchar(350) COLLATE utf8mb4_unicode_ci DEFAULT NULL,
  `created_at` timestamp NULL DEFAULT NULL,
  `updated_at` timestamp NULL DEFAULT NULL,
  `deleted_at` timestamp NULL DEFAULT NULL
) ENGINE=InnoDB DEFAULT CHARSET=utf8mb4 COLLATE=utf8mb4_unicode_ci ROW_FORMAT=COMPACT;

--
-- إرجاع أو استيراد بيانات الجدول `users`
--

INSERT INTO `users` (`id`, `parent_id`, `role_group_id`, `name`, `email`, `mobile`, `country_id`, `city_id`, `address`, `zone_id`, `password`, `remember_token`, `status`, `type`, `hour_price`, `image`, `created_at`, `updated_at`, `deleted_at`) VALUES
(78, 0, 0, 'ezhm', 'ezhm@e.com', '5512253360', NULL, NULL, '', 0, '$2y$10$QSbPwf8MIuaasFQ9P8QJ.eGEiceaZCyHGkDDFlN0aGYZo.dSzDYJe', NULL, 'active', 1, NULL, '', '2019-05-02 08:34:23', '2020-03-25 15:13:00', '2020-03-25 15:13:00'),
(79, 0, 0, 'ezhm', 'ezhm2@e2.com', '5512252200', NULL, NULL, '', 0, '$2y$10$54Q/UHMsjXN31nSShd9yh.7Z3LwuzGru3ME9axjPV720I8Vf9UGCO', NULL, 'active', 1, NULL, 'v2z8iQUmuZktwKr81535501557145557_9018835.jpg', '2019-05-02 08:44:39', '2020-03-25 15:12:55', '2020-03-25 15:12:55'),
(80, 0, 0, 'ezhm3', 'ezhm23@e23.com', '55122533331', NULL, NULL, '', 0, '$2y$10$uWZzlKWmRI1CVzhPmkJSaeAuAYMlobIjadeZQdoZfKa3NZcQy6i.a', NULL, 'active', 1, NULL, 'wvKBNevEZDryn9r76460611556787231_7406474.jpg', '2019-05-02 08:46:27', '2020-03-25 15:12:47', '2020-03-25 15:12:47'),
(81, 0, 0, 'ezhm31', 'ezhm@e3.com', '5512253333', NULL, NULL, '', 0, '$2y$10$24FYb0WRfHNQk03rJ2u1XeK/mju89M0QDZmjtnR0MIf3SlWmLeF8W', NULL, 'active', 1, NULL, '4vhZIbcku9NKwmw40826681556787418_6465432.jpg', '2019-05-02 08:56:58', '2020-03-25 15:12:47', '2020-03-25 15:12:47'),
(82, 0, 0, 'taheer', 'test@gmail.com', '0599877446', NULL, NULL, '', 0, '$2y$10$uT8zYMhk9uybR73VpnS2keWvd1TgNGn.IRVF3wyuLE1Se6g9RXX6i', NULL, 'active', 2, NULL, '1hSwamX6kSVQeHW89636091560771304_4141864.jpeg', '2019-05-06 11:55:54', '2020-03-25 18:19:45', '2020-03-25 18:19:45'),
(83, 0, 0, 'ezhm3', 'ezhm@e3e.com', '551225333', NULL, NULL, '', 0, '$2y$10$yHA/dLc8Xj3gMvUO1wPmwOpWvTWaCevEKffJ3dn8hTUN0qp6Kt/wW', NULL, 'active', 1, NULL, '1HvaKgKInKfxbF741611271559218837_5017911.jpg', '2019-05-30 22:20:37', '2020-03-25 15:12:47', '2020-03-25 15:12:47'),
(84, 0, 0, 'ezhm 2019', 'ezhm@gmail.com', '5512252233', NULL, NULL, '', 0, '$2y$10$KmxHFSgGOTGVI2zt3hK5IuegziagzQ5tjguHhZ.fGZe51sMrbGZ3S', NULL, 'active', 1, NULL, 'AaqPUi329wtXAyO87999071560933832_1588205.jpeg', '2019-06-02 16:54:55', '2020-03-25 15:12:47', '2020-03-25 15:12:47'),
(85, 0, 0, 'ramez', 'ramez@gmail.com', '0597121933', NULL, NULL, '', 0, '$2y$10$AFobyDbnKFfNgcw7H/dbhOPSACBRqFWs3R4StwBgwNedD9IlpIhdu', NULL, 'active', 1, NULL, 'mdfsdiQo6uTtX8I65021011559462394_3026641.jpeg', '2019-06-02 17:59:54', '2020-03-25 15:12:47', '2020-03-25 15:12:47'),
(86, 0, 0, 'user', 'user@user.user', '2502582582', NULL, NULL, '', 0, '$2y$10$cIFi9aLyyTyBc9Zyrab0MOVoajioN8T92xSAVCuGkBPcEZzeVY5xm', NULL, 'active', 1, NULL, 'TxN1XTD1Iwtihp915396831560425791_2493852.jpeg', '2019-06-13 21:35:59', '2020-03-25 15:12:47', '2020-03-25 15:12:47'),
(87, 0, 0, 'ahamed', 'a@aa.aaa', '1236547899', NULL, NULL, '', 0, '$2y$10$tFUVU5cozoiYVdAdZwzm0u/FxyXoy/tWs8H7Czr.lYkKbeld25Krm', NULL, 'active', 2, NULL, 'jUvHxs6KdQFAwui35771071560771319_2840102.jpeg', '2019-06-13 21:48:31', '2020-03-25 18:19:40', '2020-03-25 18:19:40'),
(88, 0, 0, 'hexa', 'hexa@hexa.com', '258025802500', NULL, NULL, '', 0, '$2y$10$hp1CrdzxHvgjSNv5PTf7EeWKl9HlqHoH9bRkoMKR5l8Ip6Z1Ekm0W', NULL, 'active', 1, NULL, 'AafOoQGgEDIWQ7m45107721560839890_4701437.jpeg', '2019-06-17 16:05:39', '2020-03-25 15:12:47', '2020-03-25 15:12:47'),
(89, 0, 0, '01', 'ezham01@gmail.com', '9632147852', NULL, NULL, '', 0, '$2y$10$eG.bB9QAQkDIgvgbUjkEZekV48J/JwQyAtmrQieWRN0TN0HuBtRzG', NULL, 'active', 2, NULL, 'r2h5YEeVKUj0fvt24626891560771355_7125931.jpg', '2019-06-17 21:35:55', '2020-03-25 18:19:34', '2020-03-25 18:19:34'),
(90, 0, 0, '02', 'ezham02@gmail.com', '68546846846', NULL, NULL, '', 0, '$2y$10$G1U9HGrgJPl3D/1oSVcx5OhKNJOUwwtlNEJ2S77et2EvFufJaWyNC', NULL, 'active', 2, NULL, 'gkZmhqU0e9j2jVX22509641560771380_1021643.jpeg', '2019-06-17 21:36:20', '2020-03-25 18:19:26', '2020-03-25 18:19:26'),
(91, 0, 0, '03', 'ezham03@gmail.com', '963258741265', NULL, NULL, '', 0, '$2y$10$zvMmpijBfopktZMRSJGbgecgUm.p2.6QzZ3xUo4Q7N1YTESMvA6Za', NULL, 'active', 2, NULL, 'uRM8eGWDl24NTdk34425491560771448_4958383.jpg', '2019-06-17 21:37:28', '2020-03-25 18:19:20', '2020-03-25 18:19:20'),
(92, 0, 0, 'محمد أحمد عبد الرحمن', 'ezham04@gmail.com', '789654123658', NULL, NULL, '', 0, '$2y$10$i6KEiOV4yYYnRMUhM6casuUTeiVvOiqQiQ8cCfhd6kpc0AvmWq3J.', NULL, 'active', 2, NULL, 'bpQoPrEGgUkqRmN16257511560771495_1109925.jpeg', '2019-06-17 21:38:15', '2020-03-25 18:19:16', '2020-03-25 18:19:16'),
(93, 0, 0, '05', 'ezham05@gmail.com', '963258741125', NULL, NULL, '', 0, '$2y$10$CGsNpm6.A/FSep1bXsWzWOPVlNMmHUyQrocZtwcKjaoYe4Qvyxtcm', NULL, 'active', 2, NULL, 'F4ZtYFEjLsMNLLa67595841560771515_6023614.jpg', '2019-06-17 21:38:35', '2020-03-25 18:19:11', '2020-03-25 18:19:11'),
(94, 0, 0, '06', 'ezham06@gmail.com', '96328741951', NULL, NULL, '', 0, '$2y$10$dYxTaLYp4HHoMBo7rvZIsuTqwHD2kHpkBKSEcRVfPQ40SOQLnzN3m', NULL, 'active', 2, NULL, 'IONCSyaV8PkiObB66923411560771533_4196411.jpg', '2019-06-17 21:38:53', '2020-03-25 18:19:05', '2020-03-25 18:19:05'),
(95, 0, 0, '07', 'ezham07@gmail.com', '96325874115', NULL, NULL, '', 0, '$2y$10$476qjFiG6PlWmbY6yE4DXOSk0hfSh58yWkWhJ/kab1Sy8tW9atE46', NULL, 'active', 2, NULL, 'DYZW5WjplzhsT9V95512111560771555_2384018.jpeg', '2019-06-17 21:39:15', '2020-03-25 18:18:59', '2020-03-25 18:18:59'),
(96, 0, 0, '08', 'ezham08@gmail.com', '963258741745', NULL, NULL, '', 0, '$2y$10$hjMJQYt3N6CD1ly7ZDQ1Q.ngEDX8T26KA1lHmYmbaPotGEHfZRueG', NULL, 'active', 2, NULL, 'WNtqfo3r6299Qbf53700361560771575_6974795.jpeg', '2019-06-17 21:39:35', '2020-03-25 18:18:52', '2020-03-25 18:18:52'),
(98, 0, 0, 'test', 'sdfsd@sdf.com', '234234234', NULL, NULL, '', 0, '$2y$10$OaXgBrQtiPGy1kPLlLmpvujWLwVxsTHpqiwYAvbK.RpoAO4r3hN0G', NULL, 'active', 1, NULL, 'ygvnLPyiUfmdcK483470631560929997_5714779.jpeg', '2019-06-19 17:39:57', '2020-03-25 15:12:47', '2020-03-25 15:12:47'),
(99, 0, 0, 'wwers', 'zcxc@dad.ci', '3534534534', NULL, NULL, '', 0, '$2y$10$/J6UcoOyTF8d9R3w6pdvoujKMv3CHgyfNgeDwemCPw4lrMCgT752y', NULL, 'active', 1, NULL, 'MpeVvcoq9Ssaw0j51404201560930173_2718515.jpeg', '2019-06-19 17:42:53', '2020-03-25 15:12:47', '2020-03-25 15:12:47'),
(100, 0, 0, 'ramez ggg', 'ramezadnan@gmail.com', '1234123412', NULL, NULL, '', 0, '$2y$10$LijNo/FSsT5R4h8dUtD8ruiPtWzDWIgpEs1.nhI5/lEWBDrakGtR6', NULL, 'active', 1, NULL, 'oFIJgyPistiCOSn55046201561020073_7574631.jpeg', '2019-06-19 19:37:29', '2020-03-25 15:12:06', '2020-03-25 15:12:06'),
(101, 0, 0, 'wewew', 'ZXZX@dsfsd.com', '12312312', NULL, NULL, '', 0, '$2y$10$KgoB4McbwzpugvczXLdOZeSDD8Z01zZQ1jkkdl3OnZwfIITmoicpa', NULL, 'active', 1, NULL, '7VdUiPtYoDWqXnn93830081560937698_1082932.jpeg', '2019-06-19 19:48:18', '2020-03-25 15:12:06', '2020-03-25 15:12:06'),
(102, 0, 0, 'ezhm3', 'ezhm2@gmail.com', '5512253334', NULL, NULL, '', 0, '$2y$10$2yN7a36opjjJGy7MhPws1OLke0ZXp98MhFN5MCM.UNSfMbNv1AYzu', NULL, 'active', 1, NULL, 'kPoTPge3l5m3cY046383171560937767_2768194.png', '2019-06-19 19:49:27', '2020-03-25 15:12:06', '2020-03-25 15:12:06'),
(103, 0, 0, 'ezhm3', 'ezhm3@gmail.com', '5512253332', NULL, NULL, '', 0, '$2y$10$seza46rpta8GKBfbknCH5eg7We8BNHm0aJLztep3nP8Zepu2eXagG', NULL, 'active', 1, NULL, 'kGbUBbTpSId6oBh14415321560938071_9627038.png', '2019-06-19 19:54:31', '2020-03-25 15:12:06', '2020-03-25 15:12:06'),
(104, 0, 0, 'ezhm3', 'ezhm4@gmail.com', '55122533232', NULL, NULL, '', 0, '$2y$10$fzKWw/Vy1AqoGrOLZf3O7uRpvAulc/tu77CcKw0yBZgErT8tNa6b2', NULL, 'active', 1, NULL, 'XdNoMB3hrG8hHL821279341560938142_5503884.png', '2019-06-19 19:55:42', '2020-03-25 15:12:06', '2020-03-25 15:12:06'),
(105, 0, 0, 'ezhm3', 'ezhm5@gmail.com', '55122533222', NULL, NULL, '', 0, '$2y$10$3FBMY9lph4EH1eZ3KnOl.uLPK/mf0007SSjUdvJF5/4R/pTLCg9zW', NULL, 'active', 1, NULL, 'sgh7oZr2j58upGM69619981560938351_6175589.png', '2019-06-19 19:59:11', '2020-03-25 15:12:06', '2020-03-25 15:12:06'),
(106, 0, 0, 'tt', 't@t.tt', '2580852258', NULL, NULL, '', 0, '$2y$10$1/L0LZ/NFo113RAPFCKv9.MuyaJMas7bl/SZvs4eNZiDl3CAnJFFC', NULL, 'not_active', 1, NULL, 'YfdaVOLXLLB0BwK78437321560951185_7906656.jpeg', '2019-06-19 23:23:35', '2020-03-25 15:12:06', '2020-03-25 15:12:06'),
(107, 0, 0, 'hexa', 'hexa@gmail.com', '123123123', NULL, NULL, '', 0, '$2y$10$jNNNNO94ptnBMye7rNl3l.sREJ8F59TxpEJ4OIL7xcLXVtYvM.Hxy', NULL, 'active', 1, NULL, 'xsx3q1RJLjulJon46791801560951297_2129855.jpeg', '2019-06-19 23:34:57', '2020-03-25 15:12:06', '2020-03-25 15:12:06'),
(108, 0, 0, 'ezhm4', 'ezhm@e4.com', '5512253343', NULL, NULL, '', 0, '$2y$10$FH6eK5xbhTzAYk9pYT1wluZTlCjei8gM2qBy.YzvwWvmazFeJbB4e', NULL, 'active', 1, NULL, 'VQ8JdpcFG71022o91868771561014104_2416849.png', '2019-06-20 17:01:44', '2020-03-25 15:12:06', '2020-03-25 15:12:06'),
(109, 0, 0, 'sultan', 'sultanss3817@gmail.com', '500220655', NULL, NULL, '', 0, '$2y$10$qcqUll6ZbD3XE15a5ipaWuGygo5PHQxsH8oEiZ4hVjfEhPWkO9Qye', NULL, 'active', 1, NULL, '0qscAGbve07jCXr96671481561056684_9601397.jpeg', '2019-06-21 04:51:24', '2020-03-25 15:11:40', '2020-03-25 15:11:40'),
(110, 0, 0, 'ماجد السبيعي', 'alsmajed5@gmail.com', '0580966003', NULL, NULL, '', 0, '$2y$10$2hyfB.DmGUznExWKH8apzuitecafmqeQNa22QOLHnz0PbczV/Vr.e', NULL, 'active', 1, NULL, 'Q7OqxDZgHUVCvfQ78420641561484807_1898772.jpg', '2019-06-26 03:46:47', '2020-03-25 15:11:40', '2020-03-25 15:11:40'),
(111, 0, 0, 'user1', 'user1@ezhmapp.com', '0555555555', NULL, NULL, '', 0, '$2y$10$tvUpvuK1PDmsbK2b8svygO1r.Xb2ZvkpaiIEdeD7RuN1ypboTWhom', NULL, 'active', 2, NULL, 'lNxpTeWIUm8PUWn69569501561548442_2633640.jpg', '2019-06-26 21:27:22', '2020-03-25 18:18:08', '2020-03-25 18:18:08'),
(136, 0, 0, 'hvvvvb', 'vvvvv@hvg.hvv', '1212125451', NULL, NULL, '', 0, '$2y$10$LYxKul8f6eavGVGak9j6VucvXTL6nqy7U8Yr1/QM/5rCViqGoH5g.', NULL, 'not_active', 1, NULL, 'krWzdKZnFC03Twy31977821561888859_2498327.jpg', '2019-06-30 20:01:00', '2020-03-25 15:11:40', '2020-03-25 15:11:40'),
(137, 0, 0, 'rrrr', 'gggg@hgg.hg', '121212128', NULL, NULL, '', 0, '$2y$10$GSz0s1pL2h6AuFjy.B9zYeeV00.Jz8Il4zPbycZxJyu4fkaDRihIm', NULL, 'not_active', 1, NULL, 'T7qRNWmjf7mjfl512884641561888925_1384018.jpg', '2019-06-30 20:02:05', '2020-03-25 15:11:40', '2020-03-25 15:11:40'),
(138, 0, 0, 'ezhm4', 'ezh1@hotmail.com', '123123473', NULL, NULL, '', 0, '$2y$10$vbjs6dbFEhC/3/hQYB6Ye.5bX/tZSeJdEO5oWV9snI6IiFUYklyPa', NULL, 'not_active', 1, NULL, NULL, '2019-06-30 20:13:11', '2020-03-25 15:11:40', '2020-03-25 15:11:40'),
(139, 0, 0, 'sultan', 'salsbyy5@gmail.com', '500220555', NULL, NULL, '', 0, '$2y$10$NM/8CGdfqJehWDGqYrNb8OAq558KUFanDo4.xYPGHdre2nglPk572', NULL, 'not_active', 1, NULL, '80TuUIfeiGXzkvY18985731562240768_6283478.jpg', '2019-07-04 21:46:08', '2020-03-25 15:11:40', '2020-03-25 15:11:40'),
(140, 0, 0, 'rrrr', 'test@test.t', '123123222', NULL, NULL, '', 0, '$2y$10$YQdfC3iuUfHPUyv3aev5b.hEC/9ZBZkzPL6dWapuYsTo2lf4rWuUy', NULL, 'not_active', 1, NULL, 'hCmehp4TgJpi2P644583741562579249_1158569.jpg', '2019-07-08 19:47:29', '2020-03-25 15:11:40', '2020-03-25 15:11:40'),
(141, 0, 0, 'user5', 'user5@user.com', '05555555555', NULL, NULL, '', 0, '$2y$10$IK/zwCKS4JnNQ.cKr0PrCOs9ffSq8vUtaHScWLhQ2Mv9wn9hP.IYy', NULL, 'not_active', 1, NULL, 'PMdhHwc28nMRho866694901562707256_3507209.jpg', '2019-07-10 07:20:56', '2020-03-25 15:11:40', '2020-03-25 15:11:40'),
(142, 0, 0, 'user5', 'user5@gmail.com', '05555555544', NULL, NULL, '', 0, '$2y$10$2hr3zZhtcP4qEitl7.EaAOOkVO3bVQxbaUfCX3r0Jn6CdT0zueSfe', NULL, 'active', 2, NULL, 'bX28tGHXJtpDRfT35464931562709082_8803755.png', '2019-07-10 07:51:23', '2020-03-25 18:18:00', '2020-03-25 18:18:00'),
(143, 0, 0, 'sbjtgnj', 'ghdvhh@gfgjh.com', '0500220655', NULL, NULL, '', 0, '$2y$10$8Ot2dasjXbCLDBwUis.j1eprfDhyX6TJVCu5Ep.6JV3r0R0.sJVhG', NULL, 'not_active', 1, NULL, 'C1X1sWE0FphiQfC85944671562709169_2438703.jpg', '2019-07-10 07:52:49', '2020-03-25 15:11:40', '2020-03-25 15:11:40'),
(144, 0, 0, 'test', 'test@user.com', '123456321', NULL, NULL, '', 0, '$2y$10$iKVkRfg9pHd9IdfT0yl78OlWgeEMQUlTi56fiEc/R/M7dwumU8EkO', NULL, 'not_active', 1, NULL, NULL, '2019-07-10 16:02:19', '2020-03-25 15:11:19', '2020-03-25 15:11:19'),
(145, 0, 0, 'dheb', 'dndbdb@ddd.com', '5595959565', NULL, NULL, '', 0, '$2y$10$ViI1.0KkIrovkGma4VNuse9b4JtiRFOZTekd9GWwJ2PQR1EdVX3fO', NULL, 'not_active', 1, NULL, NULL, '2019-07-11 02:56:12', '2020-03-25 15:11:19', '2020-03-25 15:11:19'),
(146, 0, 0, 'tttt', 'ttt@ttt.com', '0588846885', NULL, NULL, '', 0, '$2y$10$0Hg3GK2F5IcCnYF37I03huhVUyUwEs.5VyOiUH4aPxqLQzE8n4TO.', NULL, 'not_active', 1, NULL, NULL, '2019-07-11 05:23:24', '2020-03-25 15:11:19', '2020-03-25 15:11:19'),
(147, 0, 0, 'الا', 'fhhf@hfhj.com', '0568468528', NULL, NULL, '', 0, '$2y$10$P4e5f8/hkut0ZY.H8z3.FOgGwpGJvcbE1prPA4fY6r564RukqoRoa', NULL, 'not_active', 1, NULL, NULL, '2019-07-12 00:35:17', '2020-03-25 15:11:19', '2020-03-25 15:11:19'),
(148, 0, 0, 'tesst', 'tesst@gmail.com', '0566584555', NULL, NULL, '', 0, '$2y$10$tg4KUIXV4Gs9GUMo2QFvCer3xC9KpLQlG/g8HZglGTtSMOFqVPcX2', NULL, 'not_active', 1, NULL, NULL, '2019-07-12 04:58:56', '2020-03-25 15:11:19', '2020-03-25 15:11:19'),
(149, 0, 0, 'User7', 'User7@gmail.com', '0565557765', NULL, NULL, '', 0, '$2y$10$.pJHqMky478Pxp0fFkk40e31qXDILXyU7hIsIFWvrFBU8i2Fzn8fe', NULL, 'active', 2, NULL, 'UUpj07z8bi4ZrYV51909821562872478_9517358.jpg', '2019-07-12 05:14:39', '2020-03-25 18:18:00', '2020-03-25 18:18:00'),
(150, 0, 0, 'test 4', 'test1@test.com', '05968564868', NULL, NULL, '', 0, '$2y$10$LfeTjYrXIXofLiILlZGb7ujnNuuQTfsMCLwcreFwZgjyCJAjrwzwC', NULL, 'not_active', 1, NULL, NULL, '2019-07-14 15:53:14', '2020-03-25 15:11:19', '2020-03-25 15:11:19'),
(151, 0, 0, 'tttt', 'ttt@rrr.eee', '845677566', NULL, NULL, '', 0, '$2y$10$WHFmGqzGSHbZc/yZFcxuEOVTNXysrMXjzWf1Qyg/9WcMmCewiKNv6', NULL, 'not_active', 1, NULL, NULL, '2019-07-14 15:58:34', '2020-03-25 15:11:19', '2020-03-25 15:11:19'),
(152, 0, 0, 'tttt', 'tat@tat.tat', '1236547896', NULL, NULL, '', 0, '$2y$10$GzTrgJAcxvkfClV3Qh/beegODBOJSm5v.yiiTJUAoB9XUGLCyFTpa', NULL, 'not_active', 1, NULL, NULL, '2019-07-14 16:01:10', '2020-03-25 15:11:19', '2020-03-25 15:11:19'),
(153, 0, 0, 'ggg', 'ggg@gg.gg', '884555488', NULL, NULL, '', 0, '$2y$10$5SBhlsOtlfIi0Ya2Rhl2guczImjtVXk.kzPqoNUuw9qbLigbrc4.m', NULL, 'not_active', 1, NULL, NULL, '2019-07-14 16:15:33', '2020-03-25 15:11:19', '2020-03-25 15:11:19'),
(154, 0, 0, 'سلطان', 'ggnj@fujy.com', '053688852', NULL, NULL, '', 0, '$2y$10$V2jYQew9U0s4EYgTYI.l.OQy0zz77VbOGkpHNV9ctqKegJi3Uliyi', NULL, 'not_active', 1, NULL, NULL, '2019-07-15 23:03:22', '2020-03-25 15:10:55', '2020-03-25 15:10:55'),
(155, 0, 0, 'ريم', 'reem@gmail.com', '059407566', NULL, NULL, '', 0, '$2y$10$Sq5WpWaIUgMReWEf17YOFeeI3T9GZAiuSfjLRahzOY7Q7GoxpUKym', NULL, 'not_active', 1, NULL, NULL, '2019-07-25 02:28:41', '2020-03-25 15:10:55', '2020-03-25 15:10:55'),
(156, 0, 0, 'ccs', 'qwwdd@gmail.com', '0592407566', NULL, NULL, '', 0, '$2y$10$wR.FI9C6/8oXzbr6kl2ctObHl/oFteRFbg0BFNpF6n4kjR6K0OFxq', NULL, 'not_active', 1, NULL, 'ffRXg4QIdpa0SiC81932721563989826_8572603.jpg', '2019-07-25 03:37:07', '2020-03-25 15:10:55', '2020-03-25 15:10:55'),
(157, 0, 0, 'ezhm3', 'ezhm1@e3.com', '55120253333', NULL, NULL, '', 0, '$2y$10$1XTjgh0.nod0PQkbAA9LN.A8iqa0vP.Nw7eVyiZ9CxOrakKuQTk8i', NULL, 'not_active', 1, NULL, NULL, '2019-07-25 18:29:02', '2020-03-25 15:10:55', '2020-03-25 15:10:55'),
(158, 0, 0, 'D+9B', 'sge@fwg.co', '070465245', NULL, NULL, '', 0, '$2y$10$1lhIXPdVrveJK7bO.m1QRu9p0Qee9Sq8Klw0A3/EtLn/yp/ZPXoae', NULL, 'not_active', 1, NULL, NULL, '2019-07-25 18:33:04', '2020-03-25 15:10:55', '2020-03-25 15:10:55'),
(159, 0, 0, 'ezhm3', 'ezhm11@e3.com', '5512253303', NULL, NULL, '', 0, '$2y$10$JdFHa3ZaTIV3jfxmcbNdgu3wRnJ56CBXH0JHrpDX8uNKknafYRKmi', NULL, 'not_active', 1, NULL, NULL, '2019-07-27 02:25:13', '2020-03-25 15:10:55', '2020-03-25 15:10:55'),
(160, 0, 0, 'ezhm', 'ezhm12@e3.com', '01592407566', NULL, NULL, '', 0, '$2y$10$50z2Ij0w/BhWh5Pq0C0JTe5KqawCeoeLxsdv6NIzYenY.WTcNWbZO', NULL, 'not_active', 1, NULL, NULL, '2019-08-16 19:48:36', '2020-03-25 15:10:55', '2020-03-25 15:10:55'),
(161, 0, 0, 'ezhm3', 'ezhm9@e3.com', '95512253303', NULL, NULL, '', 0, '$2y$10$wSykqIS2OU8aaEvWwo2H1Oy8Vy1bxLdlGYYy/Wljf5WSSEGdBh94i', NULL, 'not_active', 1, NULL, 'jhZ68nJiTnsm42n52346711566068961_7769372.jpg', '2019-08-18 05:09:21', '2020-03-25 15:10:55', '2020-03-25 15:10:55'),
(162, 0, 0, 'ez', 'ezhm8@e3.com', '029715848', NULL, NULL, '', 0, '$2y$10$/5i7500YEvf941epclGUGerg.QW.HxSEUqvGW1aOo02Ug9ONNx2ZK', NULL, 'not_active', 1, NULL, 'kx1zAG6kD5DLC0k35091371566069442_8988733.jpg', '2019-08-18 05:17:22', '2020-03-25 15:10:55', '2020-03-25 15:10:55'),
(163, 0, 0, 'ezhm3', 'ezhm5@e3.com', '04985258', NULL, NULL, '', 0, '$2y$10$zN.UokIWh0fGTFGQMppRve9uFKqOs2WoJWQXPtVJ6vsPDb3tzEUJm', NULL, 'not_active', 1, NULL, 'bHpna3eAGtJ9z2K22011261566070334_3945161.jpg', '2019-08-18 05:32:14', '2020-03-25 15:10:33', '2020-03-25 15:10:33'),
(164, 0, 0, 'qwe', 'asd@a.aa', '05952885', NULL, NULL, '', 0, '$2y$10$EbdPCc6GxH7MIDttlyVgs.btN.hRZA87xl5uRdiazWD6BMngTpueu', NULL, 'not_active', 1, NULL, NULL, '2019-08-20 01:30:29', '2020-03-25 15:10:29', '2020-03-25 15:10:29'),
(174, 0, 0, 'Muhanned Nassar11', 'muhanned@hotmail.com', '0598701490', NULL, NULL, '', 0, '$2y$10$TN1YhsYM4hqBGlCuDiEVMeVmwWk/p7uPsiN1uuTtLdizad4zgEy1K', NULL, 'active', 1, NULL, 'MbRvLt8DWSV3ovB88075251567600327_8725978.jpg', '2019-09-04 12:32:07', '2020-03-25 15:10:25', '2020-03-25 15:10:25'),
(175, 0, 0, 'Lamar N. A. Tayeh', 'lamar@gmail.com', '0599629020', NULL, NULL, '', 0, '$2y$10$DPvDEVmiJnCN8zLeKmR7fuZcauiePzCCZ8RmDf1OYcCys2wGSU9vu', NULL, 'active', 1, NULL, 'OdJ20Y8fE2KNtcZ50643341567601970_4569375.jpg', '2019-09-04 12:59:30', '2020-03-25 15:10:20', '2020-03-25 15:10:20'),
(176, 0, 0, 'Test Office1', 'test@test.test', '05971108675', 6, 11, 'مكة المكرمة', 4, '$2y$10$RqaN7RD9G/deZBCOspVc..n2LUz2IDG0Zp8GqRmTH14BRmxABHFs6', 'XMOwUqCi3YqDV947hcOx7V2VCMix65l0SpfgZSB18Bs5xOuAJSy3XS2us4NC', 'active', 1, NULL, 'fYur0PAB1ipJTfc99866061585141167_8065976.jpg', '2019-09-04 17:00:18', '2020-03-25 17:59:27', NULL),
(178, 0, 0, 'Amal Ahmed', 'aman@hott.ps', '0599999999', NULL, NULL, '', 0, '$2y$10$M1lYbLGB.9E9v0qKVWWb4.yWLhP7hbWQpE/uNyW7sMndQ03JQNC1e', NULL, 'active', 2, NULL, 'G6pVpM5Abxj21OE77245401567617594_2665892.jpg', '2019-09-04 17:19:54', '2020-03-25 18:18:00', '2020-03-25 18:18:00'),
(180, 0, 0, 'Nabil Tayeh', 'nabil_9000@hotmail.com', '0597116675', NULL, NULL, '', 0, '$2y$10$5tj84VHLEQBlgBY161mv4u3SNBr/wZUX25yfsJUIclZsw0szH4x7O', NULL, 'not_active', 1, NULL, 'FQyfFQsqortUE2q44393891568009637_8556650.jpg', '2019-09-09 06:13:57', '2020-03-25 15:10:11', '2020-03-25 15:10:11'),
(181, 0, 0, 'Tala Ali', 'tala@gmail.com', '0592334433', NULL, NULL, '', 0, '$2y$10$Vn0Jbu2KqfqeGd5G/BI52etgGnO3TiGYqnJ15olNowatFZOMQf97.', NULL, 'not_active', 1, NULL, NULL, '2019-09-09 06:26:59', '2020-03-25 15:10:11', '2020-03-25 15:10:11'),
(182, 0, 0, 'أماني أحمد عابد', 'ama22ny@ps.ps', '0599629123', NULL, NULL, '', 0, '$2y$10$DXGUuu1dQON5I5bDf3wzHO7r3sIWp1VPdbzezysBrGA9ysqB1sz92', NULL, 'not_active', 1, NULL, '2YtMcbmXO0jbEWF31416721569860181_9291985.jpg', '2019-09-30 13:16:22', '2020-03-25 15:10:11', '2020-03-25 15:10:11'),
(183, 0, 0, 'Amany Ahmed', 'aaali@gmail.com', '0599621231', NULL, NULL, '', 0, '$2y$10$MgaUwVC.Vb5K/gUkxWAcrOp8pBbUjEHL2ePNbAIIhM9F6TSYB5gfq', NULL, 'active', 1, NULL, '1VNnaN6o1a2SjBc38972821569860366_6430752.jpg', '2019-09-30 13:19:26', '2020-03-25 15:10:11', '2020-03-25 15:10:11'),
(184, 0, 0, 'dasfsdfas', 'ali@gmail.com22', '0599123125', NULL, NULL, '', 0, '$2y$10$CPpEbUBDKGbQqD8qRLUj7u8SD5DwxP8anw0Q27kBaVtiwiSMSL6nC', NULL, 'active', 1, NULL, 'DBiZITdLB6VYNXK42327111569860880_4441039.jpg', '2019-09-30 13:28:00', '2020-03-25 15:10:11', '2020-03-25 15:10:11'),
(185, 0, 0, 'Amany Ahmed', 'a444li@gmail.com', '0599698765', NULL, NULL, '', 0, '$2y$10$/kDO7R5mFVk8TY.t2P9FL.M/5rwmZ5E1P6u6u6pOehX0e4mNmccUW', NULL, 'not_active', 2, NULL, 'IJBTfkp0SXVuVmk80000351569861082_8059243.jpg', '2019-09-30 13:31:22', '2020-03-25 18:18:00', '2020-03-25 18:18:00'),
(186, 0, 0, 'Ali Ahmed', '3333i@gmail.com', '0599624433', NULL, NULL, '', 0, '$2y$10$AKZokaRP3Fy8sEj8s7MOjOBZ2Isq0KQy8vgCVVIj71V9hrHQDTm/W', NULL, 'active', 1, NULL, 'Iff0lCUwqD7ZzaX93052821569863560_4427473.jpg', '2019-09-30 14:12:40', '2020-03-25 15:09:53', '2020-03-25 15:09:53'),
(187, 0, 0, 'أماني أحمد عابد', '23434li@gmail.com', '0599669020', NULL, NULL, '', 0, '$2y$10$FAmG6UjvXo6k1A8Tg5.3.OAUVAonExyXIHC2AuQsz4vwjmkqvssQe', NULL, 'not_active', 2, NULL, 'pIFn2CxZ7IOPJ5e89138441569863619_1599233.jpg', '2019-09-30 14:13:39', '2020-03-25 18:18:00', '2020-03-25 18:18:00'),
(188, 176, 0, 'عبد الله بندر محمد البيك', '331ai@gmail.com', '0599626620', NULL, NULL, '', 0, '$2y$10$11DybWDDkNM7LTBMliacYuK298miVOzHcn2IU4.Nnn9rmh0T0zTHS', NULL, 'active', 2, 35, 'sKvj7JUajsxaycT13758811569863673_6769669.jpg', '2019-09-30 14:14:34', '2019-11-03 07:07:02', NULL),
(189, 176, 4, 'مهند عمر الحربي', 'muhannedomar@gmail.com', '0599779020', NULL, NULL, '', 0, '$2y$10$qYrevznMr2OFPD6DyDJj2uOHvXogjzy0WcLkEtWabhr4XziHpqh4q', NULL, 'active', 2, 30, 'aIc8xDjjDTiPzdi24000871570017925_3600566.jpg', '2019-10-02 09:05:26', '2019-11-03 07:04:40', NULL),
(190, 0, 0, 'Tala Tayeh', 'tala@yahoo.com', '0599654321', NULL, NULL, '', 0, '$2y$10$zm3aYvz7q06sK.zy6Olw.u.G6MzZhUJKlm0QacNCTS83Ee4GyniZO', NULL, 'active', 1, NULL, 'bYZQKg7OqjvFfsM72340891570027101_1060366.jpg', '2019-10-02 11:38:21', '2020-03-25 15:08:50', '2020-03-25 15:08:50'),
(191, 176, 0, 'بندر عبد الله آل الخالدي', 'bandarkh@gmail.com', '12312312312', NULL, NULL, '', 0, '$2y$10$Pga2lwHAcMVq8J.soM7Sg.gBwzJ9Hl4PhhUZNnsMtMQg/hbrfOc1K', NULL, 'active', 2, 25, 'PNRH2EofsDH9H3F29314111572771806_5682489.jpg', '2019-11-03 07:03:27', '2019-11-03 07:04:08', NULL),
(192, 176, 6, 'سلطان  البحراني', 'sultanab@gmail.com', '112312312', 6, 11, NULL, 0, '$2y$10$87iztdQ6DeWX3L6qRbrskOQoiGLUiqozhlSZ/LtrnmFO2gVYqITMW', NULL, 'active', 2, 20, '0VJweujaFa46viK47379551572772255_1753865.jpg', '2019-11-03 07:10:56', '2020-03-26 11:16:19', NULL),
(193, 0, 0, 'zzX', 'yazsssan_20@hotmail.com', '123123123123', NULL, NULL, '', 0, '$2y$10$NkBvC/tYiOmyH7gKNrXMP.uxThI85o/v5.5CZvWWKMM8Z9LkUtBzu', NULL, 'not_active', 2, NULL, '3W4icdiTIRFugbO17384131572772822_2755173.jpg', '2019-11-03 07:20:22', '2020-03-25 18:17:47', '2020-03-25 18:17:47'),
(195, 176, 0, '1', '1@1.1', '1', NULL, NULL, '1', NULL, NULL, NULL, 'not_active', 1, NULL, NULL, '2020-02-23 04:23:19', '2020-02-23 04:27:47', '2020-02-23 04:27:47'),
(196, 176, 0, '1', '11@111.111', '111', NULL, NULL, '1', NULL, NULL, NULL, 'not_active', 1, NULL, NULL, '2020-02-23 04:28:06', '2020-02-23 04:28:39', '2020-02-23 04:28:39'),
(198, 176, NULL, 'fdsfsdf', 'sdfdf@ssdfd.ph', 'sdfsdf', NULL, NULL, 'sdsfsdf', NULL, NULL, NULL, 'not_active', 1, NULL, NULL, '2020-03-24 10:13:06', '2020-03-24 10:13:16', '2020-03-24 10:13:16'),
(199, 176, NULL, 'شسبسيبيس', 'dsfsdf@fsdsdf.ps', 'asdfsdf', NULL, NULL, 'سيبيسب', NULL, NULL, NULL, 'not_active', 1, NULL, NULL, '2020-03-24 11:31:07', '2020-03-24 11:31:19', '2020-03-24 11:31:19'),
(200, 176, 6, 'أخر اختبار لاضافة موظف1', 'test@lar.ps', '2323423', NULL, NULL, 'إختبار العنوان', NULL, NULL, NULL, 'not_active', 1, NULL, NULL, '2020-03-24 12:32:32', '2020-03-24 13:21:16', '2020-03-24 13:21:16'),
(201, 0, NULL, 'أماني أحمد عابد', 'muhannexvcxvdomar@gmail.com', '059963329020', 6, 10, 'شمال القطاع - فلسطين - تل الزعتر بالقرب من مسجد البشير', 1, '$2y$10$RgCudhzDarErh22sAFKX6eiWgsy2mb/p1/4E4RKKTeQnyLn.hBLxK', NULL, 'not_active', 1, NULL, 'Dx7HTnpw4V7hW5W46815091585140546_7717713.jpg', '2020-03-25 17:49:06', '2020-03-25 17:50:08', '2020-03-25 17:50:08'),
(202, 0, NULL, 'الهدى للإستشارات1', 'alhuda@gmail.com', '33445566', 6, 16, 'الميدان العام - مكتب جرير1', 4, '$2y$10$nZPMDQicvHIIJDZOVsLtI.uTDDF3W8/eVN4zZ09au1jGmu5D9cA1u', NULL, 'active', 1, NULL, 'AkCkxLv7Rm5uwfb55780121585141842_8942063.jpg', '2020-03-25 17:52:30', '2020-03-25 18:11:07', '2020-03-25 18:11:07'),
(203, 0, NULL, 'محمد عبد الرحمن الغامدي', 'e1@e.ps', '0055996643', NULL, NULL, NULL, NULL, '$2y$10$QCaVu3yLQc0AC8oARG4EFeBeiaVg0tbjmxHuzpgssoUkIy/mwVCiO', NULL, 'active', 2, NULL, 'LB8cCNMYApTY7XY68533301585142717_7082846.jpg', '2020-03-25 18:24:35', '2020-03-25 18:35:09', '2020-03-25 18:35:09'),
(204, 0, NULL, 'محمد عبد الرحمن الغامدي', 'mohammedgh@gmail.com', '0044935345', NULL, NULL, NULL, NULL, '$2y$10$2OfgXURukPoF5GLN9LxQXulF8NWcRlAKStNWhRD8WmIBTVXTeosKi', NULL, 'active', 2, NULL, '9HHkllfvhQhwM8359100181585143357_7877934.jpg', '2020-03-25 18:35:57', '2020-03-25 18:35:57', NULL),
(205, 176, 7, '3523423', 'sdfdssd@sfsdf.ps', '234234', NULL, NULL, 'erwerwe', NULL, NULL, NULL, 'not_active', 1, 44, NULL, '2020-03-26 11:17:04', '2020-03-26 11:17:44', '2020-03-26 11:17:44');

-- --------------------------------------------------------

--
-- بنية الجدول `user_permissions`
--

CREATE TABLE `user_permissions` (
  `id` int(11) NOT NULL,
  `user_id` int(11) NOT NULL,
  `permission` text COLLATE utf8mb4_unicode_ci NOT NULL,
  `created_at` datetime NOT NULL,
  `updated_at` datetime NOT NULL,
  `deleted_at` datetime DEFAULT NULL
) ENGINE=InnoDB DEFAULT CHARSET=utf8mb4 COLLATE=utf8mb4_unicode_ci;

--
-- إرجاع أو استيراد بيانات الجدول `user_permissions`
--

INSERT INTO `user_permissions` (`id`, `user_id`, `permission`, `created_at`, `updated_at`, `deleted_at`) VALUES
(1, 3, 'ads,pages,products', '2019-04-10 14:49:52', '2019-04-25 12:23:40', '2019-04-25 12:23:40'),
(2, 3, 'ads,pages,products', '2019-04-25 12:23:40', '2019-04-25 12:27:53', '2019-04-25 12:27:53'),
(3, 3, 'ads', '2019-04-25 12:27:53', '2019-04-25 12:28:00', '2019-04-25 12:28:00'),
(4, 3, 'ads', '2019-04-25 12:28:00', '2019-04-25 12:28:00', NULL),
(5, 3, '{\"id\":14,\"roleSlug\":\"admin\",\"created_at\":\"2019-04-10 14:26:00\",\"updated_at\":\"2019-04-10 14:26:00\",\"deleted_at\":null,\"name\":\"Admins\",\"translations\":[{\"id\":2,\"permission_id\":\"14\",\"locale\":\"en\",\"name\":\"Admins\",\"created_at\":\"2019-04-10 14:26:00\",\"updated_at\":\"2019-04-10 14:28:07\",\"deleted_at\":null},{\"id\":3,\"permission_id\":\"14\",\"locale\":\"ar\",\"name\":\"\\u0645\\u062f\\u064a\\u0631\",\"created_at\":\"2019-04-10 14:26:00\",\"updated_at\":\"2019-04-10 14:26:00\",\"deleted_at\":null}]}', '2019-04-25 12:36:56', '2019-04-25 12:36:56', NULL),
(6, 3, '{\"id\":15,\"roleSlug\":\"ads\",\"created_at\":\"2019-04-10 14:26:58\",\"updated_at\":\"2019-04-10 14:26:58\",\"deleted_at\":null,\"name\":\"Ads\",\"translations\":[{\"id\":4,\"permission_id\":\"15\",\"locale\":\"en\",\"name\":\"Ads\",\"created_at\":\"2019-04-10 14:26:58\",\"updated_at\":\"2019-04-10 14:26:58\",\"deleted_at\":null},{\"id\":5,\"permission_id\":\"15\",\"locale\":\"ar\",\"name\":\"\\u0627\\u0639\\u0644\\u0627\\u0646\\u0627\\u062a\",\"created_at\":\"2019-04-10 14:26:58\",\"updated_at\":\"2019-04-10 14:26:58\",\"deleted_at\":null}]}', '2019-04-25 12:36:56', '2019-04-25 12:36:56', NULL),
(7, 3, '{\"id\":16,\"roleSlug\":\"contact-us\",\"created_at\":\"2019-04-10 14:30:25\",\"updated_at\":\"2019-04-10 14:30:25\",\"deleted_at\":null,\"name\":\"Contact_us\",\"translations\":[{\"id\":6,\"permission_id\":\"16\",\"locale\":\"en\",\"name\":\"Contact_us\",\"created_at\":\"2019-04-10 14:30:25\",\"updated_at\":\"2019-04-10 14:30:25\",\"deleted_at\":null},{\"id\":7,\"permission_id\":\"16\",\"locale\":\"ar\",\"name\":\"\\u062a\\u0648\\u0627\\u0635\\u0644 \\u0645\\u0639\\u0646\\u0627\",\"created_at\":\"2019-04-10 14:30:25\",\"updated_at\":\"2019-04-10 14:30:25\",\"deleted_at\":null}]}', '2019-04-25 12:36:56', '2019-04-25 12:36:56', NULL),
(8, 3, '{\"id\":17,\"roleSlug\":\"settings\",\"created_at\":\"2019-04-10 14:30:41\",\"updated_at\":\"2019-04-10 14:30:41\",\"deleted_at\":null,\"name\":\"Settings\",\"translations\":[{\"id\":8,\"permission_id\":\"17\",\"locale\":\"en\",\"name\":\"Settings\",\"created_at\":\"2019-04-10 14:30:41\",\"updated_at\":\"2019-04-10 14:30:41\",\"deleted_at\":null},{\"id\":9,\"permission_id\":\"17\",\"locale\":\"ar\",\"name\":\"\\u0627\\u0644\\u0627\\u0639\\u062f\\u0627\\u062f\\u0627\\u062a\",\"created_at\":\"2019-04-10 14:30:41\",\"updated_at\":\"2019-04-10 14:30:41\",\"deleted_at\":null}]}', '2019-04-25 12:36:56', '2019-04-25 12:36:56', NULL),
(9, 3, '{\"id\":18,\"roleSlug\":\"pages\",\"created_at\":\"2019-04-10 14:30:53\",\"updated_at\":\"2019-04-10 14:30:53\",\"deleted_at\":null,\"name\":\"Pages\",\"translations\":[{\"id\":10,\"permission_id\":\"18\",\"locale\":\"en\",\"name\":\"Pages\",\"created_at\":\"2019-04-10 14:30:53\",\"updated_at\":\"2019-04-10 14:30:53\",\"deleted_at\":null},{\"id\":11,\"permission_id\":\"18\",\"locale\":\"ar\",\"name\":\"\\u0627\\u0644\\u0635\\u0641\\u062d\\u0627\\u062a \\u0627\\u0644\\u062b\\u0627\\u0628\\u062a\\u0629\",\"created_at\":\"2019-04-10 14:30:53\",\"updated_at\":\"2019-04-10 14:30:53\",\"deleted_at\":null}]}', '2019-04-25 12:36:56', '2019-04-25 12:36:56', NULL),
(10, 3, '{\"id\":19,\"roleSlug\":\"users\",\"created_at\":\"2019-04-10 14:31:04\",\"updated_at\":\"2019-04-10 14:31:04\",\"deleted_at\":null,\"name\":\"Users\",\"translations\":[{\"id\":12,\"permission_id\":\"19\",\"locale\":\"en\",\"name\":\"Users\",\"created_at\":\"2019-04-10 14:31:04\",\"updated_at\":\"2019-04-10 14:31:04\",\"deleted_at\":null},{\"id\":13,\"permission_id\":\"19\",\"locale\":\"ar\",\"name\":\"\\u0627\\u0644\\u0645\\u0633\\u062a\\u062e\\u062f\\u0645\\u0648\\u0646\",\"created_at\":\"2019-04-10 14:31:04\",\"updated_at\":\"2019-04-10 14:31:04\",\"deleted_at\":null}]}', '2019-04-25 12:36:56', '2019-04-25 12:36:56', NULL),
(11, 3, '{\"id\":20,\"roleSlug\":\"categories\",\"created_at\":\"2019-04-10 14:32:45\",\"updated_at\":\"2019-04-10 14:32:45\",\"deleted_at\":null,\"name\":\"Categories\",\"translations\":[{\"id\":14,\"permission_id\":\"20\",\"locale\":\"en\",\"name\":\"Categories\",\"created_at\":\"2019-04-10 14:32:45\",\"updated_at\":\"2019-04-10 14:32:45\",\"deleted_at\":null},{\"id\":15,\"permission_id\":\"20\",\"locale\":\"ar\",\"name\":\"\\u0627\\u0644\\u062a\\u0635\\u0646\\u064a\\u0641\\u0627\\u062a \\u0627\\u0644\\u0631\\u0626\\u064a\\u0633\\u064a\\u0629\",\"created_at\":\"2019-04-10 14:32:45\",\"updated_at\":\"2019-04-10 14:32:45\",\"deleted_at\":null}]}', '2019-04-25 12:36:56', '2019-04-25 12:36:56', NULL),
(12, 3, '{\"id\":21,\"roleSlug\":\"cities\",\"created_at\":\"2019-04-10 14:33:05\",\"updated_at\":\"2019-04-10 14:33:05\",\"deleted_at\":null,\"name\":\"Cities\",\"translations\":[{\"id\":16,\"permission_id\":\"21\",\"locale\":\"en\",\"name\":\"Cities\",\"created_at\":\"2019-04-10 14:33:05\",\"updated_at\":\"2019-04-10 14:33:05\",\"deleted_at\":null},{\"id\":17,\"permission_id\":\"21\",\"locale\":\"ar\",\"name\":\"\\u0627\\u0644\\u0645\\u062f\\u0646\",\"created_at\":\"2019-04-10 14:33:05\",\"updated_at\":\"2019-04-10 14:33:05\",\"deleted_at\":null}]}', '2019-04-25 12:36:56', '2019-04-25 12:36:56', NULL),
(13, 3, '{\"id\":22,\"roleSlug\":\"notifications\",\"created_at\":\"2019-04-10 14:33:15\",\"updated_at\":\"2019-04-10 14:33:15\",\"deleted_at\":null,\"name\":\"Notifications\",\"translations\":[{\"id\":18,\"permission_id\":\"22\",\"locale\":\"en\",\"name\":\"Notifications\",\"created_at\":\"2019-04-10 14:33:15\",\"updated_at\":\"2019-04-10 14:33:15\",\"deleted_at\":null},{\"id\":19,\"permission_id\":\"22\",\"locale\":\"ar\",\"name\":\"\\u0627\\u0644\\u0627\\u0634\\u0639\\u0627\\u0631\\u0627\\u062a\",\"created_at\":\"2019-04-10 14:33:15\",\"updated_at\":\"2019-04-10 14:33:15\",\"deleted_at\":null}]}', '2019-04-25 12:36:56', '2019-04-25 12:36:56', NULL),
(14, 3, '{\"id\":23,\"roleSlug\":\"products\",\"created_at\":\"2019-04-10 14:33:31\",\"updated_at\":\"2019-04-10 14:33:31\",\"deleted_at\":null,\"name\":\"Products\",\"translations\":[{\"id\":20,\"permission_id\":\"23\",\"locale\":\"en\",\"name\":\"Products\",\"created_at\":\"2019-04-10 14:33:31\",\"updated_at\":\"2019-04-10 14:33:31\",\"deleted_at\":null},{\"id\":21,\"permission_id\":\"23\",\"locale\":\"ar\",\"name\":\"\\u0627\\u0644\\u0645\\u0646\\u062a\\u062c\\u0627\\u062a\",\"created_at\":\"2019-04-10 14:33:31\",\"updated_at\":\"2019-04-10 14:33:31\",\"deleted_at\":null}]}', '2019-04-25 12:36:56', '2019-04-25 12:36:56', NULL),
(15, 3, '{\"id\":24,\"roleSlug\":\"orders\",\"created_at\":\"2019-04-10 14:33:47\",\"updated_at\":\"2019-04-10 14:33:47\",\"deleted_at\":null,\"name\":\"Orders\",\"translations\":[{\"id\":22,\"permission_id\":\"24\",\"locale\":\"en\",\"name\":\"Orders\",\"created_at\":\"2019-04-10 14:33:47\",\"updated_at\":\"2019-04-10 14:33:47\",\"deleted_at\":null},{\"id\":23,\"permission_id\":\"24\",\"locale\":\"ar\",\"name\":\"\\u0637\\u0644\\u0628\\u0627\\u062a \\u0627\\u0644\\u0634\\u0631\\u0627\\u0621\",\"created_at\":\"2019-04-10 14:33:47\",\"updated_at\":\"2019-04-10 14:33:47\",\"deleted_at\":null}]}', '2019-04-25 12:36:56', '2019-04-25 12:36:56', NULL),
(16, 3, '{\"id\":25,\"roleSlug\":\"permissions\",\"created_at\":\"2019-04-10 14:33:57\",\"updated_at\":\"2019-04-10 14:33:57\",\"deleted_at\":null,\"name\":\"Permissions\",\"translations\":[{\"id\":24,\"permission_id\":\"25\",\"locale\":\"en\",\"name\":\"Permissions\",\"created_at\":\"2019-04-10 14:33:57\",\"updated_at\":\"2019-04-10 14:33:57\",\"deleted_at\":null},{\"id\":25,\"permission_id\":\"25\",\"locale\":\"ar\",\"name\":\"\\u0627\\u0644\\u0635\\u0644\\u0627\\u062d\\u064a\\u0627\\u062a\",\"created_at\":\"2019-04-10 14:33:57\",\"updated_at\":\"2019-04-10 14:33:57\",\"deleted_at\":null}]}', '2019-04-25 12:36:56', '2019-04-25 12:36:56', NULL),
(17, 3, '{\"id\":14,\"roleSlug\":\"admin\",\"created_at\":\"2019-04-10 14:26:00\",\"updated_at\":\"2019-04-10 14:26:00\",\"deleted_at\":null,\"name\":\"Admins\",\"translations\":[{\"id\":2,\"permission_id\":\"14\",\"locale\":\"en\",\"name\":\"Admins\",\"created_at\":\"2019-04-10 14:26:00\",\"updated_at\":\"2019-04-10 14:28:07\",\"deleted_at\":null},{\"id\":3,\"permission_id\":\"14\",\"locale\":\"ar\",\"name\":\"\\u0645\\u062f\\u064a\\u0631\",\"created_at\":\"2019-04-10 14:26:00\",\"updated_at\":\"2019-04-10 14:26:00\",\"deleted_at\":null}]}', '2019-04-25 12:37:10', '2019-04-25 12:37:10', NULL),
(18, 3, '{\"id\":15,\"roleSlug\":\"ads\",\"created_at\":\"2019-04-10 14:26:58\",\"updated_at\":\"2019-04-10 14:26:58\",\"deleted_at\":null,\"name\":\"Ads\",\"translations\":[{\"id\":4,\"permission_id\":\"15\",\"locale\":\"en\",\"name\":\"Ads\",\"created_at\":\"2019-04-10 14:26:58\",\"updated_at\":\"2019-04-10 14:26:58\",\"deleted_at\":null},{\"id\":5,\"permission_id\":\"15\",\"locale\":\"ar\",\"name\":\"\\u0627\\u0639\\u0644\\u0627\\u0646\\u0627\\u062a\",\"created_at\":\"2019-04-10 14:26:58\",\"updated_at\":\"2019-04-10 14:26:58\",\"deleted_at\":null}]}', '2019-04-25 12:37:10', '2019-04-25 12:37:10', NULL),
(19, 3, '{\"id\":16,\"roleSlug\":\"contact-us\",\"created_at\":\"2019-04-10 14:30:25\",\"updated_at\":\"2019-04-10 14:30:25\",\"deleted_at\":null,\"name\":\"Contact_us\",\"translations\":[{\"id\":6,\"permission_id\":\"16\",\"locale\":\"en\",\"name\":\"Contact_us\",\"created_at\":\"2019-04-10 14:30:25\",\"updated_at\":\"2019-04-10 14:30:25\",\"deleted_at\":null},{\"id\":7,\"permission_id\":\"16\",\"locale\":\"ar\",\"name\":\"\\u062a\\u0648\\u0627\\u0635\\u0644 \\u0645\\u0639\\u0646\\u0627\",\"created_at\":\"2019-04-10 14:30:25\",\"updated_at\":\"2019-04-10 14:30:25\",\"deleted_at\":null}]}', '2019-04-25 12:37:10', '2019-04-25 12:37:10', NULL),
(20, 3, '{\"id\":17,\"roleSlug\":\"settings\",\"created_at\":\"2019-04-10 14:30:41\",\"updated_at\":\"2019-04-10 14:30:41\",\"deleted_at\":null,\"name\":\"Settings\",\"translations\":[{\"id\":8,\"permission_id\":\"17\",\"locale\":\"en\",\"name\":\"Settings\",\"created_at\":\"2019-04-10 14:30:41\",\"updated_at\":\"2019-04-10 14:30:41\",\"deleted_at\":null},{\"id\":9,\"permission_id\":\"17\",\"locale\":\"ar\",\"name\":\"\\u0627\\u0644\\u0627\\u0639\\u062f\\u0627\\u062f\\u0627\\u062a\",\"created_at\":\"2019-04-10 14:30:41\",\"updated_at\":\"2019-04-10 14:30:41\",\"deleted_at\":null}]}', '2019-04-25 12:37:10', '2019-04-25 12:37:10', NULL),
(21, 3, '{\"id\":18,\"roleSlug\":\"pages\",\"created_at\":\"2019-04-10 14:30:53\",\"updated_at\":\"2019-04-10 14:30:53\",\"deleted_at\":null,\"name\":\"Pages\",\"translations\":[{\"id\":10,\"permission_id\":\"18\",\"locale\":\"en\",\"name\":\"Pages\",\"created_at\":\"2019-04-10 14:30:53\",\"updated_at\":\"2019-04-10 14:30:53\",\"deleted_at\":null},{\"id\":11,\"permission_id\":\"18\",\"locale\":\"ar\",\"name\":\"\\u0627\\u0644\\u0635\\u0641\\u062d\\u0627\\u062a \\u0627\\u0644\\u062b\\u0627\\u0628\\u062a\\u0629\",\"created_at\":\"2019-04-10 14:30:53\",\"updated_at\":\"2019-04-10 14:30:53\",\"deleted_at\":null}]}', '2019-04-25 12:37:10', '2019-04-25 12:37:10', NULL),
(22, 3, '{\"id\":19,\"roleSlug\":\"users\",\"created_at\":\"2019-04-10 14:31:04\",\"updated_at\":\"2019-04-10 14:31:04\",\"deleted_at\":null,\"name\":\"Users\",\"translations\":[{\"id\":12,\"permission_id\":\"19\",\"locale\":\"en\",\"name\":\"Users\",\"created_at\":\"2019-04-10 14:31:04\",\"updated_at\":\"2019-04-10 14:31:04\",\"deleted_at\":null},{\"id\":13,\"permission_id\":\"19\",\"locale\":\"ar\",\"name\":\"\\u0627\\u0644\\u0645\\u0633\\u062a\\u062e\\u062f\\u0645\\u0648\\u0646\",\"created_at\":\"2019-04-10 14:31:04\",\"updated_at\":\"2019-04-10 14:31:04\",\"deleted_at\":null}]}', '2019-04-25 12:37:10', '2019-04-25 12:37:10', NULL),
(23, 3, '{\"id\":20,\"roleSlug\":\"categories\",\"created_at\":\"2019-04-10 14:32:45\",\"updated_at\":\"2019-04-10 14:32:45\",\"deleted_at\":null,\"name\":\"Categories\",\"translations\":[{\"id\":14,\"permission_id\":\"20\",\"locale\":\"en\",\"name\":\"Categories\",\"created_at\":\"2019-04-10 14:32:45\",\"updated_at\":\"2019-04-10 14:32:45\",\"deleted_at\":null},{\"id\":15,\"permission_id\":\"20\",\"locale\":\"ar\",\"name\":\"\\u0627\\u0644\\u062a\\u0635\\u0646\\u064a\\u0641\\u0627\\u062a \\u0627\\u0644\\u0631\\u0626\\u064a\\u0633\\u064a\\u0629\",\"created_at\":\"2019-04-10 14:32:45\",\"updated_at\":\"2019-04-10 14:32:45\",\"deleted_at\":null}]}', '2019-04-25 12:37:10', '2019-04-25 12:37:10', NULL),
(24, 3, '{\"id\":21,\"roleSlug\":\"cities\",\"created_at\":\"2019-04-10 14:33:05\",\"updated_at\":\"2019-04-10 14:33:05\",\"deleted_at\":null,\"name\":\"Cities\",\"translations\":[{\"id\":16,\"permission_id\":\"21\",\"locale\":\"en\",\"name\":\"Cities\",\"created_at\":\"2019-04-10 14:33:05\",\"updated_at\":\"2019-04-10 14:33:05\",\"deleted_at\":null},{\"id\":17,\"permission_id\":\"21\",\"locale\":\"ar\",\"name\":\"\\u0627\\u0644\\u0645\\u062f\\u0646\",\"created_at\":\"2019-04-10 14:33:05\",\"updated_at\":\"2019-04-10 14:33:05\",\"deleted_at\":null}]}', '2019-04-25 12:37:10', '2019-04-25 12:37:10', NULL),
(25, 3, '{\"id\":22,\"roleSlug\":\"notifications\",\"created_at\":\"2019-04-10 14:33:15\",\"updated_at\":\"2019-04-10 14:33:15\",\"deleted_at\":null,\"name\":\"Notifications\",\"translations\":[{\"id\":18,\"permission_id\":\"22\",\"locale\":\"en\",\"name\":\"Notifications\",\"created_at\":\"2019-04-10 14:33:15\",\"updated_at\":\"2019-04-10 14:33:15\",\"deleted_at\":null},{\"id\":19,\"permission_id\":\"22\",\"locale\":\"ar\",\"name\":\"\\u0627\\u0644\\u0627\\u0634\\u0639\\u0627\\u0631\\u0627\\u062a\",\"created_at\":\"2019-04-10 14:33:15\",\"updated_at\":\"2019-04-10 14:33:15\",\"deleted_at\":null}]}', '2019-04-25 12:37:10', '2019-04-25 12:37:10', NULL),
(26, 3, '{\"id\":23,\"roleSlug\":\"products\",\"created_at\":\"2019-04-10 14:33:31\",\"updated_at\":\"2019-04-10 14:33:31\",\"deleted_at\":null,\"name\":\"Products\",\"translations\":[{\"id\":20,\"permission_id\":\"23\",\"locale\":\"en\",\"name\":\"Products\",\"created_at\":\"2019-04-10 14:33:31\",\"updated_at\":\"2019-04-10 14:33:31\",\"deleted_at\":null},{\"id\":21,\"permission_id\":\"23\",\"locale\":\"ar\",\"name\":\"\\u0627\\u0644\\u0645\\u0646\\u062a\\u062c\\u0627\\u062a\",\"created_at\":\"2019-04-10 14:33:31\",\"updated_at\":\"2019-04-10 14:33:31\",\"deleted_at\":null}]}', '2019-04-25 12:37:11', '2019-04-25 12:37:11', NULL),
(27, 3, '{\"id\":24,\"roleSlug\":\"orders\",\"created_at\":\"2019-04-10 14:33:47\",\"updated_at\":\"2019-04-10 14:33:47\",\"deleted_at\":null,\"name\":\"Orders\",\"translations\":[{\"id\":22,\"permission_id\":\"24\",\"locale\":\"en\",\"name\":\"Orders\",\"created_at\":\"2019-04-10 14:33:47\",\"updated_at\":\"2019-04-10 14:33:47\",\"deleted_at\":null},{\"id\":23,\"permission_id\":\"24\",\"locale\":\"ar\",\"name\":\"\\u0637\\u0644\\u0628\\u0627\\u062a \\u0627\\u0644\\u0634\\u0631\\u0627\\u0621\",\"created_at\":\"2019-04-10 14:33:47\",\"updated_at\":\"2019-04-10 14:33:47\",\"deleted_at\":null}]}', '2019-04-25 12:37:11', '2019-04-25 12:37:11', NULL),
(28, 3, '{\"id\":25,\"roleSlug\":\"permissions\",\"created_at\":\"2019-04-10 14:33:57\",\"updated_at\":\"2019-04-10 14:33:57\",\"deleted_at\":null,\"name\":\"Permissions\",\"translations\":[{\"id\":24,\"permission_id\":\"25\",\"locale\":\"en\",\"name\":\"Permissions\",\"created_at\":\"2019-04-10 14:33:57\",\"updated_at\":\"2019-04-10 14:33:57\",\"deleted_at\":null},{\"id\":25,\"permission_id\":\"25\",\"locale\":\"ar\",\"name\":\"\\u0627\\u0644\\u0635\\u0644\\u0627\\u062d\\u064a\\u0627\\u062a\",\"created_at\":\"2019-04-10 14:33:57\",\"updated_at\":\"2019-04-10 14:33:57\",\"deleted_at\":null}]}', '2019-04-25 12:37:11', '2019-04-25 12:37:11', NULL),
(29, 4, '{\"id\":14,\"roleSlug\":\"admin\",\"created_at\":\"2019-04-10 14:26:00\",\"updated_at\":\"2019-04-10 14:26:00\",\"deleted_at\":null,\"name\":\"Admins\",\"translations\":[{\"id\":2,\"permission_id\":\"14\",\"locale\":\"en\",\"name\":\"Admins\",\"created_at\":\"2019-04-10 14:26:00\",\"updated_at\":\"2019-04-10 14:28:07\",\"deleted_at\":null},{\"id\":3,\"permission_id\":\"14\",\"locale\":\"ar\",\"name\":\"\\u0645\\u062f\\u064a\\u0631\",\"created_at\":\"2019-04-10 14:26:00\",\"updated_at\":\"2019-04-10 14:26:00\",\"deleted_at\":null}]}', '2019-04-25 12:37:59', '2019-04-25 12:49:46', '2019-04-25 12:49:46'),
(30, 4, '{\"id\":15,\"roleSlug\":\"ads\",\"created_at\":\"2019-04-10 14:26:58\",\"updated_at\":\"2019-04-10 14:26:58\",\"deleted_at\":null,\"name\":\"Ads\",\"translations\":[{\"id\":4,\"permission_id\":\"15\",\"locale\":\"en\",\"name\":\"Ads\",\"created_at\":\"2019-04-10 14:26:58\",\"updated_at\":\"2019-04-10 14:26:58\",\"deleted_at\":null},{\"id\":5,\"permission_id\":\"15\",\"locale\":\"ar\",\"name\":\"\\u0627\\u0639\\u0644\\u0627\\u0646\\u0627\\u062a\",\"created_at\":\"2019-04-10 14:26:58\",\"updated_at\":\"2019-04-10 14:26:58\",\"deleted_at\":null}]}', '2019-04-25 12:37:59', '2019-09-04 12:29:50', '2019-09-04 12:29:50'),
(31, 4, '{\"id\":16,\"roleSlug\":\"contact-us\",\"created_at\":\"2019-04-10 14:30:25\",\"updated_at\":\"2019-04-10 14:30:25\",\"deleted_at\":null,\"name\":\"Contact_us\",\"translations\":[{\"id\":6,\"permission_id\":\"16\",\"locale\":\"en\",\"name\":\"Contact_us\",\"created_at\":\"2019-04-10 14:30:25\",\"updated_at\":\"2019-04-10 14:30:25\",\"deleted_at\":null},{\"id\":7,\"permission_id\":\"16\",\"locale\":\"ar\",\"name\":\"\\u062a\\u0648\\u0627\\u0635\\u0644 \\u0645\\u0639\\u0646\\u0627\",\"created_at\":\"2019-04-10 14:30:25\",\"updated_at\":\"2019-04-10 14:30:25\",\"deleted_at\":null}]}', '2019-04-25 12:37:59', '2019-09-04 12:31:07', '2019-09-04 12:31:07'),
(32, 4, '{\"id\":17,\"roleSlug\":\"settings\",\"created_at\":\"2019-04-10 14:30:41\",\"updated_at\":\"2019-04-10 14:30:41\",\"deleted_at\":null,\"name\":\"Settings\",\"translations\":[{\"id\":8,\"permission_id\":\"17\",\"locale\":\"en\",\"name\":\"Settings\",\"created_at\":\"2019-04-10 14:30:41\",\"updated_at\":\"2019-04-10 14:30:41\",\"deleted_at\":null},{\"id\":9,\"permission_id\":\"17\",\"locale\":\"ar\",\"name\":\"\\u0627\\u0644\\u0627\\u0639\\u062f\\u0627\\u062f\\u0627\\u062a\",\"created_at\":\"2019-04-10 14:30:41\",\"updated_at\":\"2019-04-10 14:30:41\",\"deleted_at\":null}]}', '2019-04-25 12:37:59', '2019-09-04 12:34:18', '2019-09-04 12:34:18'),
(33, 4, '{\"id\":18,\"roleSlug\":\"pages\",\"created_at\":\"2019-04-10 14:30:53\",\"updated_at\":\"2019-04-10 14:30:53\",\"deleted_at\":null,\"name\":\"Pages\",\"translations\":[{\"id\":10,\"permission_id\":\"18\",\"locale\":\"en\",\"name\":\"Pages\",\"created_at\":\"2019-04-10 14:30:53\",\"updated_at\":\"2019-04-10 14:30:53\",\"deleted_at\":null},{\"id\":11,\"permission_id\":\"18\",\"locale\":\"ar\",\"name\":\"\\u0627\\u0644\\u0635\\u0641\\u062d\\u0627\\u062a \\u0627\\u0644\\u062b\\u0627\\u0628\\u062a\\u0629\",\"created_at\":\"2019-04-10 14:30:53\",\"updated_at\":\"2019-04-10 14:30:53\",\"deleted_at\":null}]}', '2019-04-25 12:37:59', '2019-04-25 12:37:59', NULL),
(34, 4, '{\"id\":19,\"roleSlug\":\"users\",\"created_at\":\"2019-04-10 14:31:04\",\"updated_at\":\"2019-04-10 14:31:04\",\"deleted_at\":null,\"name\":\"Users\",\"translations\":[{\"id\":12,\"permission_id\":\"19\",\"locale\":\"en\",\"name\":\"Users\",\"created_at\":\"2019-04-10 14:31:04\",\"updated_at\":\"2019-04-10 14:31:04\",\"deleted_at\":null},{\"id\":13,\"permission_id\":\"19\",\"locale\":\"ar\",\"name\":\"\\u0627\\u0644\\u0645\\u0633\\u062a\\u062e\\u062f\\u0645\\u0648\\u0646\",\"created_at\":\"2019-04-10 14:31:04\",\"updated_at\":\"2019-04-10 14:31:04\",\"deleted_at\":null}]}', '2019-04-25 12:37:59', '2019-04-25 12:37:59', NULL),
(35, 4, '{\"id\":20,\"roleSlug\":\"categories\",\"created_at\":\"2019-04-10 14:32:45\",\"updated_at\":\"2019-04-10 14:32:45\",\"deleted_at\":null,\"name\":\"Categories\",\"translations\":[{\"id\":14,\"permission_id\":\"20\",\"locale\":\"en\",\"name\":\"Categories\",\"created_at\":\"2019-04-10 14:32:45\",\"updated_at\":\"2019-04-10 14:32:45\",\"deleted_at\":null},{\"id\":15,\"permission_id\":\"20\",\"locale\":\"ar\",\"name\":\"\\u0627\\u0644\\u062a\\u0635\\u0646\\u064a\\u0641\\u0627\\u062a \\u0627\\u0644\\u0631\\u0626\\u064a\\u0633\\u064a\\u0629\",\"created_at\":\"2019-04-10 14:32:45\",\"updated_at\":\"2019-04-10 14:32:45\",\"deleted_at\":null}]}', '2019-04-25 12:37:59', '2019-04-25 12:37:59', NULL),
(36, 4, '{\"id\":21,\"roleSlug\":\"cities\",\"created_at\":\"2019-04-10 14:33:05\",\"updated_at\":\"2019-04-10 14:33:05\",\"deleted_at\":null,\"name\":\"Cities\",\"translations\":[{\"id\":16,\"permission_id\":\"21\",\"locale\":\"en\",\"name\":\"Cities\",\"created_at\":\"2019-04-10 14:33:05\",\"updated_at\":\"2019-04-10 14:33:05\",\"deleted_at\":null},{\"id\":17,\"permission_id\":\"21\",\"locale\":\"ar\",\"name\":\"\\u0627\\u0644\\u0645\\u062f\\u0646\",\"created_at\":\"2019-04-10 14:33:05\",\"updated_at\":\"2019-04-10 14:33:05\",\"deleted_at\":null}]}', '2019-04-25 12:37:59', '2019-04-25 12:37:59', NULL),
(37, 4, '{\"id\":22,\"roleSlug\":\"notifications\",\"created_at\":\"2019-04-10 14:33:15\",\"updated_at\":\"2019-04-10 14:33:15\",\"deleted_at\":null,\"name\":\"Notifications\",\"translations\":[{\"id\":18,\"permission_id\":\"22\",\"locale\":\"en\",\"name\":\"Notifications\",\"created_at\":\"2019-04-10 14:33:15\",\"updated_at\":\"2019-04-10 14:33:15\",\"deleted_at\":null},{\"id\":19,\"permission_id\":\"22\",\"locale\":\"ar\",\"name\":\"\\u0627\\u0644\\u0627\\u0634\\u0639\\u0627\\u0631\\u0627\\u062a\",\"created_at\":\"2019-04-10 14:33:15\",\"updated_at\":\"2019-04-10 14:33:15\",\"deleted_at\":null}]}', '2019-04-25 12:37:59', '2019-04-25 12:37:59', NULL),
(38, 4, '{\"id\":23,\"roleSlug\":\"products\",\"created_at\":\"2019-04-10 14:33:31\",\"updated_at\":\"2019-04-10 14:33:31\",\"deleted_at\":null,\"name\":\"Products\",\"translations\":[{\"id\":20,\"permission_id\":\"23\",\"locale\":\"en\",\"name\":\"Products\",\"created_at\":\"2019-04-10 14:33:31\",\"updated_at\":\"2019-04-10 14:33:31\",\"deleted_at\":null},{\"id\":21,\"permission_id\":\"23\",\"locale\":\"ar\",\"name\":\"\\u0627\\u0644\\u0645\\u0646\\u062a\\u062c\\u0627\\u062a\",\"created_at\":\"2019-04-10 14:33:31\",\"updated_at\":\"2019-04-10 14:33:31\",\"deleted_at\":null}]}', '2019-04-25 12:37:59', '2019-04-25 12:37:59', NULL),
(39, 4, '{\"id\":24,\"roleSlug\":\"orders\",\"created_at\":\"2019-04-10 14:33:47\",\"updated_at\":\"2019-04-10 14:33:47\",\"deleted_at\":null,\"name\":\"Orders\",\"translations\":[{\"id\":22,\"permission_id\":\"24\",\"locale\":\"en\",\"name\":\"Orders\",\"created_at\":\"2019-04-10 14:33:47\",\"updated_at\":\"2019-04-10 14:33:47\",\"deleted_at\":null},{\"id\":23,\"permission_id\":\"24\",\"locale\":\"ar\",\"name\":\"\\u0637\\u0644\\u0628\\u0627\\u062a \\u0627\\u0644\\u0634\\u0631\\u0627\\u0621\",\"created_at\":\"2019-04-10 14:33:47\",\"updated_at\":\"2019-04-10 14:33:47\",\"deleted_at\":null}]}', '2019-04-25 12:37:59', '2019-04-25 12:37:59', NULL),
(40, 4, '{\"id\":25,\"roleSlug\":\"permissions\",\"created_at\":\"2019-04-10 14:33:57\",\"updated_at\":\"2019-04-10 14:33:57\",\"deleted_at\":null,\"name\":\"Permissions\",\"translations\":[{\"id\":24,\"permission_id\":\"25\",\"locale\":\"en\",\"name\":\"Permissions\",\"created_at\":\"2019-04-10 14:33:57\",\"updated_at\":\"2019-04-10 14:33:57\",\"deleted_at\":null},{\"id\":25,\"permission_id\":\"25\",\"locale\":\"ar\",\"name\":\"\\u0627\\u0644\\u0635\\u0644\\u0627\\u062d\\u064a\\u0627\\u062a\",\"created_at\":\"2019-04-10 14:33:57\",\"updated_at\":\"2019-04-10 14:33:57\",\"deleted_at\":null}]}', '2019-04-25 12:37:59', '2019-04-25 12:37:59', NULL),
(41, 4, '{\"id\":14,\"roleSlug\":\"admin\",\"created_at\":\"2019-04-10 14:26:00\",\"updated_at\":\"2019-04-10 14:26:00\",\"deleted_at\":null,\"name\":\"Admins\",\"translations\":[{\"id\":2,\"permission_id\":\"14\",\"locale\":\"en\",\"name\":\"Admins\",\"created_at\":\"2019-04-10 14:26:00\",\"updated_at\":\"2019-04-10 14:28:07\",\"deleted_at\":null},{\"id\":3,\"permission_id\":\"14\",\"locale\":\"ar\",\"name\":\"\\u0645\\u062f\\u064a\\u0631\",\"created_at\":\"2019-04-10 14:26:00\",\"updated_at\":\"2019-04-10 14:26:00\",\"deleted_at\":null}]}', '2019-04-25 12:40:54', '2019-04-25 12:40:54', NULL),
(42, 4, '{\"id\":15,\"roleSlug\":\"ads\",\"created_at\":\"2019-04-10 14:26:58\",\"updated_at\":\"2019-04-10 14:26:58\",\"deleted_at\":null,\"name\":\"Ads\",\"translations\":[{\"id\":4,\"permission_id\":\"15\",\"locale\":\"en\",\"name\":\"Ads\",\"created_at\":\"2019-04-10 14:26:58\",\"updated_at\":\"2019-04-10 14:26:58\",\"deleted_at\":null},{\"id\":5,\"permission_id\":\"15\",\"locale\":\"ar\",\"name\":\"\\u0627\\u0639\\u0644\\u0627\\u0646\\u0627\\u062a\",\"created_at\":\"2019-04-10 14:26:58\",\"updated_at\":\"2019-04-10 14:26:58\",\"deleted_at\":null}]}', '2019-04-25 12:40:54', '2019-04-25 12:40:54', NULL),
(43, 4, '{\"id\":16,\"roleSlug\":\"contact-us\",\"created_at\":\"2019-04-10 14:30:25\",\"updated_at\":\"2019-04-10 14:30:25\",\"deleted_at\":null,\"name\":\"Contact_us\",\"translations\":[{\"id\":6,\"permission_id\":\"16\",\"locale\":\"en\",\"name\":\"Contact_us\",\"created_at\":\"2019-04-10 14:30:25\",\"updated_at\":\"2019-04-10 14:30:25\",\"deleted_at\":null},{\"id\":7,\"permission_id\":\"16\",\"locale\":\"ar\",\"name\":\"\\u062a\\u0648\\u0627\\u0635\\u0644 \\u0645\\u0639\\u0646\\u0627\",\"created_at\":\"2019-04-10 14:30:25\",\"updated_at\":\"2019-04-10 14:30:25\",\"deleted_at\":null}]}', '2019-04-25 12:40:54', '2019-04-25 12:40:54', NULL),
(44, 4, '{\"id\":17,\"roleSlug\":\"settings\",\"created_at\":\"2019-04-10 14:30:41\",\"updated_at\":\"2019-04-10 14:30:41\",\"deleted_at\":null,\"name\":\"Settings\",\"translations\":[{\"id\":8,\"permission_id\":\"17\",\"locale\":\"en\",\"name\":\"Settings\",\"created_at\":\"2019-04-10 14:30:41\",\"updated_at\":\"2019-04-10 14:30:41\",\"deleted_at\":null},{\"id\":9,\"permission_id\":\"17\",\"locale\":\"ar\",\"name\":\"\\u0627\\u0644\\u0627\\u0639\\u062f\\u0627\\u062f\\u0627\\u062a\",\"created_at\":\"2019-04-10 14:30:41\",\"updated_at\":\"2019-04-10 14:30:41\",\"deleted_at\":null}]}', '2019-04-25 12:40:54', '2019-04-25 12:40:54', NULL),
(45, 4, '{\"id\":18,\"roleSlug\":\"pages\",\"created_at\":\"2019-04-10 14:30:53\",\"updated_at\":\"2019-04-10 14:30:53\",\"deleted_at\":null,\"name\":\"Pages\",\"translations\":[{\"id\":10,\"permission_id\":\"18\",\"locale\":\"en\",\"name\":\"Pages\",\"created_at\":\"2019-04-10 14:30:53\",\"updated_at\":\"2019-04-10 14:30:53\",\"deleted_at\":null},{\"id\":11,\"permission_id\":\"18\",\"locale\":\"ar\",\"name\":\"\\u0627\\u0644\\u0635\\u0641\\u062d\\u0627\\u062a \\u0627\\u0644\\u062b\\u0627\\u0628\\u062a\\u0629\",\"created_at\":\"2019-04-10 14:30:53\",\"updated_at\":\"2019-04-10 14:30:53\",\"deleted_at\":null}]}', '2019-04-25 12:40:54', '2019-04-25 12:40:54', NULL),
(46, 4, '{\"id\":19,\"roleSlug\":\"users\",\"created_at\":\"2019-04-10 14:31:04\",\"updated_at\":\"2019-04-10 14:31:04\",\"deleted_at\":null,\"name\":\"Users\",\"translations\":[{\"id\":12,\"permission_id\":\"19\",\"locale\":\"en\",\"name\":\"Users\",\"created_at\":\"2019-04-10 14:31:04\",\"updated_at\":\"2019-04-10 14:31:04\",\"deleted_at\":null},{\"id\":13,\"permission_id\":\"19\",\"locale\":\"ar\",\"name\":\"\\u0627\\u0644\\u0645\\u0633\\u062a\\u062e\\u062f\\u0645\\u0648\\u0646\",\"created_at\":\"2019-04-10 14:31:04\",\"updated_at\":\"2019-04-10 14:31:04\",\"deleted_at\":null}]}', '2019-04-25 12:40:54', '2019-04-25 12:40:54', NULL),
(47, 4, '{\"id\":20,\"roleSlug\":\"categories\",\"created_at\":\"2019-04-10 14:32:45\",\"updated_at\":\"2019-04-10 14:32:45\",\"deleted_at\":null,\"name\":\"Categories\",\"translations\":[{\"id\":14,\"permission_id\":\"20\",\"locale\":\"en\",\"name\":\"Categories\",\"created_at\":\"2019-04-10 14:32:45\",\"updated_at\":\"2019-04-10 14:32:45\",\"deleted_at\":null},{\"id\":15,\"permission_id\":\"20\",\"locale\":\"ar\",\"name\":\"\\u0627\\u0644\\u062a\\u0635\\u0646\\u064a\\u0641\\u0627\\u062a \\u0627\\u0644\\u0631\\u0626\\u064a\\u0633\\u064a\\u0629\",\"created_at\":\"2019-04-10 14:32:45\",\"updated_at\":\"2019-04-10 14:32:45\",\"deleted_at\":null}]}', '2019-04-25 12:40:54', '2019-04-25 12:40:54', NULL),
(48, 4, '{\"id\":21,\"roleSlug\":\"cities\",\"created_at\":\"2019-04-10 14:33:05\",\"updated_at\":\"2019-04-10 14:33:05\",\"deleted_at\":null,\"name\":\"Cities\",\"translations\":[{\"id\":16,\"permission_id\":\"21\",\"locale\":\"en\",\"name\":\"Cities\",\"created_at\":\"2019-04-10 14:33:05\",\"updated_at\":\"2019-04-10 14:33:05\",\"deleted_at\":null},{\"id\":17,\"permission_id\":\"21\",\"locale\":\"ar\",\"name\":\"\\u0627\\u0644\\u0645\\u062f\\u0646\",\"created_at\":\"2019-04-10 14:33:05\",\"updated_at\":\"2019-04-10 14:33:05\",\"deleted_at\":null}]}', '2019-04-25 12:40:54', '2019-04-25 12:40:54', NULL),
(49, 4, '{\"id\":22,\"roleSlug\":\"notifications\",\"created_at\":\"2019-04-10 14:33:15\",\"updated_at\":\"2019-04-10 14:33:15\",\"deleted_at\":null,\"name\":\"Notifications\",\"translations\":[{\"id\":18,\"permission_id\":\"22\",\"locale\":\"en\",\"name\":\"Notifications\",\"created_at\":\"2019-04-10 14:33:15\",\"updated_at\":\"2019-04-10 14:33:15\",\"deleted_at\":null},{\"id\":19,\"permission_id\":\"22\",\"locale\":\"ar\",\"name\":\"\\u0627\\u0644\\u0627\\u0634\\u0639\\u0627\\u0631\\u0627\\u062a\",\"created_at\":\"2019-04-10 14:33:15\",\"updated_at\":\"2019-04-10 14:33:15\",\"deleted_at\":null}]}', '2019-04-25 12:40:54', '2019-04-25 12:40:54', NULL),
(50, 4, '{\"id\":23,\"roleSlug\":\"products\",\"created_at\":\"2019-04-10 14:33:31\",\"updated_at\":\"2019-04-10 14:33:31\",\"deleted_at\":null,\"name\":\"Products\",\"translations\":[{\"id\":20,\"permission_id\":\"23\",\"locale\":\"en\",\"name\":\"Products\",\"created_at\":\"2019-04-10 14:33:31\",\"updated_at\":\"2019-04-10 14:33:31\",\"deleted_at\":null},{\"id\":21,\"permission_id\":\"23\",\"locale\":\"ar\",\"name\":\"\\u0627\\u0644\\u0645\\u0646\\u062a\\u062c\\u0627\\u062a\",\"created_at\":\"2019-04-10 14:33:31\",\"updated_at\":\"2019-04-10 14:33:31\",\"deleted_at\":null}]}', '2019-04-25 12:40:54', '2019-04-25 12:40:54', NULL),
(51, 4, '{\"id\":24,\"roleSlug\":\"orders\",\"created_at\":\"2019-04-10 14:33:47\",\"updated_at\":\"2019-04-10 14:33:47\",\"deleted_at\":null,\"name\":\"Orders\",\"translations\":[{\"id\":22,\"permission_id\":\"24\",\"locale\":\"en\",\"name\":\"Orders\",\"created_at\":\"2019-04-10 14:33:47\",\"updated_at\":\"2019-04-10 14:33:47\",\"deleted_at\":null},{\"id\":23,\"permission_id\":\"24\",\"locale\":\"ar\",\"name\":\"\\u0637\\u0644\\u0628\\u0627\\u062a \\u0627\\u0644\\u0634\\u0631\\u0627\\u0621\",\"created_at\":\"2019-04-10 14:33:47\",\"updated_at\":\"2019-04-10 14:33:47\",\"deleted_at\":null}]}', '2019-04-25 12:40:54', '2019-04-25 12:40:54', NULL),
(52, 4, '{\"id\":25,\"roleSlug\":\"permissions\",\"created_at\":\"2019-04-10 14:33:57\",\"updated_at\":\"2019-04-10 14:33:57\",\"deleted_at\":null,\"name\":\"Permissions\",\"translations\":[{\"id\":24,\"permission_id\":\"25\",\"locale\":\"en\",\"name\":\"Permissions\",\"created_at\":\"2019-04-10 14:33:57\",\"updated_at\":\"2019-04-10 14:33:57\",\"deleted_at\":null},{\"id\":25,\"permission_id\":\"25\",\"locale\":\"ar\",\"name\":\"\\u0627\\u0644\\u0635\\u0644\\u0627\\u062d\\u064a\\u0627\\u062a\",\"created_at\":\"2019-04-10 14:33:57\",\"updated_at\":\"2019-04-10 14:33:57\",\"deleted_at\":null}]}', '2019-04-25 12:40:54', '2019-04-25 12:40:54', NULL),
(53, 4, '{\"id\":14,\"roleSlug\":\"admin\",\"created_at\":\"2019-04-10 14:26:00\",\"updated_at\":\"2019-04-10 14:26:00\",\"deleted_at\":null,\"name\":\"Admins\",\"translations\":[{\"id\":2,\"permission_id\":\"14\",\"locale\":\"en\",\"name\":\"Admins\",\"created_at\":\"2019-04-10 14:26:00\",\"updated_at\":\"2019-04-10 14:28:07\",\"deleted_at\":null},{\"id\":3,\"permission_id\":\"14\",\"locale\":\"ar\",\"name\":\"\\u0645\\u062f\\u064a\\u0631\",\"created_at\":\"2019-04-10 14:26:00\",\"updated_at\":\"2019-04-10 14:26:00\",\"deleted_at\":null}]}', '2019-04-25 12:41:03', '2019-04-25 12:41:03', NULL),
(54, 4, '{\"id\":15,\"roleSlug\":\"ads\",\"created_at\":\"2019-04-10 14:26:58\",\"updated_at\":\"2019-04-10 14:26:58\",\"deleted_at\":null,\"name\":\"Ads\",\"translations\":[{\"id\":4,\"permission_id\":\"15\",\"locale\":\"en\",\"name\":\"Ads\",\"created_at\":\"2019-04-10 14:26:58\",\"updated_at\":\"2019-04-10 14:26:58\",\"deleted_at\":null},{\"id\":5,\"permission_id\":\"15\",\"locale\":\"ar\",\"name\":\"\\u0627\\u0639\\u0644\\u0627\\u0646\\u0627\\u062a\",\"created_at\":\"2019-04-10 14:26:58\",\"updated_at\":\"2019-04-10 14:26:58\",\"deleted_at\":null}]}', '2019-04-25 12:41:03', '2019-04-25 12:41:03', NULL),
(55, 4, '{\"id\":16,\"roleSlug\":\"contact-us\",\"created_at\":\"2019-04-10 14:30:25\",\"updated_at\":\"2019-04-10 14:30:25\",\"deleted_at\":null,\"name\":\"Contact_us\",\"translations\":[{\"id\":6,\"permission_id\":\"16\",\"locale\":\"en\",\"name\":\"Contact_us\",\"created_at\":\"2019-04-10 14:30:25\",\"updated_at\":\"2019-04-10 14:30:25\",\"deleted_at\":null},{\"id\":7,\"permission_id\":\"16\",\"locale\":\"ar\",\"name\":\"\\u062a\\u0648\\u0627\\u0635\\u0644 \\u0645\\u0639\\u0646\\u0627\",\"created_at\":\"2019-04-10 14:30:25\",\"updated_at\":\"2019-04-10 14:30:25\",\"deleted_at\":null}]}', '2019-04-25 12:41:03', '2019-04-25 12:41:03', NULL),
(56, 4, '{\"id\":17,\"roleSlug\":\"settings\",\"created_at\":\"2019-04-10 14:30:41\",\"updated_at\":\"2019-04-10 14:30:41\",\"deleted_at\":null,\"name\":\"Settings\",\"translations\":[{\"id\":8,\"permission_id\":\"17\",\"locale\":\"en\",\"name\":\"Settings\",\"created_at\":\"2019-04-10 14:30:41\",\"updated_at\":\"2019-04-10 14:30:41\",\"deleted_at\":null},{\"id\":9,\"permission_id\":\"17\",\"locale\":\"ar\",\"name\":\"\\u0627\\u0644\\u0627\\u0639\\u062f\\u0627\\u062f\\u0627\\u062a\",\"created_at\":\"2019-04-10 14:30:41\",\"updated_at\":\"2019-04-10 14:30:41\",\"deleted_at\":null}]}', '2019-04-25 12:41:03', '2019-04-25 12:41:03', NULL),
(57, 4, '{\"id\":18,\"roleSlug\":\"pages\",\"created_at\":\"2019-04-10 14:30:53\",\"updated_at\":\"2019-04-10 14:30:53\",\"deleted_at\":null,\"name\":\"Pages\",\"translations\":[{\"id\":10,\"permission_id\":\"18\",\"locale\":\"en\",\"name\":\"Pages\",\"created_at\":\"2019-04-10 14:30:53\",\"updated_at\":\"2019-04-10 14:30:53\",\"deleted_at\":null},{\"id\":11,\"permission_id\":\"18\",\"locale\":\"ar\",\"name\":\"\\u0627\\u0644\\u0635\\u0641\\u062d\\u0627\\u062a \\u0627\\u0644\\u062b\\u0627\\u0628\\u062a\\u0629\",\"created_at\":\"2019-04-10 14:30:53\",\"updated_at\":\"2019-04-10 14:30:53\",\"deleted_at\":null}]}', '2019-04-25 12:41:03', '2019-04-25 12:41:03', NULL),
(58, 4, '{\"id\":19,\"roleSlug\":\"users\",\"created_at\":\"2019-04-10 14:31:04\",\"updated_at\":\"2019-04-10 14:31:04\",\"deleted_at\":null,\"name\":\"Users\",\"translations\":[{\"id\":12,\"permission_id\":\"19\",\"locale\":\"en\",\"name\":\"Users\",\"created_at\":\"2019-04-10 14:31:04\",\"updated_at\":\"2019-04-10 14:31:04\",\"deleted_at\":null},{\"id\":13,\"permission_id\":\"19\",\"locale\":\"ar\",\"name\":\"\\u0627\\u0644\\u0645\\u0633\\u062a\\u062e\\u062f\\u0645\\u0648\\u0646\",\"created_at\":\"2019-04-10 14:31:04\",\"updated_at\":\"2019-04-10 14:31:04\",\"deleted_at\":null}]}', '2019-04-25 12:41:03', '2019-04-25 12:41:03', NULL),
(59, 4, '{\"id\":20,\"roleSlug\":\"categories\",\"created_at\":\"2019-04-10 14:32:45\",\"updated_at\":\"2019-04-10 14:32:45\",\"deleted_at\":null,\"name\":\"Categories\",\"translations\":[{\"id\":14,\"permission_id\":\"20\",\"locale\":\"en\",\"name\":\"Categories\",\"created_at\":\"2019-04-10 14:32:45\",\"updated_at\":\"2019-04-10 14:32:45\",\"deleted_at\":null},{\"id\":15,\"permission_id\":\"20\",\"locale\":\"ar\",\"name\":\"\\u0627\\u0644\\u062a\\u0635\\u0646\\u064a\\u0641\\u0627\\u062a \\u0627\\u0644\\u0631\\u0626\\u064a\\u0633\\u064a\\u0629\",\"created_at\":\"2019-04-10 14:32:45\",\"updated_at\":\"2019-04-10 14:32:45\",\"deleted_at\":null}]}', '2019-04-25 12:41:03', '2019-04-25 12:41:03', NULL),
(60, 4, '{\"id\":21,\"roleSlug\":\"cities\",\"created_at\":\"2019-04-10 14:33:05\",\"updated_at\":\"2019-04-10 14:33:05\",\"deleted_at\":null,\"name\":\"Cities\",\"translations\":[{\"id\":16,\"permission_id\":\"21\",\"locale\":\"en\",\"name\":\"Cities\",\"created_at\":\"2019-04-10 14:33:05\",\"updated_at\":\"2019-04-10 14:33:05\",\"deleted_at\":null},{\"id\":17,\"permission_id\":\"21\",\"locale\":\"ar\",\"name\":\"\\u0627\\u0644\\u0645\\u062f\\u0646\",\"created_at\":\"2019-04-10 14:33:05\",\"updated_at\":\"2019-04-10 14:33:05\",\"deleted_at\":null}]}', '2019-04-25 12:41:03', '2019-04-25 12:41:03', NULL),
(61, 4, '{\"id\":22,\"roleSlug\":\"notifications\",\"created_at\":\"2019-04-10 14:33:15\",\"updated_at\":\"2019-04-10 14:33:15\",\"deleted_at\":null,\"name\":\"Notifications\",\"translations\":[{\"id\":18,\"permission_id\":\"22\",\"locale\":\"en\",\"name\":\"Notifications\",\"created_at\":\"2019-04-10 14:33:15\",\"updated_at\":\"2019-04-10 14:33:15\",\"deleted_at\":null},{\"id\":19,\"permission_id\":\"22\",\"locale\":\"ar\",\"name\":\"\\u0627\\u0644\\u0627\\u0634\\u0639\\u0627\\u0631\\u0627\\u062a\",\"created_at\":\"2019-04-10 14:33:15\",\"updated_at\":\"2019-04-10 14:33:15\",\"deleted_at\":null}]}', '2019-04-25 12:41:03', '2019-04-25 12:41:03', NULL),
(62, 4, '{\"id\":23,\"roleSlug\":\"products\",\"created_at\":\"2019-04-10 14:33:31\",\"updated_at\":\"2019-04-10 14:33:31\",\"deleted_at\":null,\"name\":\"Products\",\"translations\":[{\"id\":20,\"permission_id\":\"23\",\"locale\":\"en\",\"name\":\"Products\",\"created_at\":\"2019-04-10 14:33:31\",\"updated_at\":\"2019-04-10 14:33:31\",\"deleted_at\":null},{\"id\":21,\"permission_id\":\"23\",\"locale\":\"ar\",\"name\":\"\\u0627\\u0644\\u0645\\u0646\\u062a\\u062c\\u0627\\u062a\",\"created_at\":\"2019-04-10 14:33:31\",\"updated_at\":\"2019-04-10 14:33:31\",\"deleted_at\":null}]}', '2019-04-25 12:41:03', '2019-04-25 12:41:03', NULL),
(63, 4, '{\"id\":24,\"roleSlug\":\"orders\",\"created_at\":\"2019-04-10 14:33:47\",\"updated_at\":\"2019-04-10 14:33:47\",\"deleted_at\":null,\"name\":\"Orders\",\"translations\":[{\"id\":22,\"permission_id\":\"24\",\"locale\":\"en\",\"name\":\"Orders\",\"created_at\":\"2019-04-10 14:33:47\",\"updated_at\":\"2019-04-10 14:33:47\",\"deleted_at\":null},{\"id\":23,\"permission_id\":\"24\",\"locale\":\"ar\",\"name\":\"\\u0637\\u0644\\u0628\\u0627\\u062a \\u0627\\u0644\\u0634\\u0631\\u0627\\u0621\",\"created_at\":\"2019-04-10 14:33:47\",\"updated_at\":\"2019-04-10 14:33:47\",\"deleted_at\":null}]}', '2019-04-25 12:41:03', '2019-04-25 12:41:03', NULL),
(64, 4, '{\"id\":25,\"roleSlug\":\"permissions\",\"created_at\":\"2019-04-10 14:33:57\",\"updated_at\":\"2019-04-10 14:33:57\",\"deleted_at\":null,\"name\":\"Permissions\",\"translations\":[{\"id\":24,\"permission_id\":\"25\",\"locale\":\"en\",\"name\":\"Permissions\",\"created_at\":\"2019-04-10 14:33:57\",\"updated_at\":\"2019-04-10 14:33:57\",\"deleted_at\":null},{\"id\":25,\"permission_id\":\"25\",\"locale\":\"ar\",\"name\":\"\\u0627\\u0644\\u0635\\u0644\\u0627\\u062d\\u064a\\u0627\\u062a\",\"created_at\":\"2019-04-10 14:33:57\",\"updated_at\":\"2019-04-10 14:33:57\",\"deleted_at\":null}]}', '2019-04-25 12:41:03', '2019-04-25 12:41:03', NULL),
(65, 4, 'ads', '2019-04-25 12:49:46', '2019-04-25 12:49:46', NULL),
(66, 4, 'admin,contact-us,settings,pages,users,notifications,orders,permissions,employees,promotions,cars', '2019-09-04 12:29:51', '2019-09-04 12:29:51', NULL),
(67, 4, 'admin,settings', '2019-09-04 12:31:07', '2019-09-04 12:31:07', NULL),
(68, 4, 'admin,contact-us,settings,pages,users,notifications,orders,permissions,employees,promotions,cars', '2019-09-04 12:34:18', '2019-09-04 12:34:18', NULL),
(69, 5, 'admin,contact-us,settings,pages,users,notifications,orders,permissions,employees,promotions,cars', '2019-09-04 12:36:28', '2019-09-05 10:10:24', '2019-09-05 10:10:24'),
(70, 5, 'admin,contact-us,settings,pages,users,notifications,orders,permissions,employees,promotions,cars', '2019-09-05 10:10:24', '2019-09-26 11:33:52', '2019-09-26 11:33:52'),
(71, 5, 'admin,contact-us,settings,pages,users,notifications,orders,permissions,employees,promotions,cars', '2019-09-26 11:33:52', '2019-09-26 12:59:26', '2019-09-26 12:59:26'),
(72, 5, 'admin,contact-us,settings,pages,users,notifications,orders,permissions,employees,promotions,cars', '2019-09-26 12:59:26', '2019-09-30 03:23:34', '2019-09-30 03:23:34'),
(73, 5, 'admin,contact-us,settings,pages,users,notifications,orders,permissions,employees,promotions,cars,countries', '2019-09-30 03:23:34', '2019-09-30 03:39:18', '2019-09-30 03:39:18'),
(74, 5, 'admin,contact-us,settings,pages,users,notifications,orders,permissions,employees,cars,countries', '2019-09-30 03:39:18', '2019-09-30 05:41:18', '2019-09-30 05:41:18'),
(75, 5, 'admin,contact-us,settings,pages,users,notifications,orders,permissions,employees,cars', '2019-09-30 05:41:18', '2019-09-30 05:42:09', '2019-09-30 05:42:09'),
(76, 5, 'admin,contact-us,settings,pages,users,notifications,orders,permissions,employees,cars,countries', '2019-09-30 05:42:09', '2019-09-30 08:56:10', '2019-09-30 08:56:10'),
(77, 5, 'admin,contact-us,settings,pages,users,notifications,orders,permissions,employees,cars,countries,categories', '2019-09-30 08:56:10', '2019-09-30 08:56:10', '2019-09-30 08:56:10'),
(78, 5, 'admin,contact-us,settings,pages,users,notifications,orders,permissions,employees,cars,countries,categories', '2019-09-30 08:56:10', '2019-10-17 09:47:13', '2019-10-17 09:47:13'),
(79, 5, 'admin,contact-us,settings,pages,users,notifications,orders,permissions,employees,cars,countries,categories,cities,personal-cards,files-attachments', '2019-10-17 09:47:14', '2019-10-17 09:48:53', '2019-10-17 09:48:53'),
(80, 5, 'admin,contact-us,settings,pages,users,notifications,orders,permissions,employees,cars,countries,categories,cities,personal-cards,files-attachments', '2019-10-17 09:48:53', '2019-10-17 09:54:36', '2019-10-17 09:54:36'),
(81, 5, 'admin,contact-us,settings,pages,users,notifications,orders,permissions,employees,cars,categories,personal-cards,files-attachments', '2019-10-17 09:54:36', '2019-10-17 09:59:54', '2019-10-17 09:59:54'),
(82, 5, 'admin,contact-us,settings,pages,users,notifications,orders,permissions,employees,cars,countries,categories,cities,personal-cards,files-attachments', '2019-10-17 09:59:54', '2019-11-03 07:37:14', '2019-11-03 07:37:14'),
(83, 5, 'admin,contact-us,settings,pages,users,notifications,orders,permissions,employees,cars,countries,categories,cities,personal-cards,files-attachments,office-employees', '2019-11-03 07:37:16', '2019-11-03 07:54:07', '2019-11-03 07:54:07'),
(84, 5, 'admin,contact-us,settings,pages,users,notifications,orders,permissions,employees,cars,countries,categories,cities,personal-cards,files-attachments,office-employees', '2019-11-03 07:54:07', '2019-11-03 08:00:48', '2019-11-03 08:00:48'),
(85, 5, 'admin,contact-us,settings,pages,users,notifications,orders,permissions,employees,cars,countries,categories,cities,personal-cards,files-attachments,office-employees', '2019-11-03 08:00:50', '2019-11-03 11:13:23', '2019-11-03 11:13:23'),
(86, 5, 'admin,contact-us,settings,pages,users,notifications,orders,permissions,employees,cars,countries,categories,cities,personal-cards,files-attachments,project-status', '2019-11-03 11:13:23', '2019-11-03 11:44:34', '2019-11-03 11:44:34'),
(87, 5, 'admin,contact-us,settings,pages,users,notifications,orders,permissions,employees,cars,countries,categories,cities,personal-cards,files-attachments,project-status,lawsuits', '2019-11-03 11:44:34', '2019-11-03 12:01:50', '2019-11-03 12:01:50'),
(88, 5, 'admin,contact-us,settings,pages,users,notifications,orders,permissions,employees,cars,countries,categories,cities,personal-cards,files-attachments,project-status,lawsuits,consultations', '2019-11-03 12:01:50', '2019-11-03 12:01:50', NULL);

-- --------------------------------------------------------

--
-- بنية الجدول `workgroups`
--

CREATE TABLE `workgroups` (
  `id` int(11) NOT NULL,
  `office_id` int(11) NOT NULL,
  `status` enum('active','not_active') NOT NULL DEFAULT 'active',
  `created_at` timestamp NOT NULL DEFAULT CURRENT_TIMESTAMP,
  `updated_at` timestamp NULL DEFAULT NULL,
  `deleted_at` timestamp NULL DEFAULT NULL
) ENGINE=InnoDB DEFAULT CHARSET=latin1;

--
-- إرجاع أو استيراد بيانات الجدول `workgroups`
--

INSERT INTO `workgroups` (`id`, `office_id`, `status`, `created_at`, `updated_at`, `deleted_at`) VALUES
(1, 176, 'active', '2019-12-25 13:18:10', NULL, NULL),
(2, 176, 'active', '2019-12-25 13:18:14', NULL, NULL);

-- --------------------------------------------------------

--
-- بنية الجدول `workgroups_users`
--

CREATE TABLE `workgroups_users` (
  `id` int(11) NOT NULL,
  `workgroup_id` int(11) NOT NULL,
  `user_id` int(11) NOT NULL,
  `created_at` timestamp NOT NULL DEFAULT CURRENT_TIMESTAMP,
  `updated_at` timestamp NULL DEFAULT NULL,
  `deleted_at` timestamp NULL DEFAULT NULL
) ENGINE=InnoDB DEFAULT CHARSET=latin1;

-- --------------------------------------------------------

--
-- بنية الجدول `workgroup_translations`
--

CREATE TABLE `workgroup_translations` (
  `id` int(30) NOT NULL,
  `workgroup_id` int(30) NOT NULL,
  `locale` varchar(30) NOT NULL,
  `name` varchar(300) CHARACTER SET utf8mb4 NOT NULL,
  `created_at` timestamp NOT NULL DEFAULT CURRENT_TIMESTAMP,
  `updated_at` timestamp NULL DEFAULT NULL,
  `deleted_at` timestamp NULL DEFAULT NULL
) ENGINE=InnoDB DEFAULT CHARSET=latin1;

--
-- إرجاع أو استيراد بيانات الجدول `workgroup_translations`
--

INSERT INTO `workgroup_translations` (`id`, `workgroup_id`, `locale`, `name`, `created_at`, `updated_at`, `deleted_at`) VALUES
(1, 1, 'en', 'Lawyers', '2019-12-25 13:18:50', NULL, NULL),
(2, 1, 'ar', 'المحاميين', '2019-12-25 13:18:50', NULL, NULL),
(3, 2, 'en', 'Consultants', '2019-12-25 13:19:24', NULL, NULL),
(4, 2, 'ar', 'الإستشاريين', '2019-12-25 13:19:24', NULL, NULL);

-- --------------------------------------------------------

--
-- بنية الجدول `zones`
--

CREATE TABLE `zones` (
  `id` int(11) NOT NULL,
  `name` varchar(300) NOT NULL,
  `status` enum('active','not_active') NOT NULL DEFAULT 'active',
  `created_at` timestamp NOT NULL DEFAULT CURRENT_TIMESTAMP,
  `updated_at` timestamp NULL DEFAULT NULL,
  `deleted_at` timestamp NULL DEFAULT NULL
) ENGINE=InnoDB DEFAULT CHARSET=latin1;

--
-- إرجاع أو استيراد بيانات الجدول `zones`
--

INSERT INTO `zones` (`id`, `name`, `status`, `created_at`, `updated_at`, `deleted_at`) VALUES
(1, '(GMT-10:00) America/Adak', 'active', '2020-02-23 01:34:39', NULL, NULL),
(2, '(GMT+02:00) Asia/Hebron', 'active', '2020-02-23 01:34:39', NULL, NULL),
(3, '(GMT+01:00) Madrid', 'active', '2020-02-23 01:35:04', NULL, NULL),
(4, '(GMT+00:00) Dublin', 'active', '2020-02-23 01:35:04', NULL, NULL),
(5, '235235', 'active', '2020-03-25 18:52:59', '2020-03-25 18:53:16', '2020-03-25 18:53:16'),
(6, '345345', 'active', '2020-03-25 18:53:03', '2020-03-25 18:53:22', '2020-03-25 18:53:22'),
(7, '22222222', 'not_active', '2020-03-25 18:53:07', '2020-03-25 18:55:19', '2020-03-25 18:55:19');

--
-- Indexes for dumped tables
--

--
-- Indexes for table `activities`
--
ALTER TABLE `activities`
  ADD PRIMARY KEY (`id`);

--
-- Indexes for table `activities_projects`
--
ALTER TABLE `activities_projects`
  ADD PRIMARY KEY (`id`);

--
-- Indexes for table `activity_translations`
--
ALTER TABLE `activity_translations`
  ADD PRIMARY KEY (`id`);

--
-- Indexes for table `admins`
--
ALTER TABLE `admins`
  ADD PRIMARY KEY (`id`),
  ADD UNIQUE KEY `users_email_unique` (`email`);

--
-- Indexes for table `areas`
--
ALTER TABLE `areas`
  ADD PRIMARY KEY (`id`);

--
-- Indexes for table `areas_points`
--
ALTER TABLE `areas_points`
  ADD PRIMARY KEY (`id`);

--
-- Indexes for table `areas_users`
--
ALTER TABLE `areas_users`
  ADD PRIMARY KEY (`id`);

--
-- Indexes for table `area_requests`
--
ALTER TABLE `area_requests`
  ADD PRIMARY KEY (`id`);

--
-- Indexes for table `aspect_expenses`
--
ALTER TABLE `aspect_expenses`
  ADD PRIMARY KEY (`id`);

--
-- Indexes for table `aspect_expense_translations`
--
ALTER TABLE `aspect_expense_translations`
  ADD PRIMARY KEY (`id`);

--
-- Indexes for table `attachments`
--
ALTER TABLE `attachments`
  ADD PRIMARY KEY (`id`);

--
-- Indexes for table `attachtypes`
--
ALTER TABLE `attachtypes`
  ADD PRIMARY KEY (`id`);

--
-- Indexes for table `attachtype_translations`
--
ALTER TABLE `attachtype_translations`
  ADD PRIMARY KEY (`id`);

--
-- Indexes for table `banks`
--
ALTER TABLE `banks`
  ADD PRIMARY KEY (`id`);

--
-- Indexes for table `bills`
--
ALTER TABLE `bills`
  ADD PRIMARY KEY (`id`);

--
-- Indexes for table `cards`
--
ALTER TABLE `cards`
  ADD PRIMARY KEY (`id`);

--
-- Indexes for table `card_translations`
--
ALTER TABLE `card_translations`
  ADD PRIMARY KEY (`id`);

--
-- Indexes for table `categories`
--
ALTER TABLE `categories`
  ADD PRIMARY KEY (`id`);

--
-- Indexes for table `category_translations`
--
ALTER TABLE `category_translations`
  ADD PRIMARY KEY (`id`);

--
-- Indexes for table `cities`
--
ALTER TABLE `cities`
  ADD PRIMARY KEY (`id`);

--
-- Indexes for table `city_translations`
--
ALTER TABLE `city_translations`
  ADD PRIMARY KEY (`id`);

--
-- Indexes for table `clients`
--
ALTER TABLE `clients`
  ADD PRIMARY KEY (`id`);

--
-- Indexes for table `clients_descriptions`
--
ALTER TABLE `clients_descriptions`
  ADD PRIMARY KEY (`id`);

--
-- Indexes for table `client_description_translations`
--
ALTER TABLE `client_description_translations`
  ADD PRIMARY KEY (`id`);

--
-- Indexes for table `consultations`
--
ALTER TABLE `consultations`
  ADD PRIMARY KEY (`id`);

--
-- Indexes for table `consultation_translations`
--
ALTER TABLE `consultation_translations`
  ADD PRIMARY KEY (`id`);

--
-- Indexes for table `contacts`
--
ALTER TABLE `contacts`
  ADD PRIMARY KEY (`id`);

--
-- Indexes for table `contenders`
--
ALTER TABLE `contenders`
  ADD PRIMARY KEY (`id`);

--
-- Indexes for table `contender_translations`
--
ALTER TABLE `contender_translations`
  ADD PRIMARY KEY (`id`);

--
-- Indexes for table `countries`
--
ALTER TABLE `countries`
  ADD PRIMARY KEY (`id`);

--
-- Indexes for table `country_translations`
--
ALTER TABLE `country_translations`
  ADD PRIMARY KEY (`id`);

--
-- Indexes for table `departments`
--
ALTER TABLE `departments`
  ADD PRIMARY KEY (`id`);

--
-- Indexes for table `department_translations`
--
ALTER TABLE `department_translations`
  ADD PRIMARY KEY (`id`);

--
-- Indexes for table `discounts_types`
--
ALTER TABLE `discounts_types`
  ADD PRIMARY KEY (`id`);

--
-- Indexes for table `discount_type_translations`
--
ALTER TABLE `discount_type_translations`
  ADD PRIMARY KEY (`id`);

--
-- Indexes for table `documents`
--
ALTER TABLE `documents`
  ADD PRIMARY KEY (`id`);

--
-- Indexes for table `employee_locations`
--
ALTER TABLE `employee_locations`
  ADD PRIMARY KEY (`id`);

--
-- Indexes for table `events`
--
ALTER TABLE `events`
  ADD PRIMARY KEY (`id`);

--
-- Indexes for table `expenses`
--
ALTER TABLE `expenses`
  ADD PRIMARY KEY (`id`);

--
-- Indexes for table `fields`
--
ALTER TABLE `fields`
  ADD PRIMARY KEY (`id`);

--
-- Indexes for table `flats_fees`
--
ALTER TABLE `flats_fees`
  ADD PRIMARY KEY (`id`);

--
-- Indexes for table `helps`
--
ALTER TABLE `helps`
  ADD PRIMARY KEY (`id`);

--
-- Indexes for table `help_translations`
--
ALTER TABLE `help_translations`
  ADD PRIMARY KEY (`id`);

--
-- Indexes for table `invoices`
--
ALTER TABLE `invoices`
  ADD PRIMARY KEY (`id`);

--
-- Indexes for table `invoices_expenses`
--
ALTER TABLE `invoices_expenses`
  ADD PRIMARY KEY (`id`);

--
-- Indexes for table `invoices_flats_fees`
--
ALTER TABLE `invoices_flats_fees`
  ADD PRIMARY KEY (`id`);

--
-- Indexes for table `invoices_hours`
--
ALTER TABLE `invoices_hours`
  ADD PRIMARY KEY (`id`);

--
-- Indexes for table `invoices_invoices_outputs`
--
ALTER TABLE `invoices_invoices_outputs`
  ADD PRIMARY KEY (`id`);

--
-- Indexes for table `invoices_outputs`
--
ALTER TABLE `invoices_outputs`
  ADD PRIMARY KEY (`id`);

--
-- Indexes for table `invoice_output_translations`
--
ALTER TABLE `invoice_output_translations`
  ADD PRIMARY KEY (`id`);

--
-- Indexes for table `languages`
--
ALTER TABLE `languages`
  ADD PRIMARY KEY (`id`);

--
-- Indexes for table `language_translations`
--
ALTER TABLE `language_translations`
  ADD PRIMARY KEY (`id`);

--
-- Indexes for table `lawsuits`
--
ALTER TABLE `lawsuits`
  ADD PRIMARY KEY (`id`);

--
-- Indexes for table `lawsuit_translations`
--
ALTER TABLE `lawsuit_translations`
  ADD PRIMARY KEY (`id`);

--
-- Indexes for table `migrations`
--
ALTER TABLE `migrations`
  ADD PRIMARY KEY (`id`);

--
-- Indexes for table `notes`
--
ALTER TABLE `notes`
  ADD PRIMARY KEY (`id`);

--
-- Indexes for table `notifications`
--
ALTER TABLE `notifications`
  ADD PRIMARY KEY (`id`);

--
-- Indexes for table `notify`
--
ALTER TABLE `notify`
  ADD PRIMARY KEY (`id`);

--
-- Indexes for table `oauth_access_tokens`
--
ALTER TABLE `oauth_access_tokens`
  ADD PRIMARY KEY (`id`),
  ADD KEY `oauth_access_tokens_user_id_index` (`user_id`);

--
-- Indexes for table `oauth_auth_codes`
--
ALTER TABLE `oauth_auth_codes`
  ADD PRIMARY KEY (`id`);

--
-- Indexes for table `oauth_clients`
--
ALTER TABLE `oauth_clients`
  ADD PRIMARY KEY (`id`),
  ADD KEY `oauth_clients_user_id_index` (`user_id`);

--
-- Indexes for table `oauth_personal_access_clients`
--
ALTER TABLE `oauth_personal_access_clients`
  ADD PRIMARY KEY (`id`),
  ADD KEY `oauth_personal_access_clients_client_id_index` (`client_id`);

--
-- Indexes for table `oauth_refresh_tokens`
--
ALTER TABLE `oauth_refresh_tokens`
  ADD PRIMARY KEY (`id`),
  ADD KEY `oauth_refresh_tokens_access_token_id_index` (`access_token_id`);

--
-- Indexes for table `offices_aspect_expenses`
--
ALTER TABLE `offices_aspect_expenses`
  ADD PRIMARY KEY (`id`);

--
-- Indexes for table `offices_consultations`
--
ALTER TABLE `offices_consultations`
  ADD PRIMARY KEY (`id`);

--
-- Indexes for table `offices_contenders`
--
ALTER TABLE `offices_contenders`
  ADD PRIMARY KEY (`id`);

--
-- Indexes for table `offices_countries`
--
ALTER TABLE `offices_countries`
  ADD PRIMARY KEY (`id`);

--
-- Indexes for table `offices_discounts_types`
--
ALTER TABLE `offices_discounts_types`
  ADD PRIMARY KEY (`id`);

--
-- Indexes for table `offices_invoices_outputs`
--
ALTER TABLE `offices_invoices_outputs`
  ADD PRIMARY KEY (`id`);

--
-- Indexes for table `offices_lawsuits`
--
ALTER TABLE `offices_lawsuits`
  ADD PRIMARY KEY (`id`);

--
-- Indexes for table `offices_payments_methods`
--
ALTER TABLE `offices_payments_methods`
  ADD PRIMARY KEY (`id`);

--
-- Indexes for table `offices_settings`
--
ALTER TABLE `offices_settings`
  ADD PRIMARY KEY (`id`);

--
-- Indexes for table `offices_tasks_status`
--
ALTER TABLE `offices_tasks_status`
  ADD PRIMARY KEY (`id`);

--
-- Indexes for table `offices_tasks_types`
--
ALTER TABLE `offices_tasks_types`
  ADD PRIMARY KEY (`id`);

--
-- Indexes for table `pages`
--
ALTER TABLE `pages`
  ADD PRIMARY KEY (`id`);

--
-- Indexes for table `page_translations`
--
ALTER TABLE `page_translations`
  ADD PRIMARY KEY (`id`);

--
-- Indexes for table `payments_methods`
--
ALTER TABLE `payments_methods`
  ADD PRIMARY KEY (`id`);

--
-- Indexes for table `payment_method_translations`
--
ALTER TABLE `payment_method_translations`
  ADD PRIMARY KEY (`id`);

--
-- Indexes for table `permissions`
--
ALTER TABLE `permissions`
  ADD PRIMARY KEY (`id`);

--
-- Indexes for table `permission_translations`
--
ALTER TABLE `permission_translations`
  ADD PRIMARY KEY (`id`);

--
-- Indexes for table `projects`
--
ALTER TABLE `projects`
  ADD PRIMARY KEY (`id`);

--
-- Indexes for table `projectstatuses`
--
ALTER TABLE `projectstatuses`
  ADD PRIMARY KEY (`id`);

--
-- Indexes for table `projectstatus_translations`
--
ALTER TABLE `projectstatus_translations`
  ADD PRIMARY KEY (`id`);

--
-- Indexes for table `projects_fields`
--
ALTER TABLE `projects_fields`
  ADD PRIMARY KEY (`id`);

--
-- Indexes for table `projects_hours`
--
ALTER TABLE `projects_hours`
  ADD PRIMARY KEY (`id`);

--
-- Indexes for table `project_employees`
--
ALTER TABLE `project_employees`
  ADD PRIMARY KEY (`id`);

--
-- Indexes for table `questions`
--
ALTER TABLE `questions`
  ADD PRIMARY KEY (`id`);

--
-- Indexes for table `reminds_times`
--
ALTER TABLE `reminds_times`
  ADD PRIMARY KEY (`id`);

--
-- Indexes for table `remind_time_translations`
--
ALTER TABLE `remind_time_translations`
  ADD PRIMARY KEY (`id`);

--
-- Indexes for table `reports`
--
ALTER TABLE `reports`
  ADD PRIMARY KEY (`id`);

--
-- Indexes for table `reports_expenses`
--
ALTER TABLE `reports_expenses`
  ADD PRIMARY KEY (`id`);

--
-- Indexes for table `reports_hours`
--
ALTER TABLE `reports_hours`
  ADD PRIMARY KEY (`id`);

--
-- Indexes for table `reports_outputs`
--
ALTER TABLE `reports_outputs`
  ADD PRIMARY KEY (`id`);

--
-- Indexes for table `reports_reports_outputs`
--
ALTER TABLE `reports_reports_outputs`
  ADD PRIMARY KEY (`id`);

--
-- Indexes for table `reports_tasks`
--
ALTER TABLE `reports_tasks`
  ADD PRIMARY KEY (`id`);

--
-- Indexes for table `report_output_translations`
--
ALTER TABLE `report_output_translations`
  ADD PRIMARY KEY (`id`);

--
-- Indexes for table `representatives`
--
ALTER TABLE `representatives`
  ADD PRIMARY KEY (`id`);

--
-- Indexes for table `roles`
--
ALTER TABLE `roles`
  ADD PRIMARY KEY (`id`);

--
-- Indexes for table `roles_groups`
--
ALTER TABLE `roles_groups`
  ADD PRIMARY KEY (`id`);

--
-- Indexes for table `roles_groups_departments`
--
ALTER TABLE `roles_groups_departments`
  ADD PRIMARY KEY (`id`);

--
-- Indexes for table `role_translations`
--
ALTER TABLE `role_translations`
  ADD PRIMARY KEY (`id`);

--
-- Indexes for table `settings`
--
ALTER TABLE `settings`
  ADD PRIMARY KEY (`id`);

--
-- Indexes for table `setting_translations`
--
ALTER TABLE `setting_translations`
  ADD PRIMARY KEY (`id`);

--
-- Indexes for table `subadmins`
--
ALTER TABLE `subadmins`
  ADD PRIMARY KEY (`id`),
  ADD UNIQUE KEY `users_email_unique` (`email`);

--
-- Indexes for table `tasks`
--
ALTER TABLE `tasks`
  ADD PRIMARY KEY (`id`);

--
-- Indexes for table `tasks_categories`
--
ALTER TABLE `tasks_categories`
  ADD PRIMARY KEY (`id`);

--
-- Indexes for table `tasks_status`
--
ALTER TABLE `tasks_status`
  ADD PRIMARY KEY (`id`);

--
-- Indexes for table `tasks_types`
--
ALTER TABLE `tasks_types`
  ADD PRIMARY KEY (`id`);

--
-- Indexes for table `task_category_translations`
--
ALTER TABLE `task_category_translations`
  ADD PRIMARY KEY (`id`);

--
-- Indexes for table `task_employees`
--
ALTER TABLE `task_employees`
  ADD PRIMARY KEY (`id`);

--
-- Indexes for table `task_status_translations`
--
ALTER TABLE `task_status_translations`
  ADD PRIMARY KEY (`id`);

--
-- Indexes for table `task_type_translations`
--
ALTER TABLE `task_type_translations`
  ADD PRIMARY KEY (`id`);

--
-- Indexes for table `tokens`
--
ALTER TABLE `tokens`
  ADD PRIMARY KEY (`id`);

--
-- Indexes for table `users`
--
ALTER TABLE `users`
  ADD PRIMARY KEY (`id`),
  ADD UNIQUE KEY `users_email_unique` (`email`);

--
-- Indexes for table `user_permissions`
--
ALTER TABLE `user_permissions`
  ADD PRIMARY KEY (`id`);

--
-- Indexes for table `workgroups`
--
ALTER TABLE `workgroups`
  ADD PRIMARY KEY (`id`);

--
-- Indexes for table `workgroups_users`
--
ALTER TABLE `workgroups_users`
  ADD PRIMARY KEY (`id`);

--
-- Indexes for table `workgroup_translations`
--
ALTER TABLE `workgroup_translations`
  ADD PRIMARY KEY (`id`);

--
-- Indexes for table `zones`
--
ALTER TABLE `zones`
  ADD PRIMARY KEY (`id`);

--
-- AUTO_INCREMENT for dumped tables
--

--
-- AUTO_INCREMENT for table `activities`
--
ALTER TABLE `activities`
  MODIFY `id` int(11) NOT NULL AUTO_INCREMENT, AUTO_INCREMENT=10;

--
-- AUTO_INCREMENT for table `activities_projects`
--
ALTER TABLE `activities_projects`
  MODIFY `id` int(11) NOT NULL AUTO_INCREMENT, AUTO_INCREMENT=152;

--
-- AUTO_INCREMENT for table `activity_translations`
--
ALTER TABLE `activity_translations`
  MODIFY `id` int(30) NOT NULL AUTO_INCREMENT, AUTO_INCREMENT=23;

--
-- AUTO_INCREMENT for table `admins`
--
ALTER TABLE `admins`
  MODIFY `id` int(10) UNSIGNED NOT NULL AUTO_INCREMENT, AUTO_INCREMENT=6;

--
-- AUTO_INCREMENT for table `areas`
--
ALTER TABLE `areas`
  MODIFY `id` int(11) NOT NULL AUTO_INCREMENT, AUTO_INCREMENT=16;

--
-- AUTO_INCREMENT for table `areas_points`
--
ALTER TABLE `areas_points`
  MODIFY `id` int(30) NOT NULL AUTO_INCREMENT, AUTO_INCREMENT=222;

--
-- AUTO_INCREMENT for table `areas_users`
--
ALTER TABLE `areas_users`
  MODIFY `id` int(30) NOT NULL AUTO_INCREMENT, AUTO_INCREMENT=33;

--
-- AUTO_INCREMENT for table `area_requests`
--
ALTER TABLE `area_requests`
  MODIFY `id` int(11) NOT NULL AUTO_INCREMENT, AUTO_INCREMENT=14;

--
-- AUTO_INCREMENT for table `aspect_expenses`
--
ALTER TABLE `aspect_expenses`
  MODIFY `id` int(11) NOT NULL AUTO_INCREMENT, AUTO_INCREMENT=9;

--
-- AUTO_INCREMENT for table `aspect_expense_translations`
--
ALTER TABLE `aspect_expense_translations`
  MODIFY `id` int(30) NOT NULL AUTO_INCREMENT, AUTO_INCREMENT=21;

--
-- AUTO_INCREMENT for table `attachments`
--
ALTER TABLE `attachments`
  MODIFY `id` int(30) NOT NULL AUTO_INCREMENT, AUTO_INCREMENT=35;

--
-- AUTO_INCREMENT for table `attachtypes`
--
ALTER TABLE `attachtypes`
  MODIFY `id` int(30) NOT NULL AUTO_INCREMENT, AUTO_INCREMENT=9;

--
-- AUTO_INCREMENT for table `attachtype_translations`
--
ALTER TABLE `attachtype_translations`
  MODIFY `id` int(30) NOT NULL AUTO_INCREMENT, AUTO_INCREMENT=17;

--
-- AUTO_INCREMENT for table `banks`
--
ALTER TABLE `banks`
  MODIFY `id` int(11) NOT NULL AUTO_INCREMENT, AUTO_INCREMENT=19;

--
-- AUTO_INCREMENT for table `bills`
--
ALTER TABLE `bills`
  MODIFY `id` int(11) NOT NULL AUTO_INCREMENT, AUTO_INCREMENT=8;

--
-- AUTO_INCREMENT for table `cards`
--
ALTER TABLE `cards`
  MODIFY `id` int(30) NOT NULL AUTO_INCREMENT, AUTO_INCREMENT=12;

--
-- AUTO_INCREMENT for table `card_translations`
--
ALTER TABLE `card_translations`
  MODIFY `id` int(30) NOT NULL AUTO_INCREMENT, AUTO_INCREMENT=21;

--
-- AUTO_INCREMENT for table `categories`
--
ALTER TABLE `categories`
  MODIFY `id` int(11) NOT NULL AUTO_INCREMENT, AUTO_INCREMENT=8;

--
-- AUTO_INCREMENT for table `category_translations`
--
ALTER TABLE `category_translations`
  MODIFY `id` int(11) NOT NULL AUTO_INCREMENT, AUTO_INCREMENT=15;

--
-- AUTO_INCREMENT for table `cities`
--
ALTER TABLE `cities`
  MODIFY `id` int(30) NOT NULL AUTO_INCREMENT, AUTO_INCREMENT=21;

--
-- AUTO_INCREMENT for table `city_translations`
--
ALTER TABLE `city_translations`
  MODIFY `id` int(30) NOT NULL AUTO_INCREMENT, AUTO_INCREMENT=41;

--
-- AUTO_INCREMENT for table `clients`
--
ALTER TABLE `clients`
  MODIFY `id` int(30) NOT NULL AUTO_INCREMENT, AUTO_INCREMENT=48;

--
-- AUTO_INCREMENT for table `clients_descriptions`
--
ALTER TABLE `clients_descriptions`
  MODIFY `id` int(11) NOT NULL AUTO_INCREMENT, AUTO_INCREMENT=8;

--
-- AUTO_INCREMENT for table `client_description_translations`
--
ALTER TABLE `client_description_translations`
  MODIFY `id` int(30) NOT NULL AUTO_INCREMENT, AUTO_INCREMENT=19;

--
-- AUTO_INCREMENT for table `consultations`
--
ALTER TABLE `consultations`
  MODIFY `id` int(30) NOT NULL AUTO_INCREMENT, AUTO_INCREMENT=20;

--
-- AUTO_INCREMENT for table `consultation_translations`
--
ALTER TABLE `consultation_translations`
  MODIFY `id` int(11) NOT NULL AUTO_INCREMENT, AUTO_INCREMENT=17;

--
-- AUTO_INCREMENT for table `contacts`
--
ALTER TABLE `contacts`
  MODIFY `id` int(11) NOT NULL AUTO_INCREMENT, AUTO_INCREMENT=39;

--
-- AUTO_INCREMENT for table `contenders`
--
ALTER TABLE `contenders`
  MODIFY `id` int(11) NOT NULL AUTO_INCREMENT, AUTO_INCREMENT=11;

--
-- AUTO_INCREMENT for table `contender_translations`
--
ALTER TABLE `contender_translations`
  MODIFY `id` int(11) NOT NULL AUTO_INCREMENT, AUTO_INCREMENT=21;

--
-- AUTO_INCREMENT for table `countries`
--
ALTER TABLE `countries`
  MODIFY `id` int(11) NOT NULL AUTO_INCREMENT, AUTO_INCREMENT=13;

--
-- AUTO_INCREMENT for table `country_translations`
--
ALTER TABLE `country_translations`
  MODIFY `id` int(11) NOT NULL AUTO_INCREMENT, AUTO_INCREMENT=25;

--
-- AUTO_INCREMENT for table `departments`
--
ALTER TABLE `departments`
  MODIFY `id` int(11) NOT NULL AUTO_INCREMENT, AUTO_INCREMENT=10;

--
-- AUTO_INCREMENT for table `department_translations`
--
ALTER TABLE `department_translations`
  MODIFY `id` int(11) NOT NULL AUTO_INCREMENT, AUTO_INCREMENT=19;

--
-- AUTO_INCREMENT for table `discounts_types`
--
ALTER TABLE `discounts_types`
  MODIFY `id` int(11) NOT NULL AUTO_INCREMENT, AUTO_INCREMENT=5;

--
-- AUTO_INCREMENT for table `discount_type_translations`
--
ALTER TABLE `discount_type_translations`
  MODIFY `id` int(30) NOT NULL AUTO_INCREMENT, AUTO_INCREMENT=13;

--
-- AUTO_INCREMENT for table `documents`
--
ALTER TABLE `documents`
  MODIFY `id` int(11) NOT NULL AUTO_INCREMENT, AUTO_INCREMENT=24;

--
-- AUTO_INCREMENT for table `employee_locations`
--
ALTER TABLE `employee_locations`
  MODIFY `id` int(11) NOT NULL AUTO_INCREMENT, AUTO_INCREMENT=630;

--
-- AUTO_INCREMENT for table `events`
--
ALTER TABLE `events`
  MODIFY `id` int(11) NOT NULL AUTO_INCREMENT;

--
-- AUTO_INCREMENT for table `expenses`
--
ALTER TABLE `expenses`
  MODIFY `id` int(11) NOT NULL AUTO_INCREMENT, AUTO_INCREMENT=43;

--
-- AUTO_INCREMENT for table `fields`
--
ALTER TABLE `fields`
  MODIFY `id` int(11) NOT NULL AUTO_INCREMENT, AUTO_INCREMENT=50;

--
-- AUTO_INCREMENT for table `flats_fees`
--
ALTER TABLE `flats_fees`
  MODIFY `id` int(11) NOT NULL AUTO_INCREMENT, AUTO_INCREMENT=12;

--
-- AUTO_INCREMENT for table `helps`
--
ALTER TABLE `helps`
  MODIFY `id` int(11) NOT NULL AUTO_INCREMENT, AUTO_INCREMENT=12;

--
-- AUTO_INCREMENT for table `help_translations`
--
ALTER TABLE `help_translations`
  MODIFY `id` int(11) NOT NULL AUTO_INCREMENT, AUTO_INCREMENT=23;

--
-- AUTO_INCREMENT for table `invoices`
--
ALTER TABLE `invoices`
  MODIFY `id` int(11) NOT NULL AUTO_INCREMENT, AUTO_INCREMENT=16;

--
-- AUTO_INCREMENT for table `invoices_expenses`
--
ALTER TABLE `invoices_expenses`
  MODIFY `id` int(11) NOT NULL AUTO_INCREMENT, AUTO_INCREMENT=6;

--
-- AUTO_INCREMENT for table `invoices_flats_fees`
--
ALTER TABLE `invoices_flats_fees`
  MODIFY `id` int(11) NOT NULL AUTO_INCREMENT, AUTO_INCREMENT=3;

--
-- AUTO_INCREMENT for table `invoices_hours`
--
ALTER TABLE `invoices_hours`
  MODIFY `id` int(11) NOT NULL AUTO_INCREMENT, AUTO_INCREMENT=5;

--
-- AUTO_INCREMENT for table `invoices_invoices_outputs`
--
ALTER TABLE `invoices_invoices_outputs`
  MODIFY `id` int(11) NOT NULL AUTO_INCREMENT, AUTO_INCREMENT=4;

--
-- AUTO_INCREMENT for table `invoices_outputs`
--
ALTER TABLE `invoices_outputs`
  MODIFY `id` int(11) NOT NULL AUTO_INCREMENT, AUTO_INCREMENT=6;

--
-- AUTO_INCREMENT for table `invoice_output_translations`
--
ALTER TABLE `invoice_output_translations`
  MODIFY `id` int(30) NOT NULL AUTO_INCREMENT, AUTO_INCREMENT=15;

--
-- AUTO_INCREMENT for table `languages`
--
ALTER TABLE `languages`
  MODIFY `id` int(11) NOT NULL AUTO_INCREMENT, AUTO_INCREMENT=3;

--
-- AUTO_INCREMENT for table `language_translations`
--
ALTER TABLE `language_translations`
  MODIFY `id` int(11) NOT NULL AUTO_INCREMENT, AUTO_INCREMENT=5;

--
-- AUTO_INCREMENT for table `lawsuits`
--
ALTER TABLE `lawsuits`
  MODIFY `id` int(30) NOT NULL AUTO_INCREMENT, AUTO_INCREMENT=18;

--
-- AUTO_INCREMENT for table `lawsuit_translations`
--
ALTER TABLE `lawsuit_translations`
  MODIFY `id` int(30) NOT NULL AUTO_INCREMENT, AUTO_INCREMENT=35;

--
-- AUTO_INCREMENT for table `migrations`
--
ALTER TABLE `migrations`
  MODIFY `id` int(10) UNSIGNED NOT NULL AUTO_INCREMENT, AUTO_INCREMENT=6;

--
-- AUTO_INCREMENT for table `notes`
--
ALTER TABLE `notes`
  MODIFY `id` int(11) NOT NULL AUTO_INCREMENT, AUTO_INCREMENT=47;

--
-- AUTO_INCREMENT for table `notifications`
--
ALTER TABLE `notifications`
  MODIFY `id` int(11) NOT NULL AUTO_INCREMENT, AUTO_INCREMENT=41;

--
-- AUTO_INCREMENT for table `notify`
--
ALTER TABLE `notify`
  MODIFY `id` int(11) NOT NULL AUTO_INCREMENT, AUTO_INCREMENT=26;

--
-- AUTO_INCREMENT for table `oauth_clients`
--
ALTER TABLE `oauth_clients`
  MODIFY `id` int(10) UNSIGNED NOT NULL AUTO_INCREMENT, AUTO_INCREMENT=3;

--
-- AUTO_INCREMENT for table `oauth_personal_access_clients`
--
ALTER TABLE `oauth_personal_access_clients`
  MODIFY `id` int(10) UNSIGNED NOT NULL AUTO_INCREMENT, AUTO_INCREMENT=2;

--
-- AUTO_INCREMENT for table `offices_aspect_expenses`
--
ALTER TABLE `offices_aspect_expenses`
  MODIFY `id` int(11) NOT NULL AUTO_INCREMENT, AUTO_INCREMENT=46;

--
-- AUTO_INCREMENT for table `offices_consultations`
--
ALTER TABLE `offices_consultations`
  MODIFY `id` int(11) NOT NULL AUTO_INCREMENT, AUTO_INCREMENT=53;

--
-- AUTO_INCREMENT for table `offices_contenders`
--
ALTER TABLE `offices_contenders`
  MODIFY `id` int(11) NOT NULL AUTO_INCREMENT, AUTO_INCREMENT=54;

--
-- AUTO_INCREMENT for table `offices_countries`
--
ALTER TABLE `offices_countries`
  MODIFY `id` int(11) NOT NULL AUTO_INCREMENT, AUTO_INCREMENT=2;

--
-- AUTO_INCREMENT for table `offices_discounts_types`
--
ALTER TABLE `offices_discounts_types`
  MODIFY `id` int(11) NOT NULL AUTO_INCREMENT, AUTO_INCREMENT=47;

--
-- AUTO_INCREMENT for table `offices_invoices_outputs`
--
ALTER TABLE `offices_invoices_outputs`
  MODIFY `id` int(11) NOT NULL AUTO_INCREMENT, AUTO_INCREMENT=11;

--
-- AUTO_INCREMENT for table `offices_lawsuits`
--
ALTER TABLE `offices_lawsuits`
  MODIFY `id` int(11) NOT NULL AUTO_INCREMENT, AUTO_INCREMENT=59;

--
-- AUTO_INCREMENT for table `offices_payments_methods`
--
ALTER TABLE `offices_payments_methods`
  MODIFY `id` int(11) NOT NULL AUTO_INCREMENT, AUTO_INCREMENT=51;

--
-- AUTO_INCREMENT for table `offices_settings`
--
ALTER TABLE `offices_settings`
  MODIFY `id` int(11) NOT NULL AUTO_INCREMENT, AUTO_INCREMENT=4;

--
-- AUTO_INCREMENT for table `offices_tasks_status`
--
ALTER TABLE `offices_tasks_status`
  MODIFY `id` int(11) NOT NULL AUTO_INCREMENT, AUTO_INCREMENT=17;

--
-- AUTO_INCREMENT for table `offices_tasks_types`
--
ALTER TABLE `offices_tasks_types`
  MODIFY `id` int(11) NOT NULL AUTO_INCREMENT, AUTO_INCREMENT=19;

--
-- AUTO_INCREMENT for table `pages`
--
ALTER TABLE `pages`
  MODIFY `id` int(11) NOT NULL AUTO_INCREMENT, AUTO_INCREMENT=5;

--
-- AUTO_INCREMENT for table `page_translations`
--
ALTER TABLE `page_translations`
  MODIFY `id` int(11) NOT NULL AUTO_INCREMENT, AUTO_INCREMENT=7;

--
-- AUTO_INCREMENT for table `payments_methods`
--
ALTER TABLE `payments_methods`
  MODIFY `id` int(11) NOT NULL AUTO_INCREMENT, AUTO_INCREMENT=5;

--
-- AUTO_INCREMENT for table `payment_method_translations`
--
ALTER TABLE `payment_method_translations`
  MODIFY `id` int(30) NOT NULL AUTO_INCREMENT, AUTO_INCREMENT=13;

--
-- AUTO_INCREMENT for table `permissions`
--
ALTER TABLE `permissions`
  MODIFY `id` int(11) NOT NULL AUTO_INCREMENT, AUTO_INCREMENT=45;

--
-- AUTO_INCREMENT for table `permission_translations`
--
ALTER TABLE `permission_translations`
  MODIFY `id` int(11) NOT NULL AUTO_INCREMENT, AUTO_INCREMENT=64;

--
-- AUTO_INCREMENT for table `projects`
--
ALTER TABLE `projects`
  MODIFY `id` int(30) NOT NULL AUTO_INCREMENT, AUTO_INCREMENT=23;

--
-- AUTO_INCREMENT for table `projectstatuses`
--
ALTER TABLE `projectstatuses`
  MODIFY `id` int(30) NOT NULL AUTO_INCREMENT, AUTO_INCREMENT=9;

--
-- AUTO_INCREMENT for table `projectstatus_translations`
--
ALTER TABLE `projectstatus_translations`
  MODIFY `id` int(30) NOT NULL AUTO_INCREMENT, AUTO_INCREMENT=17;

--
-- AUTO_INCREMENT for table `projects_fields`
--
ALTER TABLE `projects_fields`
  MODIFY `id` int(11) NOT NULL AUTO_INCREMENT, AUTO_INCREMENT=46;

--
-- AUTO_INCREMENT for table `projects_hours`
--
ALTER TABLE `projects_hours`
  MODIFY `id` int(11) NOT NULL AUTO_INCREMENT, AUTO_INCREMENT=50;

--
-- AUTO_INCREMENT for table `project_employees`
--
ALTER TABLE `project_employees`
  MODIFY `id` int(11) NOT NULL AUTO_INCREMENT, AUTO_INCREMENT=10;

--
-- AUTO_INCREMENT for table `questions`
--
ALTER TABLE `questions`
  MODIFY `id` int(30) NOT NULL AUTO_INCREMENT;

--
-- AUTO_INCREMENT for table `reminds_times`
--
ALTER TABLE `reminds_times`
  MODIFY `id` int(30) NOT NULL AUTO_INCREMENT, AUTO_INCREMENT=9;

--
-- AUTO_INCREMENT for table `remind_time_translations`
--
ALTER TABLE `remind_time_translations`
  MODIFY `id` int(30) NOT NULL AUTO_INCREMENT, AUTO_INCREMENT=17;

--
-- AUTO_INCREMENT for table `reports`
--
ALTER TABLE `reports`
  MODIFY `id` int(11) NOT NULL AUTO_INCREMENT, AUTO_INCREMENT=7;

--
-- AUTO_INCREMENT for table `reports_expenses`
--
ALTER TABLE `reports_expenses`
  MODIFY `id` int(11) NOT NULL AUTO_INCREMENT, AUTO_INCREMENT=3;

--
-- AUTO_INCREMENT for table `reports_hours`
--
ALTER TABLE `reports_hours`
  MODIFY `id` int(11) NOT NULL AUTO_INCREMENT, AUTO_INCREMENT=3;

--
-- AUTO_INCREMENT for table `reports_outputs`
--
ALTER TABLE `reports_outputs`
  MODIFY `id` int(11) NOT NULL AUTO_INCREMENT, AUTO_INCREMENT=7;

--
-- AUTO_INCREMENT for table `reports_reports_outputs`
--
ALTER TABLE `reports_reports_outputs`
  MODIFY `id` int(11) NOT NULL AUTO_INCREMENT, AUTO_INCREMENT=71;

--
-- AUTO_INCREMENT for table `reports_tasks`
--
ALTER TABLE `reports_tasks`
  MODIFY `id` int(11) NOT NULL AUTO_INCREMENT, AUTO_INCREMENT=3;

--
-- AUTO_INCREMENT for table `report_output_translations`
--
ALTER TABLE `report_output_translations`
  MODIFY `id` int(30) NOT NULL AUTO_INCREMENT, AUTO_INCREMENT=17;

--
-- AUTO_INCREMENT for table `representatives`
--
ALTER TABLE `representatives`
  MODIFY `id` int(30) NOT NULL AUTO_INCREMENT, AUTO_INCREMENT=30;

--
-- AUTO_INCREMENT for table `roles`
--
ALTER TABLE `roles`
  MODIFY `id` int(30) NOT NULL AUTO_INCREMENT, AUTO_INCREMENT=3;

--
-- AUTO_INCREMENT for table `roles_groups`
--
ALTER TABLE `roles_groups`
  MODIFY `id` int(11) NOT NULL AUTO_INCREMENT, AUTO_INCREMENT=8;

--
-- AUTO_INCREMENT for table `roles_groups_departments`
--
ALTER TABLE `roles_groups_departments`
  MODIFY `id` int(11) NOT NULL AUTO_INCREMENT, AUTO_INCREMENT=14;

--
-- AUTO_INCREMENT for table `role_translations`
--
ALTER TABLE `role_translations`
  MODIFY `id` int(30) NOT NULL AUTO_INCREMENT, AUTO_INCREMENT=5;

--
-- AUTO_INCREMENT for table `settings`
--
ALTER TABLE `settings`
  MODIFY `id` int(10) UNSIGNED NOT NULL AUTO_INCREMENT, AUTO_INCREMENT=2;

--
-- AUTO_INCREMENT for table `setting_translations`
--
ALTER TABLE `setting_translations`
  MODIFY `id` int(10) UNSIGNED NOT NULL AUTO_INCREMENT, AUTO_INCREMENT=3;

--
-- AUTO_INCREMENT for table `subadmins`
--
ALTER TABLE `subadmins`
  MODIFY `id` int(10) UNSIGNED NOT NULL AUTO_INCREMENT, AUTO_INCREMENT=18;

--
-- AUTO_INCREMENT for table `tasks`
--
ALTER TABLE `tasks`
  MODIFY `id` int(11) NOT NULL AUTO_INCREMENT, AUTO_INCREMENT=49;

--
-- AUTO_INCREMENT for table `tasks_categories`
--
ALTER TABLE `tasks_categories`
  MODIFY `id` int(11) NOT NULL AUTO_INCREMENT, AUTO_INCREMENT=5;

--
-- AUTO_INCREMENT for table `tasks_status`
--
ALTER TABLE `tasks_status`
  MODIFY `id` int(30) NOT NULL AUTO_INCREMENT, AUTO_INCREMENT=11;

--
-- AUTO_INCREMENT for table `tasks_types`
--
ALTER TABLE `tasks_types`
  MODIFY `id` int(11) NOT NULL AUTO_INCREMENT, AUTO_INCREMENT=15;

--
-- AUTO_INCREMENT for table `task_category_translations`
--
ALTER TABLE `task_category_translations`
  MODIFY `id` int(30) NOT NULL AUTO_INCREMENT, AUTO_INCREMENT=9;

--
-- AUTO_INCREMENT for table `task_employees`
--
ALTER TABLE `task_employees`
  MODIFY `id` int(11) NOT NULL AUTO_INCREMENT, AUTO_INCREMENT=175;

--
-- AUTO_INCREMENT for table `task_status_translations`
--
ALTER TABLE `task_status_translations`
  MODIFY `id` int(30) NOT NULL AUTO_INCREMENT, AUTO_INCREMENT=23;

--
-- AUTO_INCREMENT for table `task_type_translations`
--
ALTER TABLE `task_type_translations`
  MODIFY `id` int(30) NOT NULL AUTO_INCREMENT, AUTO_INCREMENT=29;

--
-- AUTO_INCREMENT for table `tokens`
--
ALTER TABLE `tokens`
  MODIFY `id` int(11) NOT NULL AUTO_INCREMENT, AUTO_INCREMENT=111;

--
-- AUTO_INCREMENT for table `users`
--
ALTER TABLE `users`
  MODIFY `id` int(10) UNSIGNED NOT NULL AUTO_INCREMENT, AUTO_INCREMENT=206;

--
-- AUTO_INCREMENT for table `user_permissions`
--
ALTER TABLE `user_permissions`
  MODIFY `id` int(11) NOT NULL AUTO_INCREMENT, AUTO_INCREMENT=89;

--
-- AUTO_INCREMENT for table `workgroups`
--
ALTER TABLE `workgroups`
  MODIFY `id` int(11) NOT NULL AUTO_INCREMENT, AUTO_INCREMENT=3;

--
-- AUTO_INCREMENT for table `workgroups_users`
--
ALTER TABLE `workgroups_users`
  MODIFY `id` int(11) NOT NULL AUTO_INCREMENT;

--
-- AUTO_INCREMENT for table `workgroup_translations`
--
ALTER TABLE `workgroup_translations`
  MODIFY `id` int(30) NOT NULL AUTO_INCREMENT, AUTO_INCREMENT=5;

--
-- AUTO_INCREMENT for table `zones`
--
ALTER TABLE `zones`
  MODIFY `id` int(11) NOT NULL AUTO_INCREMENT, AUTO_INCREMENT=8;
COMMIT;

/*!40101 SET CHARACTER_SET_CLIENT=@OLD_CHARACTER_SET_CLIENT */;
/*!40101 SET CHARACTER_SET_RESULTS=@OLD_CHARACTER_SET_RESULTS */;
/*!40101 SET COLLATION_CONNECTION=@OLD_COLLATION_CONNECTION */;
